CAEMP25S Total Full-Time and Part-Time Employment by SIC Industry 1/,,,,,,,,,,,,,,
(Number of jobs) ,,,,,,,,,,,,,,
Bureau of Economic Analysis ,,,,,,,,,,,,,,
Micropolitan Statistical Area,,,,,,,,,,,,,,
GeoFips,GeoName,LineCode,Description,1990,1991,1992,1993,1994,1995,1996,1997,1998,1999,2000
10100,"Aberdeen, SD (Micropolitan Statistical Area)",,Employment by place of work,,,,,,,,,,,
10100,"Aberdeen, SD (Micropolitan Statistical Area)",10,Total employment (number of jobs),24837,25227,25405,26125,27251,27963,28212,28169,28122,28082,28639
10100,"Aberdeen, SD (Micropolitan Statistical Area)",920,        Military,332,315,318,310,292,287,281,285,285,284,277
10140,"Aberdeen, WA (Micropolitan Statistical Area)",,Employment by place of work,,,,,,,,,,,
10140,"Aberdeen, WA (Micropolitan Statistical Area)",10,Total employment (number of jobs),30353,30040,30713,30095,30403,31012,31006,31066,31180,31549,32398
10140,"Aberdeen, WA (Micropolitan Statistical Area)",920,        Military,382,370,367,357,339,322,313,297,286,287,287
10220,"Ada, OK (Micropolitan Statistical Area)",,Employment by place of work,,,,,,,,,,,
10220,"Ada, OK (Micropolitan Statistical Area)",10,Total employment (number of jobs),17485,17760,17629,18215,18528,19055,19442,20402,19996,20386,20889
10220,"Ada, OK (Micropolitan Statistical Area)",920,        Military,214,207,205,197,184,185,178,173,171,170,173
10300,"Adrian, MI (Micropolitan Statistical Area)",,Employment by place of work,,,,,,,,,,,
10300,"Adrian, MI (Micropolitan Statistical Area)",10,Total employment (number of jobs),39178,38822,39556,40045,42271,43890,44341,45213,45416,46273,45713
10300,"Adrian, MI (Micropolitan Statistical Area)",920,        Military,296,290,281,266,237,228,218,208,193,193,193
10460,"Alamogordo, NM (Micropolitan Statistical Area)",,Employment by place of work,,,,,,,,,,,
10460,"Alamogordo, NM (Micropolitan Statistical Area)",10,Total employment (number of jobs),25181,25315,25604,25892,26665,27670,27246,26855,26666,27329,27207
10460,"Alamogordo, NM (Micropolitan Statistical Area)",920,        Military,5917,5863,5514,5499,5509,5485,5167,4826,4550,4296,4064
10620,"Albemarle, NC (Micropolitan Statistical Area)",,Employment by place of work,,,,,,,,,,,
10620,"Albemarle, NC (Micropolitan Statistical Area)",10,Total employment (number of jobs),26871,26221,26469,26497,26178,26890,27057,27893,28007,28305,27959
10620,"Albemarle, NC (Micropolitan Statistical Area)",920,        Military,196,196,202,198,203,181,180,175,172,168,159
10660,"Albert Lea, MN (Micropolitan Statistical Area)",,Employment by place of work,,,,,,,,,,,
10660,"Albert Lea, MN (Micropolitan Statistical Area)",10,Total employment (number of jobs),16650,17139,17439,17589,16934,17177,17570,17835,18334,18996,19172
10660,"Albert Lea, MN (Micropolitan Statistical Area)",920,        Military,185,180,174,163,149,142,134,132,130,127,123
10700,"Albertville, AL (Micropolitan Statistical Area)",,Employment by place of work,,,,,,,,,,,
10700,"Albertville, AL (Micropolitan Statistical Area)",10,Total employment (number of jobs),40301,40306,41796,44308,44910,47126,47699,47913,47214,45425,44572
10700,"Albertville, AL (Micropolitan Statistical Area)",920,        Military,614,610,629,603,562,561,537,528,499,488,487
10760,"Alexander City, AL (Micropolitan Statistical Area)",,Employment by place of work,,,,,,,,,,,
10760,"Alexander City, AL (Micropolitan Statistical Area)",10,Total employment (number of jobs),23765,23860,24730,24801,24716,25567,25431,25351,24685,24000,23168
10760,"Alexander City, AL (Micropolitan Statistical Area)",920,        Military,433,430,434,410,378,371,353,347,328,320,317
10820,"Alexandria, MN (Micropolitan Statistical Area)",,Employment by place of work,,,,,,,,,,,
10820,"Alexandria, MN (Micropolitan Statistical Area)",10,Total employment (number of jobs),16198,16498,16827,17283,18608,19227,20031,20544,21796,22200,23010
10820,"Alexandria, MN (Micropolitan Statistical Area)",920,        Military,160,160,156,148,137,134,129,128,128,127,124
10860,"Alice, TX (Micropolitan Statistical Area)",,Employment by place of work,,,,,,,,,,,
10860,"Alice, TX (Micropolitan Statistical Area)",10,Total employment (number of jobs),20773,20659,20248,21212,21026,21306,21509,22739,23185,22794,23719
10860,"Alice, TX (Micropolitan Statistical Area)",920,        Military,216,214,210,202,195,196,188,184,171,173,178
10940,"Alma, MI (Micropolitan Statistical Area)",,Employment by place of work,,,,,,,,,,,
10940,"Alma, MI (Micropolitan Statistical Area)",10,Total employment (number of jobs),17228,17285,17408,17264,18182,18463,19053,19268,19741,19930,20127
10940,"Alma, MI (Micropolitan Statistical Area)",920,        Military,126,123,119,112,100,96,91,86,80,79,83
10980,"Alpena, MI (Micropolitan Statistical Area)",,Employment by place of work,,,,,,,,,,,
10980,"Alpena, MI (Micropolitan Statistical Area)",10,Total employment (number of jobs),15218,15374,15396,15468,16175,16380,17095,17459,17913,17822,18028
10980,"Alpena, MI (Micropolitan Statistical Area)",920,        Military,101,98,95,90,79,76,72,69,63,62,63
11060,"Altus, OK (Micropolitan Statistical Area)",,Employment by place of work,,,,,,,,,,,
11060,"Altus, OK (Micropolitan Statistical Area)",10,Total employment (number of jobs),13964,13815,13614,14429,14805,15466,15831,15949,16133,16092,16103
11060,"Altus, OK (Micropolitan Statistical Area)",920,        Military,3477,3393,3101,3225,3270,3447,3248,2301,2191,2154,2021
11140,"Americus, GA (Micropolitan Statistical Area)",,Employment by place of work,,,,,,,,,,,
11140,"Americus, GA (Micropolitan Statistical Area)",10,Total employment (number of jobs),16805,16475,16616,17500,18106,19994,19954,19564,19452,19652,19355
11140,"Americus, GA (Micropolitan Statistical Area)",920,        Military,150,148,160,157,147,145,141,138,137,135,123
11220,"Amsterdam, NY (Micropolitan Statistical Area)",,Employment by place of work,,,,,,,,,,,
11220,"Amsterdam, NY (Micropolitan Statistical Area)",10,Total employment (number of jobs),23456,23258,22985,23398,24334,24323,23837,23644,23733,23444,23346
11220,"Amsterdam, NY (Micropolitan Statistical Area)",920,        Military,162,155,150,141,126,118,111,105,99,96,93
11380,"Andrews, TX (Micropolitan Statistical Area)",,Employment by place of work,,,,,,,,,,,
11380,"Andrews, TX (Micropolitan Statistical Area)",10,Total employment (number of jobs),7068,6987,6588,6353,6261,6004,6126,6260,6138,5763,5951
11380,"Andrews, TX (Micropolitan Statistical Area)",920,        Military,52,51,50,45,42,41,39,37,35,34,33
11420,"Angola, IN (Micropolitan Statistical Area)",,Employment by place of work,,,,,,,,,,,
11420,"Angola, IN (Micropolitan Statistical Area)",10,Total employment (number of jobs),17613,17542,18322,18780,20112,21208,21016,22009,22117,21944,22061
11420,"Angola, IN (Micropolitan Statistical Area)",920,        Military,140,139,138,135,127,123,117,114,112,112,117
11580,"Arcadia, FL (Micropolitan Statistical Area)",,Employment by place of work,,,,,,,,,,,
11580,"Arcadia, FL (Micropolitan Statistical Area)",10,Total employment (number of jobs),10894,11478,11458,11836,12237,13040,13449,13915,13529,13320,13032
11580,"Arcadia, FL (Micropolitan Statistical Area)",920,        Military,70,72,71,69,67,67,67,67,66,66,68
11620,"Ardmore, OK (Micropolitan Statistical Area)",,Employment by place of work,,,,,,,,,,,
11620,"Ardmore, OK (Micropolitan Statistical Area)",10,Total employment (number of jobs),26801,27159,27186,28558,28822,29733,30143,30546,30682,30784,31257
11620,"Ardmore, OK (Micropolitan Statistical Area)",920,        Military,308,302,303,290,274,275,266,267,265,266,270
11660,"Arkadelphia, AR (Micropolitan Statistical Area)",,Employment by place of work,,,,,,,,,,,
11660,"Arkadelphia, AR (Micropolitan Statistical Area)",10,Total employment (number of jobs),10142,10737,11113,11726,12069,12488,12600,12805,12850,13091,13421
11660,"Arkadelphia, AR (Micropolitan Statistical Area)",920,        Military,164,157,151,150,144,141,136,135,128,126,122
11740,"Ashland, OH (Micropolitan Statistical Area)",,Employment by place of work,,,,,,,,,,,
11740,"Ashland, OH (Micropolitan Statistical Area)",10,Total employment (number of jobs),23049,23593,23947,23718,24809,25402,25124,25792,26668,27112,27529
11740,"Ashland, OH (Micropolitan Statistical Area)",920,        Military,172,172,170,158,148,143,137,136,133,132,136
11780,"Ashtabula, OH (Micropolitan Statistical Area)",,Employment by place of work,,,,,,,,,,,
11780,"Ashtabula, OH (Micropolitan Statistical Area)",10,Total employment (number of jobs),40180,40191,40586,41991,43689,44713,45744,46149,47910,48726,49092
11780,"Ashtabula, OH (Micropolitan Statistical Area)",920,        Military,381,377,369,339,314,306,287,283,273,269,276
11820,"Astoria, OR (Micropolitan Statistical Area)",,Employment by place of work,,,,,,,,,,,
11820,"Astoria, OR (Micropolitan Statistical Area)",10,Total employment (number of jobs),19048,18769,19091,19231,19884,20493,20873,21502,21806,21823,22095
11820,"Astoria, OR (Micropolitan Statistical Area)",920,        Military,487,478,490,522,542,528,500,479,479,466,473
11860,"Atchison, KS (Micropolitan Statistical Area)",,Employment by place of work,,,,,,,,,,,
11860,"Atchison, KS (Micropolitan Statistical Area)",10,Total employment (number of jobs),8503,8608,8670,8798,8899,9006,8811,9024,10131,10448,10393
11860,"Atchison, KS (Micropolitan Statistical Area)",920,        Military,117,118,109,107,103,91,85,83,81,80,80
11900,"Athens, OH (Micropolitan Statistical Area)",,Employment by place of work,,,,,,,,,,,
11900,"Athens, OH (Micropolitan Statistical Area)",10,Total employment (number of jobs),24368,24315,24606,25142,25718,26253,26629,26866,27342,27531,27817
11900,"Athens, OH (Micropolitan Statistical Area)",920,        Military,236,234,230,211,195,189,181,177,173,173,179
11940,"Athens, TN (Micropolitan Statistical Area)",,Employment by place of work,,,,,,,,,,,
11940,"Athens, TN (Micropolitan Statistical Area)",10,Total employment (number of jobs),22299,21907,22024,22920,23614,23677,23563,23980,25204,25463,25398
11940,"Athens, TN (Micropolitan Statistical Area)",920,        Military,255,253,241,227,212,202,200,197,186,181,196
11980,"Athens, TX (Micropolitan Statistical Area)",,Employment by place of work,,,,,,,,,,,
11980,"Athens, TX (Micropolitan Statistical Area)",10,Total employment (number of jobs),18532,18367,19034,20337,21318,22279,23599,24790,26361,27890,28557
11980,"Athens, TX (Micropolitan Statistical Area)",920,        Military,213,209,210,199,190,194,188,188,183,184,188
12120,"Atmore, AL (Micropolitan Statistical Area)",,Employment by place of work,,,,,,,,,,,
12120,"Atmore, AL (Micropolitan Statistical Area)",10,Total employment (number of jobs),15843,16101,16200,17082,16987,17383,17602,18085,18076,18119,18882
12120,"Atmore, AL (Micropolitan Statistical Area)",920,        Military,317,313,321,305,281,275,261,259,242,233,229
12140,"Auburn, IN (Micropolitan Statistical Area)",,Employment by place of work,,,,,,,,,,,
12140,"Auburn, IN (Micropolitan Statistical Area)",10,Total employment (number of jobs),20284,20391,20811,21417,22045,23824,24398,25627,27268,28280,28298
12140,"Auburn, IN (Micropolitan Statistical Area)",920,        Military,181,180,177,172,161,152,143,140,136,137,142
12180,"Auburn, NY (Micropolitan Statistical Area)",,Employment by place of work,,,,,,,,,,,
12180,"Auburn, NY (Micropolitan Statistical Area)",10,Total employment (number of jobs),32312,31705,31762,32306,32998,32958,32707,32781,33716,34371,35377
12180,"Auburn, NY (Micropolitan Statistical Area)",920,        Military,258,249,241,226,201,190,181,176,163,159,155
12300,"Augusta-Waterville, ME (Micropolitan Statistical Area)",,Employment by place of work,,,,,,,,,,,
12300,"Augusta-Waterville, ME (Micropolitan Statistical Area)",10,Total employment (number of jobs),72420,69198,69067,69549,70339,69987,70973,71144,72060,72555,74506
12300,"Augusta-Waterville, ME (Micropolitan Statistical Area)",920,        Military,715,693,683,662,556,540,613,614,588,568,570
12380,"Austin, MN (Micropolitan Statistical Area)",,Employment by place of work,,,,,,,,,,,
12380,"Austin, MN (Micropolitan Statistical Area)",10,Total employment (number of jobs),18200,18888,19271,19299,19541,19853,20121,20608,20276,20598,21322
12380,"Austin, MN (Micropolitan Statistical Area)",920,        Military,209,206,199,187,171,165,156,154,152,150,146
12460,"Bainbridge, GA (Micropolitan Statistical Area)",,Employment by place of work,,,,,,,,,,,
12460,"Bainbridge, GA (Micropolitan Statistical Area)",10,Total employment (number of jobs),13022,12789,12467,12778,13352,14357,14606,15081,15474,15067,14927
12460,"Bainbridge, GA (Micropolitan Statistical Area)",920,        Military,113,112,120,117,110,109,105,104,104,103,93
12660,"Baraboo, WI (Micropolitan Statistical Area)",,Employment by place of work,,,,,,,,,,,
12660,"Baraboo, WI (Micropolitan Statistical Area)",10,Total employment (number of jobs),30863,31125,32157,33953,36326,37960,39071,39970,40010,41451,43219
12660,"Baraboo, WI (Micropolitan Statistical Area)",920,        Military,230,224,228,224,208,200,189,193,187,190,185
12680,"Bardstown, KY (Micropolitan Statistical Area)",,Employment by place of work,,,,,,,,,,,
12680,"Bardstown, KY (Micropolitan Statistical Area)",10,Total employment (number of jobs),14048,14146,14371,14628,15153,16425,16885,17642,17590,17672,18322
12680,"Bardstown, KY (Micropolitan Statistical Area)",920,        Military,132,130,135,135,128,125,124,124,122,122,126
12740,"Barre, VT (Micropolitan Statistical Area)",,Employment by place of work,,,,,,,,,,,
12740,"Barre, VT (Micropolitan Statistical Area)",10,Total employment (number of jobs),37137,36554,36817,37635,39088,39386,39579,40171,40858,41672,42818
12740,"Barre, VT (Micropolitan Statistical Area)",920,        Military,524,529,531,524,509,505,497,474,458,471,468
12780,"Bartlesville, OK (Micropolitan Statistical Area)",,Employment by place of work,,,,,,,,,,,
12780,"Bartlesville, OK (Micropolitan Statistical Area)",10,Total employment (number of jobs),26698,26581,24978,24364,24247,24150,23957,24436,23856,23662,24109
12780,"Bartlesville, OK (Micropolitan Statistical Area)",920,        Military,294,289,287,269,251,250,242,241,239,239,241
12860,"Batavia, NY (Micropolitan Statistical Area)",,Employment by place of work,,,,,,,,,,,
12860,"Batavia, NY (Micropolitan Statistical Area)",10,Total employment (number of jobs),29038,28195,28389,28892,29065,28976,29132,28920,29268,29584,30299
12860,"Batavia, NY (Micropolitan Statistical Area)",920,        Military,189,183,178,168,150,140,133,127,121,116,114
12900,"Batesville, AR (Micropolitan Statistical Area)",,Employment by place of work,,,,,,,,,,,
12900,"Batesville, AR (Micropolitan Statistical Area)",10,Total employment (number of jobs),23022,23600,24167,25174,25519,26437,26976,27784,28279,28443,28394
12900,"Batesville, AR (Micropolitan Statistical Area)",920,        Military,328,324,321,316,304,298,289,284,274,271,267
13060,"Bay City, TX (Micropolitan Statistical Area)",,Employment by place of work,,,,,,,,,,,
13060,"Bay City, TX (Micropolitan Statistical Area)",10,Total employment (number of jobs),16677,16993,16511,16768,16760,16846,16572,17038,17475,17304,16826
13060,"Bay City, TX (Micropolitan Statistical Area)",920,        Military,134,133,132,124,117,114,108,104,99,97,97
13100,"Beatrice, NE (Micropolitan Statistical Area)",,Employment by place of work,,,,,,,,,,,
13100,"Beatrice, NE (Micropolitan Statistical Area)",10,Total employment (number of jobs),12635,12829,12628,13023,13226,13323,13640,13884,14500,14467,14633
13100,"Beatrice, NE (Micropolitan Statistical Area)",920,        Military,142,133,129,120,113,107,100,100,99,93,96
13180,"Beaver Dam, WI (Micropolitan Statistical Area)",,Employment by place of work,,,,,,,,,,,
13180,"Beaver Dam, WI (Micropolitan Statistical Area)",10,Total employment (number of jobs),35297,35642,36884,38283,40313,41339,42062,43467,46147,47273,48104
13180,"Beaver Dam, WI (Micropolitan Statistical Area)",920,        Military,373,363,366,357,328,311,296,303,294,297,288
13260,"Bedford, IN (Micropolitan Statistical Area)",,Employment by place of work,,,,,,,,,,,
13260,"Bedford, IN (Micropolitan Statistical Area)",10,Total employment (number of jobs),18706,18641,19090,19878,20871,22226,22079,22526,22140,21891,22063
13260,"Bedford, IN (Micropolitan Statistical Area)",920,        Military,219,215,210,204,191,180,168,163,158,157,161
13300,"Beeville, TX (Micropolitan Statistical Area)",,Employment by place of work,,,,,,,,,,,
13300,"Beeville, TX (Micropolitan Statistical Area)",10,Total employment (number of jobs),10879,10872,10454,10442,11274,11942,12130,12296,12345,12088,12005
13300,"Beeville, TX (Micropolitan Statistical Area)",920,        Military,898,834,559,133,88,91,87,86,83,82,82
13340,"Bellefontaine, OH (Micropolitan Statistical Area)",,Employment by place of work,,,,,,,,,,,
13340,"Bellefontaine, OH (Micropolitan Statistical Area)",10,Total employment (number of jobs),19451,19980,20254,20464,22193,23023,24839,25565,24955,26695,26532
13340,"Bellefontaine, OH (Micropolitan Statistical Area)",920,        Military,172,174,165,145,134,129,125,125,121,119,121
13420,"Bemidji, MN (Micropolitan Statistical Area)",,Employment by place of work,,,,,,,,,,,
13420,"Bemidji, MN (Micropolitan Statistical Area)",10,Total employment (number of jobs),17341,18025,18412,18809,19535,20440,20825,21872,22889,23246,24183
13420,"Bemidji, MN (Micropolitan Statistical Area)",920,        Military,200,196,190,179,169,166,158,158,155,154,151
13500,"Bennettsville, SC (Micropolitan Statistical Area)",,Employment by place of work,,,,,,,,,,,
13500,"Bennettsville, SC (Micropolitan Statistical Area)",10,Total employment (number of jobs),11379,10689,10499,10199,9751,9928,9741,10035,9866,10000,9947
13500,"Bennettsville, SC (Micropolitan Statistical Area)",920,        Military,214,211,210,203,193,182,176,168,163,151,145
13540,"Bennington, VT (Micropolitan Statistical Area)",,Employment by place of work,,,,,,,,,,,
13540,"Bennington, VT (Micropolitan Statistical Area)",10,Total employment (number of jobs),21358,20957,21606,22114,22910,23322,23627,23678,24441,25549,26257
13540,"Bennington, VT (Micropolitan Statistical Area)",920,        Military,312,317,322,316,306,306,297,282,271,276,273
13620,"Berlin, NH (Micropolitan Statistical Area)",,Employment by place of work,,,,,,,,,,,
13620,"Berlin, NH (Micropolitan Statistical Area)",10,Total employment (number of jobs),18464,17929,17828,17826,18060,18253,18443,18447,19245,19207,19347
13620,"Berlin, NH (Micropolitan Statistical Area)",920,        Military,149,155,149,133,128,125,118,118,114,110,110
13660,"Big Rapids, MI (Micropolitan Statistical Area)",,Employment by place of work,,,,,,,,,,,
13660,"Big Rapids, MI (Micropolitan Statistical Area)",10,Total employment (number of jobs),14099,14731,14823,15152,15601,16238,16648,16837,17484,17778,17977
13660,"Big Rapids, MI (Micropolitan Statistical Area)",920,        Military,122,118,114,106,94,90,87,84,80,80,80
13700,"Big Spring, TX (Micropolitan Statistical Area)",,Employment by place of work,,,,,,,,,,,
13700,"Big Spring, TX (Micropolitan Statistical Area)",10,Total employment (number of jobs),15648,15662,15514,15988,15893,16011,16063,16374,16504,15688,16107
13700,"Big Spring, TX (Micropolitan Statistical Area)",920,        Military,117,115,114,106,100,100,96,93,89,87,86
13720,"Big Stone Gap, VA (Micropolitan Statistical Area) *",,Employment by place of work,,,,,,,,,,,
13720,"Big Stone Gap, VA (Micropolitan Statistical Area) *",10,Total employment (number of jobs),20542,20375,20393,20789,20894,20892,20173,20751,20224,20252,20776
13720,"Big Stone Gap, VA (Micropolitan Statistical Area) *",920,        Military,228,225,213,206,191,179,173,167,164,166,171
13940,"Blackfoot, ID (Micropolitan Statistical Area)",,Employment by place of work,,,,,,,,,,,
13940,"Blackfoot, ID (Micropolitan Statistical Area)",10,Total employment (number of jobs),16880,17625,17707,18203,18557,18782,18149,18460,19102,18930,19641
13940,"Blackfoot, ID (Micropolitan Statistical Area)",920,        Military,241,232,236,230,210,200,189,189,181,176,170
14140,"Bluefield, WV-VA (Micropolitan Statistical Area) *",,Employment by place of work,,,,,,,,,,,
14140,"Bluefield, WV-VA (Micropolitan Statistical Area) *",10,Total employment (number of jobs),48900,49361,49614,50044,50963,51553,52144,52624,52676,52785,52636
14140,"Bluefield, WV-VA (Micropolitan Statistical Area) *",920,        Military,627,626,637,619,575,553,536,528,517,520,524
14180,"Blytheville, AR (Micropolitan Statistical Area)",,Employment by place of work,,,,,,,,,,,
14180,"Blytheville, AR (Micropolitan Statistical Area)",10,Total employment (number of jobs),27855,28507,27314,26632,26128,27079,27934,28182,27262,27165,26948
14180,"Blytheville, AR (Micropolitan Statistical Area)",920,        Military,3300,3022,1265,354,325,315,303,297,287,279,270
14220,"Bogalusa, LA (Micropolitan Statistical Area)",,Employment by place of work,,,,,,,,,,,
14220,"Bogalusa, LA (Micropolitan Statistical Area)",10,Total employment (number of jobs),14854,14639,14841,15912,16317,16736,16878,17201,16993,17058,16762
14220,"Bogalusa, LA (Micropolitan Statistical Area)",920,        Military,261,250,270,284,260,255,248,242,237,237,221
14300,"Bonham, TX (Micropolitan Statistical Area)",,Employment by place of work,,,,,,,,,,,
14300,"Bonham, TX (Micropolitan Statistical Area)",10,Total employment (number of jobs),10283,10308,10460,10598,10894,11513,12409,12899,13772,13610,13595
14300,"Bonham, TX (Micropolitan Statistical Area)",920,        Military,92,89,87,82,80,83,81,80,78,78,80
14380,"Boone, NC (Micropolitan Statistical Area)",,Employment by place of work,,,,,,,,,,,
14380,"Boone, NC (Micropolitan Statistical Area)",10,Total employment (number of jobs),21211,21433,22446,23375,24658,25402,25634,26451,26682,27227,28123
14380,"Boone, NC (Micropolitan Statistical Area)",920,        Military,147,145,153,151,154,140,139,136,132,129,123
14420,"Borger, TX (Micropolitan Statistical Area)",,Employment by place of work,,,,,,,,,,,
14420,"Borger, TX (Micropolitan Statistical Area)",10,Total employment (number of jobs),13459,13839,13324,12853,12544,12494,12357,12352,12371,11693,11725
14420,"Borger, TX (Micropolitan Statistical Area)",920,        Military,93,90,88,82,76,74,69,66,63,61,61
14580,"Bozeman, MT (Micropolitan Statistical Area)",,Employment by place of work,,,,,,,,,,,
14580,"Bozeman, MT (Micropolitan Statistical Area)",10,Total employment (number of jobs),31744,33760,35003,36888,39726,41752,44031,45628,47452,49328,51085
14580,"Bozeman, MT (Micropolitan Statistical Area)",920,        Military,404,417,422,403,382,376,364,370,373,388,374
14620,"Bradford, PA (Micropolitan Statistical Area)",,Employment by place of work,,,,,,,,,,,
14620,"Bradford, PA (Micropolitan Statistical Area)",10,Total employment (number of jobs),21491,21532,21592,21729,22246,23118,23143,23259,23190,23517,23703
14620,"Bradford, PA (Micropolitan Statistical Area)",920,        Military,210,214,214,204,192,178,167,158,154,152,144
14660,"Brainerd, MN (Micropolitan Statistical Area)",,Employment by place of work,,,,,,,,,,,
14660,"Brainerd, MN (Micropolitan Statistical Area)",10,Total employment (number of jobs),32748,34385,35158,37117,38963,40963,42532,43827,45542,47643,49127
14660,"Brainerd, MN (Micropolitan Statistical Area)",920,        Military,371,372,370,354,331,328,317,316,315,317,313
14700,"Branson, MO (Micropolitan Statistical Area)",,Employment by place of work,,,,,,,,,,,
14700,"Branson, MO (Micropolitan Statistical Area)",10,Total employment (number of jobs),14845,15754,18588,23127,24473,25563,26226,27197,27384,28393,29240
14700,"Branson, MO (Micropolitan Statistical Area)",920,        Military,145,145,145,150,145,165,172,173,165,183,156
14720,"Breckenridge, CO (Micropolitan Statistical Area)",,Employment by place of work,,,,,,,,,,,
14720,"Breckenridge, CO (Micropolitan Statistical Area)",10,Total employment (number of jobs),14727,15720,16389,17844,19452,20538,21398,22720,23775,24455,25551
14720,"Breckenridge, CO (Micropolitan Statistical Area)",920,        Military,54,55,60,59,61,57,61,63,63,61,67
14780,"Brenham, TX (Micropolitan Statistical Area)",,Employment by place of work,,,,,,,,,,,
14780,"Brenham, TX (Micropolitan Statistical Area)",10,Total employment (number of jobs),15768,16015,16264,16590,17224,17921,18374,18922,19249,19404,20043
14780,"Brenham, TX (Micropolitan Statistical Area)",920,        Military,95,93,93,89,85,86,82,81,78,77,78
14820,"Brevard, NC (Micropolitan Statistical Area)",,Employment by place of work,,,,,,,,,,,
14820,"Brevard, NC (Micropolitan Statistical Area)",10,Total employment (number of jobs),12771,12766,12860,12713,12843,12992,13196,14205,14489,14640,14777
14820,"Brevard, NC (Micropolitan Statistical Area)",920,        Military,96,95,99,148,103,92,90,87,87,84,80
15020,"Brookhaven, MS (Micropolitan Statistical Area)",,Employment by place of work,,,,,,,,,,,
15020,"Brookhaven, MS (Micropolitan Statistical Area)",10,Total employment (number of jobs),13411,13328,13585,13810,14227,14984,15213,15333,15820,16347,16786
15020,"Brookhaven, MS (Micropolitan Statistical Area)",920,        Military,226,222,245,243,237,231,222,223,219,215,215
15060,"Brookings, OR (Micropolitan Statistical Area)",,Employment by place of work,,,,,,,,,,,
15060,"Brookings, OR (Micropolitan Statistical Area)",10,Total employment (number of jobs),8564,8664,8479,8637,9035,9216,9498,9579,9732,10150,10297
15060,"Brookings, OR (Micropolitan Statistical Area)",920,        Military,142,133,134,128,120,116,108,108,102,101,107
15100,"Brookings, SD (Micropolitan Statistical Area)",,Employment by place of work,,,,,,,,,,,
15100,"Brookings, SD (Micropolitan Statistical Area)",10,Total employment (number of jobs),15062,15648,16063,16784,18003,18331,18658,18810,19042,19836,20567
15100,"Brookings, SD (Micropolitan Statistical Area)",920,        Military,226,212,216,213,206,204,201,205,206,207,206
15140,"Brownsville, TN (Micropolitan Statistical Area)",,Employment by place of work,,,,,,,,,,,
15140,"Brownsville, TN (Micropolitan Statistical Area)",10,Total employment (number of jobs),8143,8025,8375,8220,8313,8372,8138,8016,8106,8258,8197
15140,"Brownsville, TN (Micropolitan Statistical Area)",920,        Military,116,115,107,99,91,87,86,83,77,74,79
15220,"Brownwood, TX (Micropolitan Statistical Area)",,Employment by place of work,,,,,,,,,,,
15220,"Brownwood, TX (Micropolitan Statistical Area)",10,Total employment (number of jobs),17211,17341,17028,17800,18687,19462,19725,20242,20780,21114,21381
15220,"Brownwood, TX (Micropolitan Statistical Area)",920,        Military,125,122,119,112,107,109,104,102,98,97,97
15340,"Bucyrus-Galion, OH (Micropolitan Statistical Area)",,Employment by place of work,,,,,,,,,,,
15340,"Bucyrus-Galion, OH (Micropolitan Statistical Area)",10,Total employment (number of jobs),21060,20483,20383,20720,21391,21674,21527,21791,22751,23021,23436
15340,"Bucyrus-Galion, OH (Micropolitan Statistical Area)",920,        Military,173,171,166,151,139,134,127,126,121,119,121
15420,"Burley, ID (Micropolitan Statistical Area)",,Employment by place of work,,,,,,,,,,,
15420,"Burley, ID (Micropolitan Statistical Area)",10,Total employment (number of jobs),19910,20639,20944,21302,21640,22238,22703,22226,22851,22927,23443
15420,"Burley, ID (Micropolitan Statistical Area)",920,        Military,250,238,240,233,213,205,193,192,180,177,169
15460,"Burlington, IA-IL (Micropolitan Statistical Area)",,Employment by place of work,,,,,,,,,,,
15460,"Burlington, IA-IL (Micropolitan Statistical Area)",10,Total employment (number of jobs),28591,28982,29098,29324,30005,30625,31043,31442,32482,32884,33073
15460,"Burlington, IA-IL (Micropolitan Statistical Area)",920,        Military,272,266,263,257,236,233,226,224,220,216,221
15580,"Butte-Silver Bow, MT (Micropolitan Statistical Area)",,Employment by place of work,,,,,,,,,,,
15580,"Butte-Silver Bow, MT (Micropolitan Statistical Area)",10,Total employment (number of jobs),16143,16234,16522,16793,17485,17679,18139,19304,19311,19078,18720
15580,"Butte-Silver Bow, MT (Micropolitan Statistical Area)",920,        Military,282,281,277,260,237,226,214,214,210,210,197
15620,"Cadillac, MI (Micropolitan Statistical Area)",,Employment by place of work,,,,,,,,,,,
15620,"Cadillac, MI (Micropolitan Statistical Area)",10,Total employment (number of jobs),18246,17768,18506,19388,20890,22207,22572,23644,23185,24716,25725
15620,"Cadillac, MI (Micropolitan Statistical Area)",920,        Military,134,131,130,125,112,111,101,93,88,88,89
15660,"Calhoun, GA (Micropolitan Statistical Area)",,Employment by place of work,,,,,,,,,,,
15660,"Calhoun, GA (Micropolitan Statistical Area)",10,Total employment (number of jobs),21042,20393,21225,22203,23264,23933,23989,24687,24862,26040,26508
15660,"Calhoun, GA (Micropolitan Statistical Area)",920,        Military,155,154,168,166,158,158,155,160,158,159,147
15700,"Cambridge, MD (Micropolitan Statistical Area)",,Employment by place of work,,,,,,,,,,,
15700,"Cambridge, MD (Micropolitan Statistical Area)",10,Total employment (number of jobs),16605,16202,15866,15661,15726,15943,15681,15774,15800,15929,16382
15700,"Cambridge, MD (Micropolitan Statistical Area)",920,        Military,175,169,171,164,151,145,141,129,125,123,114
15740,"Cambridge, OH (Micropolitan Statistical Area)",,Employment by place of work,,,,,,,,,,,
15740,"Cambridge, OH (Micropolitan Statistical Area)",10,Total employment (number of jobs),17258,17393,17546,17371,17890,18570,18605,19233,19931,20233,20533
15740,"Cambridge, OH (Micropolitan Statistical Area)",920,        Military,141,140,137,125,116,113,108,107,104,103,106
15780,"Camden, AR (Micropolitan Statistical Area)",,Employment by place of work,,,,,,,,,,,
15780,"Camden, AR (Micropolitan Statistical Area)",10,Total employment (number of jobs),16087,15219,15079,15025,15098,15049,14597,14697,14570,14189,14430
15780,"Camden, AR (Micropolitan Statistical Area)",920,        Military,262,253,246,237,222,213,204,199,190,186,179
15820,"Campbellsville, KY (Micropolitan Statistical Area)",,Employment by place of work,,,,,,,,,,,
15820,"Campbellsville, KY (Micropolitan Statistical Area)",10,Total employment (number of jobs),18090,17996,18633,19312,19298,19491,19118,18660,16664,16040,17036
15820,"Campbellsville, KY (Micropolitan Statistical Area)",920,        Military,140,137,141,139,131,126,122,120,116,114,116
15860,"Cañon City, CO (Micropolitan Statistical Area)",,Employment by place of work,,,,,,,,,,,
15860,"Cañon City, CO (Micropolitan Statistical Area)",10,Total employment (number of jobs),12533,12557,13300,14161,15326,15640,16373,17235,18143,18504,19322
15860,"Cañon City, CO (Micropolitan Statistical Area)",920,        Military,132,128,133,132,136,125,131,132,131,121,131
16100,"Carlsbad-Artesia, NM (Micropolitan Statistical Area)",,Employment by place of work,,,,,,,,,,,
16100,"Carlsbad-Artesia, NM (Micropolitan Statistical Area)",10,Total employment (number of jobs),22024,23661,23827,24260,24338,24669,24787,25434,25881,25285,25385
16100,"Carlsbad-Artesia, NM (Micropolitan Statistical Area)",920,        Military,247,238,239,238,220,215,201,194,179,179,170
16140,"Carroll, IA (Micropolitan Statistical Area)",,Employment by place of work,,,,,,,,,,,
16140,"Carroll, IA (Micropolitan Statistical Area)",10,Total employment (number of jobs),13152,13544,13920,14342,14336,14869,15101,15662,15913,15910,15953
16140,"Carroll, IA (Micropolitan Statistical Area)",920,        Military,121,118,117,115,105,105,103,103,101,99,100
16260,"Cedar City, UT (Micropolitan Statistical Area)",,Employment by place of work,,,,,,,,,,,
16260,"Cedar City, UT (Micropolitan Statistical Area)",10,Total employment (number of jobs),10198,10382,11124,12059,13796,14647,15584,16945,17885,18481,19233
16260,"Cedar City, UT (Micropolitan Statistical Area)",920,        Military,165,162,162,166,162,159,165,165,167,169,174
16340,"Cedartown, GA (Micropolitan Statistical Area)",,Employment by place of work,,,,,,,,,,,
16340,"Cedartown, GA (Micropolitan Statistical Area)",10,Total employment (number of jobs),12548,12046,11877,12089,12334,12355,12281,12640,12960,13446,14112
16340,"Cedartown, GA (Micropolitan Statistical Area)",920,        Military,149,148,159,154,146,144,141,140,140,139,127
16380,"Celina, OH (Micropolitan Statistical Area)",,Employment by place of work,,,,,,,,,,,
16380,"Celina, OH (Micropolitan Statistical Area)",10,Total employment (number of jobs),20513,20368,19858,20376,20702,21107,21219,21741,21305,20883,21144
16380,"Celina, OH (Micropolitan Statistical Area)",920,        Military,143,142,139,127,118,115,109,108,105,103,106
16420,"Central City, KY (Micropolitan Statistical Area)",,Employment by place of work,,,,,,,,,,,
16420,"Central City, KY (Micropolitan Statistical Area)",10,Total employment (number of jobs),12140,11622,11394,11504,11755,12479,12546,12964,12892,12852,13032
16420,"Central City, KY (Micropolitan Statistical Area)",920,        Military,139,134,135,132,123,118,115,113,109,106,106
16460,"Centralia, IL (Micropolitan Statistical Area)",,Employment by place of work,,,,,,,,,,,
16460,"Centralia, IL (Micropolitan Statistical Area)",10,Total employment (number of jobs),21762,21736,21488,22145,22479,22884,22936,23184,22913,23172,23378
16460,"Centralia, IL (Micropolitan Statistical Area)",920,        Military,145,141,135,127,115,106,102,97,93,90,91
16500,"Centralia, WA (Micropolitan Statistical Area)",,Employment by place of work,,,,,,,,,,,
16500,"Centralia, WA (Micropolitan Statistical Area)",10,Total employment (number of jobs),29665,29436,29894,30470,32294,32798,33772,34554,34040,34583,34411
16500,"Centralia, WA (Micropolitan Statistical Area)",920,        Military,307,306,305,301,285,274,268,255,248,250,250
16660,"Charleston-Mattoon, IL (Micropolitan Statistical Area)",,Employment by place of work,,,,,,,,,,,
16660,"Charleston-Mattoon, IL (Micropolitan Statistical Area)",10,Total employment (number of jobs),32708,34704,35319,36433,37917,38497,38210,39166,40780,40532,41079
16660,"Charleston-Mattoon, IL (Micropolitan Statistical Area)",920,        Military,225,220,213,201,183,169,165,158,152,146,146
17060,"Chillicothe, OH (Micropolitan Statistical Area)",,Employment by place of work,,,,,,,,,,,
17060,"Chillicothe, OH (Micropolitan Statistical Area)",10,Total employment (number of jobs),28366,28618,29225,30604,31998,32696,33593,34050,33855,34256,35009
17060,"Chillicothe, OH (Micropolitan Statistical Area)",920,        Military,254,254,250,230,214,207,197,197,191,187,192
17220,"Clarksburg, WV (Micropolitan Statistical Area)",,Employment by place of work,,,,,,,,,,,
17220,"Clarksburg, WV (Micropolitan Statistical Area)",10,Total employment (number of jobs),39007,39392,40015,41006,43205,43395,44699,47383,48071,47471,47925
17220,"Clarksburg, WV (Micropolitan Statistical Area)",920,        Military,497,505,540,526,491,485,471,475,466,477,488
17260,"Clarksdale, MS (Micropolitan Statistical Area)",,Employment by place of work,,,,,,,,,,,
17260,"Clarksdale, MS (Micropolitan Statistical Area)",10,Total employment (number of jobs),13259,13193,13255,13215,13835,14429,14312,14176,13715,13678,13745
17260,"Clarksdale, MS (Micropolitan Statistical Area)",920,        Military,236,229,250,246,237,228,219,216,208,201,199
17340,"Clearlake, CA (Micropolitan Statistical Area)",,Employment by place of work,,,,,,,,,,,
17340,"Clearlake, CA (Micropolitan Statistical Area)",10,Total employment (number of jobs),17111,18109,18131,18451,19708,19959,19969,20100,20838,21492,21614
17340,"Clearlake, CA (Micropolitan Statistical Area)",920,        Military,167,169,167,160,153,144,145,128,119,114,114
17380,"Cleveland, MS (Micropolitan Statistical Area)",,Employment by place of work,,,,,,,,,,,
17380,"Cleveland, MS (Micropolitan Statistical Area)",10,Total employment (number of jobs),15879,16356,16811,17277,17202,17257,17231,16790,16697,16712,16900
17380,"Cleveland, MS (Micropolitan Statistical Area)",920,        Military,319,311,338,331,321,307,288,285,276,266,262
17500,"Clewiston, FL (Micropolitan Statistical Area)",,Employment by place of work,,,,,,,,,,,
17500,"Clewiston, FL (Micropolitan Statistical Area)",10,Total employment (number of jobs),11806,12693,14800,15593,16406,16900,17290,18467,18290,17798,17648
17500,"Clewiston, FL (Micropolitan Statistical Area)",920,        Military,75,78,80,77,75,75,75,76,75,75,77
17540,"Clinton, IA (Micropolitan Statistical Area)",,Employment by place of work,,,,,,,,,,,
17540,"Clinton, IA (Micropolitan Statistical Area)",10,Total employment (number of jobs),26688,27085,27303,27133,27361,27972,28536,28816,29131,28900,28974
17540,"Clinton, IA (Micropolitan Statistical Area)",920,        Military,289,282,279,273,251,250,241,240,235,230,235
17580,"Clovis, NM (Micropolitan Statistical Area)",,Employment by place of work,,,,,,,,,,,
17580,"Clovis, NM (Micropolitan Statistical Area)",10,Total employment (number of jobs),19697,21036,21788,22211,23173,23536,23483,23068,22190,21836,22059
17580,"Clovis, NM (Micropolitan Statistical Area)",920,        Military,4173,4675,4841,4963,5361,5089,4800,4165,3549,3224,3209
17700,"Coffeyville, KS (Micropolitan Statistical Area)",,Employment by place of work,,,,,,,,,,,
17700,"Coffeyville, KS (Micropolitan Statistical Area)",10,Total employment (number of jobs),21185,21223,20814,21048,21295,21981,21709,21864,21174,21214,21743
17700,"Coffeyville, KS (Micropolitan Statistical Area)",920,        Military,268,272,245,239,230,202,188,183,178,173,173
17740,"Coldwater, MI (Micropolitan Statistical Area)",,Employment by place of work,,,,,,,,,,,
17740,"Coldwater, MI (Micropolitan Statistical Area)",10,Total employment (number of jobs),16842,16960,16515,16473,17378,17972,18323,18817,19532,21072,22409
17740,"Coldwater, MI (Micropolitan Statistical Area)",920,        Military,134,130,127,120,107,104,100,96,89,89,90
18060,"Columbus, MS (Micropolitan Statistical Area)",,Employment by place of work,,,,,,,,,,,
18060,"Columbus, MS (Micropolitan Statistical Area)",10,Total employment (number of jobs),35439,34217,33460,34328,34761,35713,35897,35714,35128,35528,34966
18060,"Columbus, MS (Micropolitan Statistical Area)",920,        Military,2233,2136,1955,1803,1781,1772,1763,1798,1813,1793,1804
18100,"Columbus, NE (Micropolitan Statistical Area)",,Employment by place of work,,,,,,,,,,,
18100,"Columbus, NE (Micropolitan Statistical Area)",10,Total employment (number of jobs),19737,19890,20100,20968,22129,22190,22825,22915,22580,22478,22845
18100,"Columbus, NE (Micropolitan Statistical Area)",920,        Military,185,176,171,162,153,145,136,137,137,128,131
18180,"Concord, NH (Micropolitan Statistical Area)",,Employment by place of work,,,,,,,,,,,
18180,"Concord, NH (Micropolitan Statistical Area)",10,Total employment (number of jobs),72366,70843,72794,74964,78089,79346,80336,82042,85001,86998,89858
18180,"Concord, NH (Micropolitan Statistical Area)",920,        Military,523,543,530,482,473,470,456,461,459,455,458
18220,"Connersville, IN (Micropolitan Statistical Area)",,Employment by place of work,,,,,,,,,,,
18220,"Connersville, IN (Micropolitan Statistical Area)",10,Total employment (number of jobs),14166,13925,13857,14426,14387,14094,14142,14178,14079,13889,13761
18220,"Connersville, IN (Micropolitan Statistical Area)",920,        Military,133,130,126,121,112,105,97,93,89,88,90
18260,"Cookeville, TN (Micropolitan Statistical Area)",,Employment by place of work,,,,,,,,,,,
18260,"Cookeville, TN (Micropolitan Statistical Area)",10,Total employment (number of jobs),44909,45206,46226,48906,49996,51618,52765,54475,54517,55622,55746
18260,"Cookeville, TN (Micropolitan Statistical Area)",920,        Military,479,475,452,427,402,383,383,379,361,353,379
18300,"Coos Bay, OR (Micropolitan Statistical Area)",,Employment by place of work,,,,,,,,,,,
18300,"Coos Bay, OR (Micropolitan Statistical Area)",10,Total employment (number of jobs),27838,27966,28119,28241,29128,29563,30502,30353,30168,30594,30983
18300,"Coos Bay, OR (Micropolitan Statistical Area)",920,        Military,584,571,579,572,527,464,448,443,425,406,417
18380,"Cordele, GA (Micropolitan Statistical Area)",,Employment by place of work,,,,,,,,,,,
18380,"Cordele, GA (Micropolitan Statistical Area)",10,Total employment (number of jobs),10044,9903,10036,10774,11119,11601,11310,11339,11232,11608,11250
18380,"Cordele, GA (Micropolitan Statistical Area)",920,        Military,88,89,95,92,87,86,84,82,82,80,73
18420,"Corinth, MS (Micropolitan Statistical Area)",,Employment by place of work,,,,,,,,,,,
18420,"Corinth, MS (Micropolitan Statistical Area)",10,Total employment (number of jobs),16074,16260,16566,17079,17210,17037,16670,17228,17204,17458,18051
18420,"Corinth, MS (Micropolitan Statistical Area)",920,        Military,237,235,260,257,250,242,232,233,228,224,224
18460,"Cornelia, GA (Micropolitan Statistical Area)",,Employment by place of work,,,,,,,,,,,
18460,"Cornelia, GA (Micropolitan Statistical Area)",10,Total employment (number of jobs),15687,15408,15738,16098,16287,16991,17054,17403,17984,18497,18700
18460,"Cornelia, GA (Micropolitan Statistical Area)",920,        Military,122,122,134,133,126,128,125,126,127,129,120
18500,"Corning, NY (Micropolitan Statistical Area)",,Employment by place of work,,,,,,,,,,,
18500,"Corning, NY (Micropolitan Statistical Area)",10,Total employment (number of jobs),47656,48411,48131,48388,49113,48794,49255,49486,48806,49831,52400
18500,"Corning, NY (Micropolitan Statistical Area)",920,        Military,311,322,291,274,246,229,215,205,195,190,187
18620,"Corsicana, TX (Micropolitan Statistical Area)",,Employment by place of work,,,,,,,,,,,
18620,"Corsicana, TX (Micropolitan Statistical Area)",10,Total employment (number of jobs),18316,18306,18991,19789,20723,21603,21649,22502,22675,23230,23607
18620,"Corsicana, TX (Micropolitan Statistical Area)",920,        Military,145,141,141,133,125,126,121,118,114,114,116
18660,"Cortland, NY (Micropolitan Statistical Area)",,Employment by place of work,,,,,,,,,,,
18660,"Cortland, NY (Micropolitan Statistical Area)",10,Total employment (number of jobs),25309,25135,25130,24751,24766,24308,24058,24145,24626,24747,24978
18660,"Cortland, NY (Micropolitan Statistical Area)",920,        Military,154,149,144,135,121,113,106,101,97,95,92
18740,"Coshocton, OH (Micropolitan Statistical Area)",,Employment by place of work,,,,,,,,,,,
18740,"Coshocton, OH (Micropolitan Statistical Area)",10,Total employment (number of jobs),16163,16167,16100,16674,17327,17249,17622,18291,19926,20305,20667
18740,"Coshocton, OH (Micropolitan Statistical Area)",920,        Military,128,127,125,114,106,103,97,97,93,92,95
18780,"Craig, CO (Micropolitan Statistical Area)",,Employment by place of work,,,,,,,,,,,
18780,"Craig, CO (Micropolitan Statistical Area)",10,Total employment (number of jobs),6370,6373,6406,6463,6650,7013,7080,7228,7171,7193,7252
18780,"Craig, CO (Micropolitan Statistical Area)",920,        Military,47,46,47,43,42,37,38,38,38,35,37
18820,"Crawfordsville, IN (Micropolitan Statistical Area)",,Employment by place of work,,,,,,,,,,,
18820,"Crawfordsville, IN (Micropolitan Statistical Area)",10,Total employment (number of jobs),20757,20976,22137,22819,23608,23494,23378,23441,22821,22243,22600
18820,"Crawfordsville, IN (Micropolitan Statistical Area)",920,        Military,176,174,171,166,156,147,137,132,129,128,132
18860,"Crescent City, CA (Micropolitan Statistical Area)",,Employment by place of work,,,,,,,,,,,
18860,"Crescent City, CA (Micropolitan Statistical Area)",10,Total employment (number of jobs),9014,9413,9199,9439,9691,10008,10354,10344,10411,10626,10450
18860,"Crescent City, CA (Micropolitan Statistical Area)",920,        Military,90,92,88,85,82,77,77,70,69,64,63
18900,"Crossville, TN (Micropolitan Statistical Area)",,Employment by place of work,,,,,,,,,,,
18900,"Crossville, TN (Micropolitan Statistical Area)",10,Total employment (number of jobs),15596,15269,15793,16169,17124,17510,18654,19437,20894,21343,21849
18900,"Crossville, TN (Micropolitan Statistical Area)",920,        Military,210,213,202,194,186,180,182,182,174,173,187
18980,"Cullman, AL (Micropolitan Statistical Area)",,Employment by place of work,,,,,,,,,,,
18980,"Cullman, AL (Micropolitan Statistical Area)",10,Total employment (number of jobs),30325,30489,31785,32362,33122,33983,34043,35141,37036,38472,39014
18980,"Cullman, AL (Micropolitan Statistical Area)",920,        Military,587,583,598,567,525,520,497,489,467,459,459
19000,"Cullowhee, NC (Micropolitan Statistical Area)",,Employment by place of work,,,,,,,,,,,
19000,"Cullowhee, NC (Micropolitan Statistical Area)",10,Total employment (number of jobs),18883,18892,19624,20105,20451,20923,21336,22323,24206,25420,25518
19000,"Cullowhee, NC (Micropolitan Statistical Area)",920,        Military,149,148,156,152,158,142,143,138,135,132,125
19220,"Danville, KY (Micropolitan Statistical Area)",,Employment by place of work,,,,,,,,,,,
19220,"Danville, KY (Micropolitan Statistical Area)",10,Total employment (number of jobs),23331,23341,24459,25153,25332,26131,26800,27924,29276,29613,29834
19220,"Danville, KY (Micropolitan Statistical Area)",920,        Military,204,197,203,202,190,181,178,175,171,168,172
19260,"Danville, VA (Micropolitan Statistical Area) *",,Employment by place of work,,,,,,,,,,,
19260,"Danville, VA (Micropolitan Statistical Area) *",10,Total employment (number of jobs),52644,51298,51810,53171,53356,54831,54855,55568,55435,55893,57034
19260,"Danville, VA (Micropolitan Statistical Area) *",920,        Military,571,560,530,518,485,452,441,429,420,415,410
19420,"Dayton, TN (Micropolitan Statistical Area)",,Employment by place of work,,,,,,,,,,,
19420,"Dayton, TN (Micropolitan Statistical Area)",10,Total employment (number of jobs),13640,13242,12978,13458,13569,13345,13328,13439,13645,14534,14851
19420,"Dayton, TN (Micropolitan Statistical Area)",920,        Military,146,146,139,131,123,117,117,115,108,105,113
19540,"Decatur, IN (Micropolitan Statistical Area)",,Employment by place of work,,,,,,,,,,,
19540,"Decatur, IN (Micropolitan Statistical Area)",10,Total employment (number of jobs),17103,16954,17155,17866,18578,19794,19627,19989,22279,22684,22859
19540,"Decatur, IN (Micropolitan Statistical Area)",920,        Military,159,157,153,147,138,130,122,118,115,115,118
19580,"Defiance, OH (Micropolitan Statistical Area)",,Employment by place of work,,,,,,,,,,,
19580,"Defiance, OH (Micropolitan Statistical Area)",10,Total employment (number of jobs),21883,21278,20795,21048,21963,22946,23660,23788,23921,24047,24365
19580,"Defiance, OH (Micropolitan Statistical Area)",920,        Military,144,142,139,126,117,114,109,107,102,100,103
19620,"Del Rio, TX (Micropolitan Statistical Area)",,Employment by place of work,,,,,,,,,,,
19620,"Del Rio, TX (Micropolitan Statistical Area)",10,Total employment (number of jobs),15146,15324,15845,16183,16820,17426,17610,18258,18794,19507,20111
19620,"Del Rio, TX (Micropolitan Statistical Area)",920,        Military,2011,1860,1589,1384,1376,1346,1429,1361,1439,1451,1480
19700,"Deming, NM (Micropolitan Statistical Area)",,Employment by place of work,,,,,,,,,,,
19700,"Deming, NM (Micropolitan Statistical Area)",10,Total employment (number of jobs),6413,6912,7460,7783,7910,7985,8222,8370,8312,8411,8581
19700,"Deming, NM (Micropolitan Statistical Area)",920,        Military,92,91,94,98,92,93,90,89,84,86,82
19760,"DeRidder, LA (Micropolitan Statistical Area)",,Employment by place of work,,,,,,,,,,,
19760,"DeRidder, LA (Micropolitan Statistical Area)",10,Total employment (number of jobs),10749,10629,10871,11697,11910,11995,12130,12086,12482,12778,12937
19760,"DeRidder, LA (Micropolitan Statistical Area)",920,        Military,178,177,192,204,188,185,180,177,174,175,165
19860,"Dickinson, ND (Micropolitan Statistical Area)",,Employment by place of work,,,,,,,,,,,
19860,"Dickinson, ND (Micropolitan Statistical Area)",10,Total employment (number of jobs),13649,13980,13973,14143,14571,14780,15274,15808,15912,15697,15787
19860,"Dickinson, ND (Micropolitan Statistical Area)",920,        Military,307,293,299,236,208,201,194,192,192,186,189
19940,"Dixon, IL (Micropolitan Statistical Area)",,Employment by place of work,,,,,,,,,,,
19940,"Dixon, IL (Micropolitan Statistical Area)",10,Total employment (number of jobs),17668,17118,15585,15687,16215,16908,17471,17632,17940,17855,17969
19940,"Dixon, IL (Micropolitan Statistical Area)",920,        Military,120,118,113,108,98,91,87,83,80,78,79
19980,"Dodge City, KS (Micropolitan Statistical Area)",,Employment by place of work,,,,,,,,,,,
19980,"Dodge City, KS (Micropolitan Statistical Area)",10,Total employment (number of jobs),17368,17550,17026,17568,18452,19128,19076,19774,20200,20109,19903
19980,"Dodge City, KS (Micropolitan Statistical Area)",920,        Military,190,196,183,181,181,163,156,153,153,152,156
20060,"Douglas, GA (Micropolitan Statistical Area)",,Employment by place of work,,,,,,,,,,,
20060,"Douglas, GA (Micropolitan Statistical Area)",10,Total employment (number of jobs),18172,18417,18708,19752,21183,22111,22951,23969,25056,26596,26196
20060,"Douglas, GA (Micropolitan Statistical Area)",920,        Military,158,157,172,170,163,164,161,161,162,163,149
20140,"Dublin, GA (Micropolitan Statistical Area)",,Employment by place of work,,,,,,,,,,,
20140,"Dublin, GA (Micropolitan Statistical Area)",10,Total employment (number of jobs),25709,25587,26190,27319,28323,29336,29357,29759,29668,29769,30180
20140,"Dublin, GA (Micropolitan Statistical Area)",920,        Military,239,236,255,250,236,234,227,223,223,219,200
20180,"DuBois, PA (Micropolitan Statistical Area)",,Employment by place of work,,,,,,,,,,,
20180,"DuBois, PA (Micropolitan Statistical Area)",10,Total employment (number of jobs),35838,35640,36451,37629,39059,40244,40284,41044,40660,40894,41596
20180,"DuBois, PA (Micropolitan Statistical Area)",920,        Military,346,353,354,344,326,303,292,282,276,275,264
20300,"Dumas, TX (Micropolitan Statistical Area)",,Employment by place of work,,,,,,,,,,,
20300,"Dumas, TX (Micropolitan Statistical Area)",10,Total employment (number of jobs),9687,9637,9613,9895,10209,10232,10425,10686,10794,10823,10865
20300,"Dumas, TX (Micropolitan Statistical Area)",920,        Military,65,64,63,61,58,58,55,54,52,51,51
20340,"Duncan, OK (Micropolitan Statistical Area)",,Employment by place of work,,,,,,,,,,,
20340,"Duncan, OK (Micropolitan Statistical Area)",10,Total employment (number of jobs),19925,20454,20068,20136,20067,20302,20978,21544,21327,21120,22143
20340,"Duncan, OK (Micropolitan Statistical Area)",920,        Military,256,254,254,241,226,223,217,216,214,211,212
20420,"Durango, CO (Micropolitan Statistical Area)",,Employment by place of work,,,,,,,,,,,
20420,"Durango, CO (Micropolitan Statistical Area)",10,Total employment (number of jobs),19786,21116,22012,23508,25663,26985,28224,29031,29753,30076,31137
20420,"Durango, CO (Micropolitan Statistical Area)",920,        Military,134,134,140,133,132,119,125,125,123,114,125
20460,"Durant, OK (Micropolitan Statistical Area)",,Employment by place of work,,,,,,,,,,,
20460,"Durant, OK (Micropolitan Statistical Area)",10,Total employment (number of jobs),14046,14029,14278,14869,15309,15869,16834,17527,18143,17992,18481
20460,"Durant, OK (Micropolitan Statistical Area)",920,        Military,195,191,193,187,176,178,173,175,175,178,185
20540,"Dyersburg, TN (Micropolitan Statistical Area)",,Employment by place of work,,,,,,,,,,,
20540,"Dyersburg, TN (Micropolitan Statistical Area)",10,Total employment (number of jobs),20472,19922,21415,22235,23394,23424,23466,23473,23724,23967,23917
20540,"Dyersburg, TN (Micropolitan Statistical Area)",920,        Military,210,207,192,181,168,158,157,153,143,139,149
20580,"Eagle Pass, TX (Micropolitan Statistical Area)",,Employment by place of work,,,,,,,,,,,
20580,"Eagle Pass, TX (Micropolitan Statistical Area)",10,Total employment (number of jobs),10156,10256,10467,11186,11680,12187,12496,13121,13886,14699,15387
20580,"Eagle Pass, TX (Micropolitan Statistical Area)",920,        Military,133,135,138,134,129,131,126,125,120,120,121
20660,"Easton, MD (Micropolitan Statistical Area)",,Employment by place of work,,,,,,,,,,,
20660,"Easton, MD (Micropolitan Statistical Area)",10,Total employment (number of jobs),21607,21016,21158,21924,22781,23025,23287,24054,24013,24709,25435
20660,"Easton, MD (Micropolitan Statistical Area)",920,        Military,159,156,164,161,149,145,138,128,126,123,116
20780,"Edwards, CO (Micropolitan Statistical Area)",,Employment by place of work,,,,,,,,,,,
20780,"Edwards, CO (Micropolitan Statistical Area)",10,Total employment (number of jobs),19952,20868,21984,23977,26413,28344,30373,33722,35966,36983,38381
20780,"Edwards, CO (Micropolitan Statistical Area)",920,        Military,92,95,102,100,103,95,103,108,112,107,118
20820,"Effingham, IL (Micropolitan Statistical Area)",,Employment by place of work,,,,,,,,,,,
20820,"Effingham, IL (Micropolitan Statistical Area)",10,Total employment (number of jobs),22472,21895,21915,22975,24045,25564,26330,26477,26395,27290,27083
20820,"Effingham, IL (Micropolitan Statistical Area)",920,        Military,111,108,104,99,90,85,81,79,76,75,76
20900,"El Campo, TX (Micropolitan Statistical Area)",,Employment by place of work,,,,,,,,,,,
20900,"El Campo, TX (Micropolitan Statistical Area)",10,Total employment (number of jobs),19349,19331,19277,19638,19916,20384,20362,20596,20327,20237,20737
20900,"El Campo, TX (Micropolitan Statistical Area)",920,        Military,145,140,140,130,122,121,115,112,106,105,105
20980,"El Dorado, AR (Micropolitan Statistical Area)",,Employment by place of work,,,,,,,,,,,
20980,"El Dorado, AR (Micropolitan Statistical Area)",10,Total employment (number of jobs),25127,25235,25558,25775,25925,26365,26076,26381,26665,26571,27237
20980,"El Dorado, AR (Micropolitan Statistical Area)",920,        Military,339,330,323,312,292,283,271,262,251,245,238
21020,"Elizabeth City, NC (Micropolitan Statistical Area)",,Employment by place of work,,,,,,,,,,,
21020,"Elizabeth City, NC (Micropolitan Statistical Area)",10,Total employment (number of jobs),19581,18913,19453,19917,20296,21200,21829,22274,22313,22410,22758
21020,"Elizabeth City, NC (Micropolitan Statistical Area)",920,        Military,911,925,879,847,813,768,799,789,741,712,704
21120,"Elk City, OK (Micropolitan Statistical Area)",,Employment by place of work,,,,,,,,,,,
21120,"Elk City, OK (Micropolitan Statistical Area)",10,Total employment (number of jobs),8425,8591,8635,9028,9269,9530,9673,9922,10127,10418,10812
21120,"Elk City, OK (Micropolitan Statistical Area)",920,        Military,114,111,110,104,98,98,95,94,95,97,97
21180,"Elkins, WV (Micropolitan Statistical Area)",,Employment by place of work,,,,,,,,,,,
21180,"Elkins, WV (Micropolitan Statistical Area)",10,Total employment (number of jobs),12109,12569,12990,13437,13979,14237,14187,14505,14484,15069,15191
21180,"Elkins, WV (Micropolitan Statistical Area)",920,        Military,151,154,165,161,150,149,145,144,142,146,149
21220,"Elko, NV (Micropolitan Statistical Area)",,Employment by place of work,,,,,,,,,,,
21220,"Elko, NV (Micropolitan Statistical Area)",10,Total employment (number of jobs),23608,23737,24170,25253,27039,27772,29803,30199,29034,28266,28461
21220,"Elko, NV (Micropolitan Statistical Area)",920,        Military,111,108,111,104,98,88,101,99,95,88,89
21260,"Ellensburg, WA (Micropolitan Statistical Area)",,Employment by place of work,,,,,,,,,,,
21260,"Ellensburg, WA (Micropolitan Statistical Area)",10,Total employment (number of jobs),13701,13867,14090,14689,15551,16259,16546,16670,16582,17072,17496
21260,"Ellensburg, WA (Micropolitan Statistical Area)",920,        Military,153,154,154,150,146,139,140,134,132,131,133
21380,"Emporia, KS (Micropolitan Statistical Area)",,Employment by place of work,,,,,,,,,,,
21380,"Emporia, KS (Micropolitan Statistical Area)",10,Total employment (number of jobs),21747,22733,22931,23290,23796,24545,24683,24773,25256,25576,25752
21380,"Emporia, KS (Micropolitan Statistical Area)",920,        Military,261,265,245,243,235,209,195,191,187,184,187
21460,"Enterprise, AL (Micropolitan Statistical Area)",,Employment by place of work,,,,,,,,,,,
21460,"Enterprise, AL (Micropolitan Statistical Area)",10,Total employment (number of jobs),17578,17860,18556,19563,19931,20271,20044,20626,21237,21235,20534
21460,"Enterprise, AL (Micropolitan Statistical Area)",920,        Military,348,344,354,337,310,307,289,281,267,260,257
21540,"Escanaba, MI (Micropolitan Statistical Area)",,Employment by place of work,,,,,,,,,,,
21540,"Escanaba, MI (Micropolitan Statistical Area)",10,Total employment (number of jobs),17118,17283,17470,17790,18591,19631,20539,20614,20883,19681,20337
21540,"Escanaba, MI (Micropolitan Statistical Area)",920,        Military,129,126,122,115,103,100,93,89,79,75,75
21580,"Española, NM (Micropolitan Statistical Area)",,Employment by place of work,,,,,,,,,,,
21580,"Española, NM (Micropolitan Statistical Area)",10,Total employment (number of jobs),11023,11137,11316,11794,12282,12701,12942,13386,14376,15035,15502
21580,"Española, NM (Micropolitan Statistical Area)",920,        Military,175,166,166,167,157,157,150,147,137,140,136
21640,"Eufaula, AL-GA (Micropolitan Statistical Area)",,Employment by place of work,,,,,,,,,,,
21640,"Eufaula, AL-GA (Micropolitan Statistical Area)",10,Total employment (number of jobs),12425,12481,12513,13156,13360,13309,13245,13484,14469,15158,15627
21640,"Eufaula, AL-GA (Micropolitan Statistical Area)",920,        Military,236,241,247,233,212,208,203,205,197,190,190
21700,"Eureka-Arcata, CA (Micropolitan Statistical Area)",,Employment by place of work,,,,,,,,,,,
21700,"Eureka-Arcata, CA (Micropolitan Statistical Area)",10,Total employment (number of jobs),60840,61952,61009,61456,63758,64570,66499,66871,68317,68143,68057
21700,"Eureka-Arcata, CA (Micropolitan Statistical Area)",920,        Military,820,821,811,746,562,523,512,492,452,394,395
21740,"Evanston, WY (Micropolitan Statistical Area)",,Employment by place of work,,,,,,,,,,,
21740,"Evanston, WY (Micropolitan Statistical Area)",10,Total employment (number of jobs),9822,10137,10154,10491,10794,11011,11156,11144,11064,11009,11251
21740,"Evanston, WY (Micropolitan Statistical Area)",920,        Military,109,112,128,121,119,115,114,121,122,114,113
21840,"Fairfield, IA (Micropolitan Statistical Area)",,Employment by place of work,,,,,,,,,,,
21840,"Fairfield, IA (Micropolitan Statistical Area)",10,Total employment (number of jobs),10300,10396,10723,10919,10968,11192,11646,12146,12673,12236,12433
21840,"Fairfield, IA (Micropolitan Statistical Area)",920,        Military,92,90,89,88,81,80,78,79,77,74,76
21860,"Fairmont, MN (Micropolitan Statistical Area)",,Employment by place of work,,,,,,,,,,,
21860,"Fairmont, MN (Micropolitan Statistical Area)",10,Total employment (number of jobs),12976,13055,13086,12834,13440,13809,13535,13967,13882,13798,13917
21860,"Fairmont, MN (Micropolitan Statistical Area)",920,        Military,128,125,120,112,102,98,92,90,88,85,82
21900,"Fairmont, WV (Micropolitan Statistical Area)",,Employment by place of work,,,,,,,,,,,
21900,"Fairmont, WV (Micropolitan Statistical Area)",10,Total employment (number of jobs),24438,24283,24252,23560,24977,26196,25465,25443,25692,25862,26519
21900,"Fairmont, WV (Micropolitan Statistical Area)",920,        Military,313,317,341,333,310,305,294,293,286,292,298
21980,"Fallon, NV (Micropolitan Statistical Area)",,Employment by place of work,,,,,,,,,,,
21980,"Fallon, NV (Micropolitan Statistical Area)",10,Total employment (number of jobs),9119,9365,9528,10095,10683,10965,11745,12640,13217,14033,14631
21980,"Fallon, NV (Micropolitan Statistical Area)",920,        Military,981,1003,1006,1110,1127,1145,1166,1183,1139,1090,1066
22060,"Faribault-Northfield, MN (Micropolitan Statistical Area)",,Employment by place of work,,,,,,,,,,,
22060,"Faribault-Northfield, MN (Micropolitan Statistical Area)",10,Total employment (number of jobs),26513,27103,27246,27369,27916,28785,29530,29907,28787,28985,29260
22060,"Faribault-Northfield, MN (Micropolitan Statistical Area)",920,        Military,276,274,268,254,235,230,220,220,220,219,214
22100,"Farmington, MO (Micropolitan Statistical Area)",,Employment by place of work,,,,,,,,,,,
22100,"Farmington, MO (Micropolitan Statistical Area)",10,Total employment (number of jobs),20452,20436,20815,21330,22191,23675,24526,25378,26639,26470,26033
22100,"Farmington, MO (Micropolitan Statistical Area)",920,        Military,277,271,258,253,234,258,263,259,244,262,218
22260,"Fergus Falls, MN (Micropolitan Statistical Area)",,Employment by place of work,,,,,,,,,,,
22260,"Fergus Falls, MN (Micropolitan Statistical Area)",10,Total employment (number of jobs),26043,26693,27186,27937,29255,30237,31252,31631,32304,32977,33276
22260,"Fergus Falls, MN (Micropolitan Statistical Area)",920,        Military,284,282,275,259,239,234,226,223,222,221,216
22280,"Fernley, NV (Micropolitan Statistical Area)",,Employment by place of work,,,,,,,,,,,
22280,"Fernley, NV (Micropolitan Statistical Area)",10,Total employment (number of jobs),7782,7959,8113,8795,9466,10115,10564,11273,11928,12744,14262
22280,"Fernley, NV (Micropolitan Statistical Area)",920,        Military,63,62,65,61,59,55,64,63,62,62,66
22300,"Findlay, OH (Micropolitan Statistical Area)",,Employment by place of work,,,,,,,,,,,
22300,"Findlay, OH (Micropolitan Statistical Area)",10,Total employment (number of jobs),39435,40466,42337,43445,45169,46208,47267,48096,50233,51955,53007
22300,"Findlay, OH (Micropolitan Statistical Area)",920,        Military,239,238,235,215,201,196,187,186,181,180,186
22340,"Fitzgerald, GA (Micropolitan Statistical Area)",,Employment by place of work,,,,,,,,,,,
22340,"Fitzgerald, GA (Micropolitan Statistical Area)",10,Total employment (number of jobs),8496,8356,8355,8894,9253,9589,9911,9908,10654,11025,10659
22340,"Fitzgerald, GA (Micropolitan Statistical Area)",920,        Military,71,71,77,74,71,70,67,66,66,64,58
22580,"Forest City, NC (Micropolitan Statistical Area)",,Employment by place of work,,,,,,,,,,,
22580,"Forest City, NC (Micropolitan Statistical Area)",10,Total employment (number of jobs),29868,29560,30314,30842,31380,31699,31962,32299,31896,31338,31517
22580,"Forest City, NC (Micropolitan Statistical Area)",920,        Military,215,213,220,217,220,197,195,189,186,180,171
22620,"Forrest City, AR (Micropolitan Statistical Area)",,Employment by place of work,,,,,,,,,,,
22620,"Forrest City, AR (Micropolitan Statistical Area)",10,Total employment (number of jobs),11034,10967,11238,11303,11884,12585,12353,12511,12683,12069,12094
22620,"Forrest City, AR (Micropolitan Statistical Area)",920,        Military,206,201,196,190,180,177,172,169,161,157,152
22700,"Fort Dodge, IA (Micropolitan Statistical Area)",,Employment by place of work,,,,,,,,,,,
22700,"Fort Dodge, IA (Micropolitan Statistical Area)",10,Total employment (number of jobs),22708,22680,22671,22675,23222,23769,23947,24206,25057,25219,25298
22700,"Fort Dodge, IA (Micropolitan Statistical Area)",920,        Military,230,223,221,216,196,193,188,187,186,186,192
22780,"Fort Leonard Wood, MO (Micropolitan Statistical Area)",,Employment by place of work,,,,,,,,,,,
22780,"Fort Leonard Wood, MO (Micropolitan Statistical Area)",10,Total employment (number of jobs),23687,22929,23574,21324,20266,20339,22475,22837,20972,22106,25255
22780,"Fort Leonard Wood, MO (Micropolitan Statistical Area)",920,        Military,9982,9226,10058,7997,7108,7088,9230,9204,7771,8802,11440
22800,"Fort Madison-Keokuk, IA-IL-MO (Micropolitan Statistical Area)",,Employment by place of work,,,,,,,,,,,
22800,"Fort Madison-Keokuk, IA-IL-MO (Micropolitan Statistical Area)",10,Total employment (number of jobs),33018,33115,32898,32927,34437,35474,35952,36192,37455,37389,36873
22800,"Fort Madison-Keokuk, IA-IL-MO (Micropolitan Statistical Area)",920,        Military,373,363,359,345,320,322,309,302,295,293,290
22820,"Fort Morgan, CO (Micropolitan Statistical Area)",,Employment by place of work,,,,,,,,,,,
22820,"Fort Morgan, CO (Micropolitan Statistical Area)",10,Total employment (number of jobs),12204,12660,12899,13559,14112,14322,14471,15090,14957,15017,15158
22820,"Fort Morgan, CO (Micropolitan Statistical Area)",920,        Military,90,90,93,86,85,75,79,79,76,71,77
22840,"Fort Payne, AL (Micropolitan Statistical Area)",,Employment by place of work,,,,,,,,,,,
22840,"Fort Payne, AL (Micropolitan Statistical Area)",10,Total employment (number of jobs),27377,27769,28727,30151,30747,31823,31925,32578,34453,34979,35724
22840,"Fort Payne, AL (Micropolitan Statistical Area)",920,        Military,474,475,486,463,433,425,404,398,382,379,382
22860,"Fort Polk South, LA (Micropolitan Statistical Area)",,Employment by place of work,,,,,,,,,,,
22860,"Fort Polk South, LA (Micropolitan Statistical Area)",10,Total employment (number of jobs),29940,30262,29108,26224,25781,25262,24287,24037,24037,24497,24857
22860,"Fort Polk South, LA (Micropolitan Statistical Area)",920,        Military,15809,15996,14973,11156,10642,9834,8433,8144,7921,8434,8682
23140,"Frankfort, IN (Micropolitan Statistical Area)",,Employment by place of work,,,,,,,,,,,
23140,"Frankfort, IN (Micropolitan Statistical Area)",10,Total employment (number of jobs),13864,13986,14155,14387,15037,15588,15999,16007,15503,15186,15215
23140,"Frankfort, IN (Micropolitan Statistical Area)",920,        Military,159,157,154,150,140,131,124,120,116,115,119
23180,"Frankfort, KY (Micropolitan Statistical Area)",,Employment by place of work,,,,,,,,,,,
23180,"Frankfort, KY (Micropolitan Statistical Area)",10,Total employment (number of jobs),38717,39181,40001,40156,41272,42659,42646,43733,45000,45817,46744
23180,"Frankfort, KY (Micropolitan Statistical Area)",920,        Military,289,272,279,283,277,270,264,259,244,243,252
23240,"Fredericksburg, TX (Micropolitan Statistical Area)",,Employment by place of work,,,,,,,,,,,
23240,"Fredericksburg, TX (Micropolitan Statistical Area)",10,Total employment (number of jobs),9518,10227,10637,10856,11288,11811,12101,12588,12948,13034,13080
23240,"Fredericksburg, TX (Micropolitan Statistical Area)",920,        Military,63,62,62,60,57,58,55,54,52,52,53
23300,"Freeport, IL (Micropolitan Statistical Area)",,Employment by place of work,,,,,,,,,,,
23300,"Freeport, IL (Micropolitan Statistical Area)",10,Total employment (number of jobs),27590,27275,27569,28201,28568,28922,29395,28974,29618,29236,28987
23300,"Freeport, IL (Micropolitan Statistical Area)",920,        Military,168,164,158,150,136,125,120,115,110,108,108
23340,"Fremont, NE (Micropolitan Statistical Area)",,Employment by place of work,,,,,,,,,,,
23340,"Fremont, NE (Micropolitan Statistical Area)",10,Total employment (number of jobs),18500,18476,18519,18584,19858,19959,20418,20726,21100,21295,22186
23340,"Fremont, NE (Micropolitan Statistical Area)",920,        Military,215,203,197,185,172,164,155,157,156,147,152
23380,"Fremont, OH (Micropolitan Statistical Area)",,Employment by place of work,,,,,,,,,,,
23380,"Fremont, OH (Micropolitan Statistical Area)",10,Total employment (number of jobs),31620,31609,31021,31618,32733,33351,33547,33573,34298,34172,33457
23380,"Fremont, OH (Micropolitan Statistical Area)",920,        Military,224,223,219,198,183,177,168,165,159,156,160
23500,"Gaffney, SC (Micropolitan Statistical Area)",,Employment by place of work,,,,,,,,,,,
23500,"Gaffney, SC (Micropolitan Statistical Area)",10,Total employment (number of jobs),21931,21107,21564,22197,22463,22875,23166,23706,24906,25493,25864
23500,"Gaffney, SC (Micropolitan Statistical Area)",920,        Military,321,319,322,316,308,296,294,289,287,271,266
23620,"Gainesville, TX (Micropolitan Statistical Area)",,Employment by place of work,,,,,,,,,,,
23620,"Gainesville, TX (Micropolitan Statistical Area)",10,Total employment (number of jobs),15359,15562,15741,16021,16818,17319,17943,18962,20704,21159,21892
23620,"Gainesville, TX (Micropolitan Statistical Area)",920,        Military,113,109,110,102,98,99,96,95,91,92,93
23660,"Galesburg, IL (Micropolitan Statistical Area)",,Employment by place of work,,,,,,,,,,,
23660,"Galesburg, IL (Micropolitan Statistical Area)",10,Total employment (number of jobs),29064,29409,29665,30029,30304,30874,31088,31925,32644,32697,32613
23660,"Galesburg, IL (Micropolitan Statistical Area)",920,        Military,205,194,183,172,155,143,136,129,124,122,122
23700,"Gallup, NM (Micropolitan Statistical Area)",,Employment by place of work,,,,,,,,,,,
23700,"Gallup, NM (Micropolitan Statistical Area)",10,Total employment (number of jobs),21635,22213,23372,24518,25071,26126,26211,26079,26948,27485,27225
23700,"Gallup, NM (Micropolitan Statistical Area)",920,        Military,312,305,313,307,288,288,275,269,250,252,247
23780,"Garden City, KS (Micropolitan Statistical Area)",,Employment by place of work,,,,,,,,,,,
23780,"Garden City, KS (Micropolitan Statistical Area)",10,Total employment (number of jobs),22927,23601,24060,24336,24635,25709,26242,26389,26891,27432,27405
23780,"Garden City, KS (Micropolitan Statistical Area)",920,        Military,258,266,250,249,245,221,209,209,210,210,217
23820,"Gardnerville Ranchos, NV (Micropolitan Statistical Area)",,Employment by place of work,,,,,,,,,,,
23820,"Gardnerville Ranchos, NV (Micropolitan Statistical Area)",10,Total employment (number of jobs),23522,23197,22953,23813,24624,26048,26549,27861,27523,27808,29049
23820,"Gardnerville Ranchos, NV (Micropolitan Statistical Area)",920,        Military,87,86,92,86,81,74,85,80,78,76,79
23860,"Georgetown, SC (Micropolitan Statistical Area)",,Employment by place of work,,,,,,,,,,,
23860,"Georgetown, SC (Micropolitan Statistical Area)",10,Total employment (number of jobs),22403,21980,22229,22961,23869,25099,25945,27272,28980,29296,30515
23860,"Georgetown, SC (Micropolitan Statistical Area)",920,        Military,373,368,373,363,354,339,339,334,334,318,318
23940,"Gillette, WY (Micropolitan Statistical Area)",,Employment by place of work,,,,,,,,,,,
23940,"Gillette, WY (Micropolitan Statistical Area)",10,Total employment (number of jobs),26070,26829,26634,26593,27790,28076,28219,28842,29171,30018,31682
23940,"Gillette, WY (Micropolitan Statistical Area)",920,        Military,242,248,283,268,264,258,259,276,278,263,271
23980,"Glasgow, KY (Micropolitan Statistical Area)",,Employment by place of work,,,,,,,,,,,
23980,"Glasgow, KY (Micropolitan Statistical Area)",10,Total employment (number of jobs),23992,24153,24858,25688,26788,27949,27898,28731,29811,29898,30316
23980,"Glasgow, KY (Micropolitan Statistical Area)",920,        Military,191,186,190,189,176,171,167,166,161,158,162
24060,"Glenwood Springs, CO (Micropolitan Statistical Area)",,Employment by place of work,,,,,,,,,,,
24060,"Glenwood Springs, CO (Micropolitan Statistical Area)",10,Total employment (number of jobs),35472,34820,35010,37997,40523,41957,43581,45251,47002,48496,50693
24060,"Glenwood Springs, CO (Micropolitan Statistical Area)",920,        Military,177,176,179,171,172,154,161,163,162,153,167
24100,"Gloversville, NY (Micropolitan Statistical Area)",,Employment by place of work,,,,,,,,,,,
24100,"Gloversville, NY (Micropolitan Statistical Area)",10,Total employment (number of jobs),21251,20971,21497,21928,22702,22415,22089,22698,25218,25661,26226
24100,"Gloversville, NY (Micropolitan Statistical Area)",920,        Military,170,165,159,150,135,127,121,117,110,107,104
24180,"Granbury, TX (Micropolitan Statistical Area)",,Employment by place of work,,,,,,,,,,,
24180,"Granbury, TX (Micropolitan Statistical Area)",10,Total employment (number of jobs),9692,9843,9781,10051,10523,11503,12082,12421,12648,13199,13737
24180,"Granbury, TX (Micropolitan Statistical Area)",920,        Military,105,107,109,101,98,102,101,101,100,102,106
24330,"Grand Rapids, MN (Micropolitan Statistical Area)",,Employment by place of work,,,,,,,,,,,
24330,"Grand Rapids, MN (Micropolitan Statistical Area)",10,Total employment (number of jobs),17443,18310,18510,18603,19187,19700,20013,20402,20591,21474,21811
24330,"Grand Rapids, MN (Micropolitan Statistical Area)",920,        Military,229,226,220,208,192,187,178,176,174,171,166
24380,"Grants, NM (Micropolitan Statistical Area) *",,Employment by place of work,,,,,,,,,,,
24380,"Grants, NM (Micropolitan Statistical Area) *",10,Total employment (number of jobs),6175,6315,6387,6270,7038,7525,7449,7557,8130,8033,8585
24380,"Grants, NM (Micropolitan Statistical Area) *",920,        Military,120,111,110,109,101,101,95,94,87,87,85
24460,"Great Bend, KS (Micropolitan Statistical Area)",,Employment by place of work,,,,,,,,,,,
24460,"Great Bend, KS (Micropolitan Statistical Area)",10,Total employment (number of jobs),19271,19395,18791,19060,18821,19017,19224,19161,19465,19676,19432
24460,"Great Bend, KS (Micropolitan Statistical Area)",920,        Military,202,206,191,186,179,157,146,143,139,135,135
24620,"Greeneville, TN (Micropolitan Statistical Area)",,Employment by place of work,,,,,,,,,,,
24620,"Greeneville, TN (Micropolitan Statistical Area)",10,Total employment (number of jobs),33063,32221,31843,33332,33331,33558,33756,34449,35776,37029,37707
24620,"Greeneville, TN (Micropolitan Statistical Area)",920,        Military,336,334,314,295,270,256,253,250,239,234,251
24700,"Greensburg, IN (Micropolitan Statistical Area)",,Employment by place of work,,,,,,,,,,,
24700,"Greensburg, IN (Micropolitan Statistical Area)",10,Total employment (number of jobs),12358,12546,13161,14144,14972,15240,15625,16710,16908,18114,18271
24700,"Greensburg, IN (Micropolitan Statistical Area)",920,        Military,121,119,116,112,104,97,90,87,85,84,86
24740,"Greenville, MS (Micropolitan Statistical Area)",,Employment by place of work,,,,,,,,,,,
24740,"Greenville, MS (Micropolitan Statistical Area)",10,Total employment (number of jobs),30360,30055,29030,29846,31588,31600,31711,31845,31299,30187,29700
24740,"Greenville, MS (Micropolitan Statistical Area)",920,        Military,531,511,545,535,518,496,478,471,451,431,423
24820,"Greenville, OH (Micropolitan Statistical Area)",,Employment by place of work,,,,,,,,,,,
24820,"Greenville, OH (Micropolitan Statistical Area)",10,Total employment (number of jobs),23796,24136,23871,24759,25610,25935,26156,26570,27298,27958,28490
24820,"Greenville, OH (Micropolitan Statistical Area)",920,        Military,194,192,187,170,157,152,144,142,137,135,138
24900,"Greenwood, MS (Micropolitan Statistical Area)",,Employment by place of work,,,,,,,,,,,
24900,"Greenwood, MS (Micropolitan Statistical Area)",10,Total employment (number of jobs),21051,20817,20890,21571,22026,22612,22944,22870,22724,22624,22497
24900,"Greenwood, MS (Micropolitan Statistical Area)",920,        Military,352,348,378,376,366,354,342,345,335,324,320
24940,"Greenwood, SC (Micropolitan Statistical Area)",,Employment by place of work,,,,,,,,,,,
24940,"Greenwood, SC (Micropolitan Statistical Area)",10,Total employment (number of jobs),35490,34244,34635,35749,36997,39235,39387,40595,40474,40186,39788
24940,"Greenwood, SC (Micropolitan Statistical Area)",920,        Military,428,425,429,420,409,391,386,375,370,345,335
24980,"Grenada, MS (Micropolitan Statistical Area)",,Employment by place of work,,,,,,,,,,,
24980,"Grenada, MS (Micropolitan Statistical Area)",10,Total employment (number of jobs),11940,12015,12198,12495,12935,12944,13036,13253,13625,14000,14220
24980,"Grenada, MS (Micropolitan Statistical Area)",920,        Military,161,159,174,174,168,164,159,159,156,152,150
25100,"Guymon, OK (Micropolitan Statistical Area)",,Employment by place of work,,,,,,,,,,,
25100,"Guymon, OK (Micropolitan Statistical Area)",10,Total employment (number of jobs),7726,7791,7791,8230,8710,9503,11303,12685,12960,13187,13872
25100,"Guymon, OK (Micropolitan Statistical Area)",920,        Military,100,97,97,92,88,90,91,95,97,97,100
25200,"Hailey, ID (Micropolitan Statistical Area)",,Employment by place of work,,,,,,,,,,,
25200,"Hailey, ID (Micropolitan Statistical Area)",10,Total employment (number of jobs),12437,12452,12607,13285,14123,15319,15930,16081,16523,17155,18130
25200,"Hailey, ID (Micropolitan Statistical Area)",920,        Military,93,92,95,94,89,88,86,87,84,82,82
25300,"Hannibal, MO (Micropolitan Statistical Area)",,Employment by place of work,,,,,,,,,,,
25300,"Hannibal, MO (Micropolitan Statistical Area)",10,Total employment (number of jobs),18816,19219,19615,20128,20798,21233,21507,21976,22270,22665,22654
25300,"Hannibal, MO (Micropolitan Statistical Area)",920,        Military,204,198,189,182,166,181,182,178,167,178,148
25460,"Harrison, AR (Micropolitan Statistical Area)",,Employment by place of work,,,,,,,,,,,
25460,"Harrison, AR (Micropolitan Statistical Area)",10,Total employment (number of jobs),19339,19317,19740,20785,21057,21954,21912,22106,22444,22855,23540
25460,"Harrison, AR (Micropolitan Statistical Area)",920,        Military,261,258,256,255,296,315,271,235,227,224,222
25580,"Hastings, NE (Micropolitan Statistical Area)",,Employment by place of work,,,,,,,,,,,
25580,"Hastings, NE (Micropolitan Statistical Area)",10,Total employment (number of jobs),18817,18763,18802,18982,19773,19981,20446,20404,20653,21092,20592
25580,"Hastings, NE (Micropolitan Statistical Area)",920,        Military,232,221,180,160,151,145,134,135,134,126,130
25700,"Hays, KS (Micropolitan Statistical Area)",,Employment by place of work,,,,,,,,,,,
25700,"Hays, KS (Micropolitan Statistical Area)",10,Total employment (number of jobs),17650,17968,18060,18838,19313,20101,20568,21425,21936,21708,21448
25700,"Hays, KS (Micropolitan Statistical Area)",920,        Military,180,183,170,168,164,147,138,137,134,131,131
25720,"Heber, UT (Micropolitan Statistical Area)",,Employment by place of work,,,,,,,,,,,
25720,"Heber, UT (Micropolitan Statistical Area)",10,Total employment (number of jobs),15846,16434,17376,18882,21680,23229,25053,27383,28486,29902,31225
25720,"Heber, UT (Micropolitan Statistical Area)",920,        Military,205,263,261,271,274,267,281,279,288,293,305
25740,"Helena, MT (Micropolitan Statistical Area)",,Employment by place of work,,,,,,,,,,,
25740,"Helena, MT (Micropolitan Statistical Area)",10,Total employment (number of jobs),33457,34143,35185,36187,38145,39396,40779,41069,41362,42157,43319
25740,"Helena, MT (Micropolitan Statistical Area)",920,        Military,432,433,433,411,381,373,363,365,361,364,353
25760,"Helena-West Helena, AR (Micropolitan Statistical Area)",,Employment by place of work,,,,,,,,,,,
25760,"Helena-West Helena, AR (Micropolitan Statistical Area)",10,Total employment (number of jobs),11102,11216,11338,11368,11335,11377,11227,11031,10832,10468,10280
25760,"Helena-West Helena, AR (Micropolitan Statistical Area)",920,        Military,208,199,193,187,176,169,161,157,148,143,137
25780,"Henderson, NC (Micropolitan Statistical Area)",,Employment by place of work,,,,,,,,,,,
25780,"Henderson, NC (Micropolitan Statistical Area)",10,Total employment (number of jobs),21905,21485,21714,21862,21704,21820,22346,22436,22428,22990,22939
25780,"Henderson, NC (Micropolitan Statistical Area)",920,        Military,147,145,150,147,150,133,132,129,126,123,117
25820,"Hereford, TX (Micropolitan Statistical Area)",,Employment by place of work,,,,,,,,,,,
25820,"Hereford, TX (Micropolitan Statistical Area)",10,Total employment (number of jobs),8968,8857,9026,9353,9207,9166,9154,9158,9070,8938,9052
25820,"Hereford, TX (Micropolitan Statistical Area)",920,        Military,70,66,65,61,58,57,54,52,49,48,47
25840,"Hermiston-Pendleton, OR (Micropolitan Statistical Area)",,Employment by place of work,,,,,,,,,,,
25840,"Hermiston-Pendleton, OR (Micropolitan Statistical Area)",10,Total employment (number of jobs),34295,34622,34399,35426,37005,37925,38793,40085,41966,43401,43147
25840,"Hermiston-Pendleton, OR (Micropolitan Statistical Area)",920,        Military,361,364,355,345,326,318,309,300,279,279,284
25880,"Hillsdale, MI (Micropolitan Statistical Area)",,Employment by place of work,,,,,,,,,,,
25880,"Hillsdale, MI (Micropolitan Statistical Area)",10,Total employment (number of jobs),18086,17842,18635,19255,19876,20627,21372,21992,22709,23622,23996
25880,"Hillsdale, MI (Micropolitan Statistical Area)",920,        Military,140,137,132,124,112,107,102,98,91,90,91
25900,"Hilo, HI (Micropolitan Statistical Area)",,Employment by place of work,,,,,,,,,,,
25900,"Hilo, HI (Micropolitan Statistical Area)",10,Total employment (number of jobs),66935,71389,69829,70520,70151,70202,71989,73636,74381,76060,78228
25900,"Hilo, HI (Micropolitan Statistical Area)",920,        Military,1214,1267,1248,1258,1237,1183,1214,1224,1341,1317,1306
26020,"Hobbs, NM (Micropolitan Statistical Area)",,Employment by place of work,,,,,,,,,,,
26020,"Hobbs, NM (Micropolitan Statistical Area)",10,Total employment (number of jobs),27298,27090,26612,27109,26559,27937,27987,28435,27967,26548,28299
26020,"Hobbs, NM (Micropolitan Statistical Area)",920,        Military,281,264,266,261,240,232,217,209,194,193,182
26090,"Holland, MI (Micropolitan Statistical Area)",,Employment by place of work,,,,,,,,,,,
26090,"Holland, MI (Micropolitan Statistical Area)",10,Total employment (number of jobs),38197,39308,40429,42419,44716,46366,47591,50008,53063,54822,54896
26090,"Holland, MI (Micropolitan Statistical Area)",920,        Military,293,287,280,267,241,234,225,217,203,205,207
26220,"Hood River, OR (Micropolitan Statistical Area)",,Employment by place of work,,,,,,,,,,,
26220,"Hood River, OR (Micropolitan Statistical Area)",10,Total employment (number of jobs),11012,10918,10801,11155,11720,12199,12476,12751,12901,13113,13256
26220,"Hood River, OR (Micropolitan Statistical Area)",920,        Military,82,81,79,76,72,71,70,70,66,66,67
26260,"Hope, AR (Micropolitan Statistical Area)",,Employment by place of work,,,,,,,,,,,
26260,"Hope, AR (Micropolitan Statistical Area)",10,Total employment (number of jobs),13211,13576,14143,14588,14992,15485,15670,16234,15866,15967,16006
26260,"Hope, AR (Micropolitan Statistical Area)",920,        Military,230,225,222,218,205,199,192,188,182,180,174
26340,"Houghton, MI (Micropolitan Statistical Area)",,Employment by place of work,,,,,,,,,,,
26340,"Houghton, MI (Micropolitan Statistical Area)",10,Total employment (number of jobs),14822,14951,15024,15415,16339,16828,17466,17726,18010,18363,18770
26340,"Houghton, MI (Micropolitan Statistical Area)",920,        Military,154,151,148,145,134,129,121,119,112,107,106
26460,"Hudson, NY (Micropolitan Statistical Area)",,Employment by place of work,,,,,,,,,,,
26460,"Hudson, NY (Micropolitan Statistical Area)",10,Total employment (number of jobs),25125,24585,25614,26700,26997,26933,27008,27804,28850,29931,31263
26460,"Hudson, NY (Micropolitan Statistical Area)",920,        Military,197,189,184,173,155,146,138,132,125,122,118
26500,"Huntingdon, PA (Micropolitan Statistical Area)",,Employment by place of work,,,,,,,,,,,
26500,"Huntingdon, PA (Micropolitan Statistical Area)",10,Total employment (number of jobs),16487,16475,16538,16961,17243,17380,17122,17742,17760,17909,18284
26500,"Huntingdon, PA (Micropolitan Statistical Area)",920,        Military,195,199,199,194,182,169,160,153,150,149,143
26540,"Huntington, IN (Micropolitan Statistical Area)",,Employment by place of work,,,,,,,,,,,
26540,"Huntington, IN (Micropolitan Statistical Area)",10,Total employment (number of jobs),18840,18229,19008,20138,20474,21988,22402,22213,21579,21426,21187
26540,"Huntington, IN (Micropolitan Statistical Area)",920,        Military,181,179,174,169,157,148,139,134,130,130,134
26660,"Huntsville, TX (Micropolitan Statistical Area)",,Employment by place of work,,,,,,,,,,,
26660,"Huntsville, TX (Micropolitan Statistical Area)",10,Total employment (number of jobs),22895,22934,22992,23530,24884,25663,25977,27460,27118,27551,27830
26660,"Huntsville, TX (Micropolitan Statistical Area)",920,        Military,192,193,194,184,177,179,172,167,163,164,163
26700,"Huron, SD (Micropolitan Statistical Area)",,Employment by place of work,,,,,,,,,,,
26700,"Huron, SD (Micropolitan Statistical Area)",10,Total employment (number of jobs),11815,11665,11771,12118,12834,12744,12961,12707,12345,12340,12651
26700,"Huron, SD (Micropolitan Statistical Area)",920,        Military,171,161,161,158,149,146,144,145,141,136,134
26740,"Hutchinson, KS (Micropolitan Statistical Area)",,Employment by place of work,,,,,,,,,,,
26740,"Hutchinson, KS (Micropolitan Statistical Area)",10,Total employment (number of jobs),35147,34996,35076,36032,36484,37868,38506,39147,39266,38076,37638
26740,"Hutchinson, KS (Micropolitan Statistical Area)",920,        Military,439,448,411,403,387,343,323,317,312,308,310
26780,"Hutchinson, MN (Micropolitan Statistical Area)",,Employment by place of work,,,,,,,,,,,
26780,"Hutchinson, MN (Micropolitan Statistical Area)",10,Total employment (number of jobs),20419,21032,21497,21905,22565,23355,24519,24811,24723,24384,23520
26780,"Hutchinson, MN (Micropolitan Statistical Area)",920,        Military,179,177,172,163,151,145,140,138,137,136,132
26860,"Indiana, PA (Micropolitan Statistical Area)",,Employment by place of work,,,,,,,,,,,
26860,"Indiana, PA (Micropolitan Statistical Area)",10,Total employment (number of jobs),39366,39516,39243,37991,38704,39465,40065,41210,41590,42050,42364
26860,"Indiana, PA (Micropolitan Statistical Area)",920,        Military,414,424,425,409,387,358,337,321,314,312,300
26940,"Indianola, MS (Micropolitan Statistical Area)",,Employment by place of work,,,,,,,,,,,
26940,"Indianola, MS (Micropolitan Statistical Area)",10,Total employment (number of jobs),15707,15720,15732,15532,15080,15470,15174,15013,14866,15137,15267
26940,"Indianola, MS (Micropolitan Statistical Area)",920,        Military,262,264,287,285,274,268,252,244,233,225,222
27020,"Iron Mountain, MI-WI (Micropolitan Statistical Area)",,Employment by place of work,,,,,,,,,,,
27020,"Iron Mountain, MI-WI (Micropolitan Statistical Area)",10,Total employment (number of jobs),17559,15959,16189,16710,17452,18701,19557,19002,18932,18930,19576
27020,"Iron Mountain, MI-WI (Micropolitan Statistical Area)",920,        Military,110,107,106,101,90,86,82,79,74,73,72
27160,"Jackson, OH (Micropolitan Statistical Area)",,Employment by place of work,,,,,,,,,,,
27160,"Jackson, OH (Micropolitan Statistical Area)",10,Total employment (number of jobs),11412,11866,12151,12573,12979,13600,13761,14173,14308,14643,14688
27160,"Jackson, OH (Micropolitan Statistical Area)",920,        Military,110,110,109,100,93,90,86,86,83,82,85
27220,"Jackson, WY-ID (Micropolitan Statistical Area)",,Employment by place of work,,,,,,,,,,,
27220,"Jackson, WY-ID (Micropolitan Statistical Area)",10,Total employment (number of jobs),15301,16401,17228,18123,19957,20472,20953,21529,22515,23725,25153
27220,"Jackson, WY-ID (Micropolitan Statistical Area)",920,        Military,88,93,107,108,109,110,113,122,127,125,130
27300,"Jacksonville, IL (Micropolitan Statistical Area)",,Employment by place of work,,,,,,,,,,,
27300,"Jacksonville, IL (Micropolitan Statistical Area)",10,Total employment (number of jobs),22432,22465,22203,22243,23305,23162,22848,23203,23207,23632,24036
27300,"Jacksonville, IL (Micropolitan Statistical Area)",920,        Military,147,143,136,130,117,108,103,98,93,91,92
27380,"Jacksonville, TX (Micropolitan Statistical Area)",,Employment by place of work,,,,,,,,,,,
27380,"Jacksonville, TX (Micropolitan Statistical Area)",10,Total employment (number of jobs),19128,19314,19519,19750,20139,21002,21999,22444,23774,23825,23860
27380,"Jacksonville, TX (Micropolitan Statistical Area)",920,        Military,149,145,144,135,127,130,125,123,119,119,119
27420,"Jamestown, ND (Micropolitan Statistical Area)",,Employment by place of work,,,,,,,,,,,
27420,"Jamestown, ND (Micropolitan Statistical Area)",10,Total employment (number of jobs),12383,12552,12743,12925,13252,13442,13685,13958,14168,14188,14171
27420,"Jamestown, ND (Micropolitan Statistical Area)",920,        Military,220,208,218,216,192,186,177,174,174,172,176
27460,"Jamestown-Dunkirk-Fredonia, NY (Micropolitan Statistical Area)",,Employment by place of work,,,,,,,,,,,
27460,"Jamestown-Dunkirk-Fredonia, NY (Micropolitan Statistical Area)",10,Total employment (number of jobs),70930,70309,69182,71437,72826,71466,71467,71816,71948,72233,73532
27460,"Jamestown-Dunkirk-Fredonia, NY (Micropolitan Statistical Area)",920,        Military,458,440,421,397,354,330,308,293,279,273,266
27530,"Jasper, AL (Micropolitan Statistical Area)",,Employment by place of work,,,,,,,,,,,
27530,"Jasper, AL (Micropolitan Statistical Area)",10,Total employment (number of jobs),25991,25271,25494,25606,25444,26333,28145,27647,27416,27890,28103
27530,"Jasper, AL (Micropolitan Statistical Area)",920,        Military,585,576,583,547,500,494,469,460,433,422,419
27540,"Jasper, IN (Micropolitan Statistical Area)",,Employment by place of work,,,,,,,,,,,
27540,"Jasper, IN (Micropolitan Statistical Area)",10,Total employment (number of jobs),32271,32403,33012,33906,34853,36227,36807,37425,38368,38968,39613
27540,"Jasper, IN (Micropolitan Statistical Area)",920,        Military,251,248,241,233,217,204,191,185,179,179,184
27600,"Jefferson, GA (Micropolitan Statistical Area)",,Employment by place of work,,,,,,,,,,,
27600,"Jefferson, GA (Micropolitan Statistical Area)",10,Total employment (number of jobs),13009,12922,13188,14771,15897,17391,18222,19592,18927,19384,20187
27600,"Jefferson, GA (Micropolitan Statistical Area)",920,        Military,133,133,146,144,139,140,140,142,146,148,139
27660,"Jennings, LA (Micropolitan Statistical Area)",,Employment by place of work,,,,,,,,,,,
27660,"Jennings, LA (Micropolitan Statistical Area)",10,Total employment (number of jobs),10483,10760,10363,10423,10553,10793,10713,11146,11129,10740,10652
27660,"Jennings, LA (Micropolitan Statistical Area)",920,        Military,185,181,195,204,189,186,182,176,172,171,158
27700,"Jesup, GA (Micropolitan Statistical Area)",,Employment by place of work,,,,,,,,,,,
27700,"Jesup, GA (Micropolitan Statistical Area)",10,Total employment (number of jobs),10117,10436,10360,10551,10613,11021,10897,11220,11439,12011,12167
27700,"Jesup, GA (Micropolitan Statistical Area)",920,        Military,99,100,110,107,101,101,97,97,97,96,88
27940,"Juneau, AK (Micropolitan Statistical Area)",,Employment by place of work,,,,,,,,,,,
27940,"Juneau, AK (Micropolitan Statistical Area)",10,Total employment (number of jobs),17922,18392,18618,18866,19585,20505,20932,21193,21078,20955,21384
27940,"Juneau, AK (Micropolitan Statistical Area)",920,        Military,481,485,500,492,491,479,468,470,434,413,425
28060,"Kalispell, MT (Micropolitan Statistical Area)",,Employment by place of work,,,,,,,,,,,
28060,"Kalispell, MT (Micropolitan Statistical Area)",10,Total employment (number of jobs),33017,34204,36104,38853,41133,42355,44504,44800,45467,46624,48655
28060,"Kalispell, MT (Micropolitan Statistical Area)",920,        Military,459,462,466,449,422,418,404,409,403,409,389
28180,"Kapaa, HI (Micropolitan Statistical Area)",,Employment by place of work,,,,,,,,,,,
28180,"Kapaa, HI (Micropolitan Statistical Area)",10,Total employment (number of jobs),32726,34704,33529,31742,32342,33183,33293,33321,34429,35304,36080
28180,"Kapaa, HI (Micropolitan Statistical Area)",920,        Military,619,652,629,627,617,597,612,602,631,611,599
28260,"Kearney, NE (Micropolitan Statistical Area)",,Employment by place of work,,,,,,,,,,,
28260,"Kearney, NE (Micropolitan Statistical Area)",10,Total employment (number of jobs),26176,26474,27667,28620,30233,30363,31346,31733,32508,33278,34292
28260,"Kearney, NE (Micropolitan Statistical Area)",920,        Military,280,268,261,248,231,221,208,209,210,198,204
28300,"Keene, NH (Micropolitan Statistical Area)",,Employment by place of work,,,,,,,,,,,
28300,"Keene, NH (Micropolitan Statistical Area)",10,Total employment (number of jobs),38167,37259,38520,38622,39607,40167,40997,41145,42725,43690,44639
28300,"Keene, NH (Micropolitan Statistical Area)",920,        Military,301,315,309,280,269,265,256,257,252,246,247
28340,"Kendallville, IN (Micropolitan Statistical Area)",,Employment by place of work,,,,,,,,,,,
28340,"Kendallville, IN (Micropolitan Statistical Area)",10,Total employment (number of jobs),19966,19456,21128,22241,23989,24570,25395,25545,26775,26852,28014
28340,"Kendallville, IN (Micropolitan Statistical Area)",920,        Military,195,193,189,186,176,168,160,156,154,156,163
28380,"Kennett, MO (Micropolitan Statistical Area)",,Employment by place of work,,,,,,,,,,,
28380,"Kennett, MO (Micropolitan Statistical Area)",10,Total employment (number of jobs),13397,12816,13067,13376,13463,13990,14303,14224,14538,14217,14243
28380,"Kennett, MO (Micropolitan Statistical Area)",920,        Military,186,180,170,164,149,162,165,159,148,157,129
28500,"Kerrville, TX (Micropolitan Statistical Area)",,Employment by place of work,,,,,,,,,,,
28500,"Kerrville, TX (Micropolitan Statistical Area)",10,Total employment (number of jobs),18088,18327,18717,19693,20261,21107,22019,22975,23589,23751,24419
28500,"Kerrville, TX (Micropolitan Statistical Area)",920,        Military,132,130,131,124,119,121,117,115,111,110,112
28540,"Ketchikan, AK (Micropolitan Statistical Area) *",,Employment by place of work,,,,,,,,,,,
28540,"Ketchikan, AK (Micropolitan Statistical Area) *",10,Total employment (number of jobs),10702,10256,10207,10434,10534,10928,10894,10253,9932,9976,10048
28540,"Ketchikan, AK (Micropolitan Statistical Area) *",920,        Military,343,341,351,347,323,326,316,312,325,341,339
28580,"Key West, FL (Micropolitan Statistical Area)",,Employment by place of work,,,,,,,,,,,
28580,"Key West, FL (Micropolitan Statistical Area)",10,Total employment (number of jobs),43697,43856,44214,45711,46107,47456,48716,50528,52382,52040,53458
28580,"Key West, FL (Micropolitan Statistical Area)",920,        Military,3455,3494,3355,2990,2190,2028,1778,1641,1553,1542,1567
28620,"Kill Devil Hills, NC (Micropolitan Statistical Area)",,Employment by place of work,,,,,,,,,,,
28620,"Kill Devil Hills, NC (Micropolitan Statistical Area)",10,Total employment (number of jobs),16987,16985,17220,17895,18982,19968,20565,22064,22820,24051,24484
28620,"Kill Devil Hills, NC (Micropolitan Statistical Area)",920,        Military,206,209,216,219,229,223,229,233,237,230,224
28780,"Kingsville, TX (Micropolitan Statistical Area)",,Employment by place of work,,,,,,,,,,,
28780,"Kingsville, TX (Micropolitan Statistical Area)",10,Total employment (number of jobs),13606,13431,13557,14314,14011,13818,14238,14459,14532,14189,14112
28780,"Kingsville, TX (Micropolitan Statistical Area)",920,        Military,960,933,896,897,844,783,761,739,711,670,617
28820,"Kinston, NC (Micropolitan Statistical Area)",,Employment by place of work,,,,,,,,,,,
28820,"Kinston, NC (Micropolitan Statistical Area)",10,Total employment (number of jobs),34901,34819,36930,36769,36750,37774,37511,38119,37296,36594,36179
28820,"Kinston, NC (Micropolitan Statistical Area)",920,        Military,216,212,220,216,219,196,193,185,179,173,161
28860,"Kirksville, MO (Micropolitan Statistical Area)",,Employment by place of work,,,,,,,,,,,
28860,"Kirksville, MO (Micropolitan Statistical Area)",10,Total employment (number of jobs),15304,15232,16096,16630,17306,17748,17878,17813,17639,17644,17713
28860,"Kirksville, MO (Micropolitan Statistical Area)",920,        Military,167,161,153,149,135,147,148,143,132,140,116
28900,"Klamath Falls, OR (Micropolitan Statistical Area)",,Employment by place of work,,,,,,,,,,,
28900,"Klamath Falls, OR (Micropolitan Statistical Area)",10,Total employment (number of jobs),28438,27800,28202,28448,29263,30633,31882,32137,31662,31979,32792
28900,"Klamath Falls, OR (Micropolitan Statistical Area)",920,        Military,289,288,277,262,248,240,232,231,216,213,215
29060,"Laconia, NH (Micropolitan Statistical Area)",,Employment by place of work,,,,,,,,,,,
29060,"Laconia, NH (Micropolitan Statistical Area)",10,Total employment (number of jobs),28785,27423,27530,27835,29324,30416,31014,32566,34406,35872,36051
29060,"Laconia, NH (Micropolitan Statistical Area)",920,        Military,212,220,216,198,193,192,188,189,188,186,189
29260,"La Grande, OR (Micropolitan Statistical Area)",,Employment by place of work,,,,,,,,,,,
29260,"La Grande, OR (Micropolitan Statistical Area)",10,Total employment (number of jobs),12896,12734,12715,13063,13638,14101,14291,14423,14472,14748,15118
29260,"La Grande, OR (Micropolitan Statistical Area)",920,        Military,114,114,109,105,98,93,91,89,82,84,85
29300,"LaGrange, GA-AL (Micropolitan Statistical Area)",,Employment by place of work,,,,,,,,,,,
29300,"LaGrange, GA-AL (Micropolitan Statistical Area)",10,Total employment (number of jobs),49508,47472,47449,48102,48265,51487,52398,53141,53828,55007,56155
29300,"LaGrange, GA-AL (Micropolitan Statistical Area)",920,        Military,564,556,576,548,506,497,472,459,443,431,411
29380,"Lake City, FL (Micropolitan Statistical Area)",,Employment by place of work,,,,,,,,,,,
29380,"Lake City, FL (Micropolitan Statistical Area)",10,Total employment (number of jobs),17431,17477,17825,18799,19042,20120,21134,22468,22897,22786,22979
29380,"Lake City, FL (Micropolitan Statistical Area)",920,        Military,124,125,125,121,118,120,120,119,118,116,120
29500,"Lamesa, TX (Micropolitan Statistical Area)",,Employment by place of work,,,,,,,,,,,
29500,"Lamesa, TX (Micropolitan Statistical Area)",10,Total employment (number of jobs),6532,6544,6519,7011,7036,7086,7066,7056,6834,6657,7103
29500,"Lamesa, TX (Micropolitan Statistical Area)",920,        Military,52,50,50,50,46,47,44,42,40,39,38
29660,"Laramie, WY (Micropolitan Statistical Area)",,Employment by place of work,,,,,,,,,,,
29660,"Laramie, WY (Micropolitan Statistical Area)",10,Total employment (number of jobs),17581,17566,17917,18074,18945,19287,19593,19809,20055,20380,21104
29660,"Laramie, WY (Micropolitan Statistical Area)",920,        Military,192,195,219,210,205,201,200,208,209,198,195
29780,"Las Vegas, NM (Micropolitan Statistical Area)",,Employment by place of work,,,,,,,,,,,
29780,"Las Vegas, NM (Micropolitan Statistical Area)",10,Total employment (number of jobs),10999,11203,11282,11823,12512,12886,12883,12998,13369,13430,13895
29780,"Las Vegas, NM (Micropolitan Statistical Area)",920,        Military,153,146,147,147,139,139,133,129,120,120,116
29860,"Laurel, MS (Micropolitan Statistical Area)",,Employment by place of work,,,,,,,,,,,
29860,"Laurel, MS (Micropolitan Statistical Area)",10,Total employment (number of jobs),33187,33846,34500,36064,37631,38319,39553,40478,41518,42320,42741
29860,"Laurel, MS (Micropolitan Statistical Area)",920,        Military,590,575,629,624,608,587,567,567,556,541,537
29900,"Laurinburg, NC (Micropolitan Statistical Area)",,Employment by place of work,,,,,,,,,,,
29900,"Laurinburg, NC (Micropolitan Statistical Area)",10,Total employment (number of jobs),17730,17605,17917,18777,19631,20413,20500,20556,20342,20988,20649
29900,"Laurinburg, NC (Micropolitan Statistical Area)",920,        Military,127,125,129,127,129,115,114,110,107,104,98
29980,"Lawrenceburg, TN (Micropolitan Statistical Area)",,Employment by place of work,,,,,,,,,,,
29980,"Lawrenceburg, TN (Micropolitan Statistical Area)",10,Total employment (number of jobs),17644,18149,19257,19758,20256,20833,20481,20834,20690,20488,19902
29980,"Lawrenceburg, TN (Micropolitan Statistical Area)",920,        Military,212,212,200,190,178,168,166,163,153,149,159
30060,"Lebanon, MO (Micropolitan Statistical Area)",,Employment by place of work,,,,,,,,,,,
30060,"Lebanon, MO (Micropolitan Statistical Area)",10,Total employment (number of jobs),14504,14007,14519,15406,16064,16777,17423,18000,18389,18676,19421
30060,"Lebanon, MO (Micropolitan Statistical Area)",920,        Military,153,149,143,141,130,143,148,148,141,151,127
30100,"Lebanon, NH-VT (Micropolitan Statistical Area)",,Employment by place of work,,,,,,,,,,,
30100,"Lebanon, NH-VT (Micropolitan Statistical Area)",10,Total employment (number of jobs),114010,110689,113032,115962,120178,120785,122320,125179,129686,130567,133058
30100,"Lebanon, NH-VT (Micropolitan Statistical Area)",920,        Military,1199,1234,1235,1177,1142,1136,1108,1078,1055,1053,1054
30220,"Levelland, TX (Micropolitan Statistical Area)",,Employment by place of work,,,,,,,,,,,
30220,"Levelland, TX (Micropolitan Statistical Area)",10,Total employment (number of jobs),11610,11743,11498,11975,11818,11845,11834,12157,11612,11296,11724
30220,"Levelland, TX (Micropolitan Statistical Area)",920,        Military,88,86,85,79,73,71,67,64,61,59,58
30260,"Lewisburg, PA (Micropolitan Statistical Area)",,Employment by place of work,,,,,,,,,,,
30260,"Lewisburg, PA (Micropolitan Statistical Area)",10,Total employment (number of jobs),19589,19369,19344,19669,20287,20918,21231,21679,21925,21588,22410
30260,"Lewisburg, PA (Micropolitan Statistical Area)",920,        Military,172,177,175,176,176,162,155,147,143,142,137
30280,"Lewisburg, TN (Micropolitan Statistical Area)",,Employment by place of work,,,,,,,,,,,
30280,"Lewisburg, TN (Micropolitan Statistical Area)",10,Total employment (number of jobs),13576,13098,14483,15114,15757,15730,16109,16381,15856,16420,16867
30280,"Lewisburg, TN (Micropolitan Statistical Area)",920,        Military,130,132,126,120,113,108,108,107,102,99,107
30380,"Lewistown, PA (Micropolitan Statistical Area)",,Employment by place of work,,,,,,,,,,,
30380,"Lewistown, PA (Micropolitan Statistical Area)",10,Total employment (number of jobs),21125,21093,20915,21015,21348,22097,21831,21907,21783,22091,22327
30380,"Lewistown, PA (Micropolitan Statistical Area)",920,        Military,206,209,209,202,190,176,165,158,155,153,147
30420,"Lexington, NE (Micropolitan Statistical Area)",,Employment by place of work,,,,,,,,,,,
30420,"Lexington, NE (Micropolitan Statistical Area)",10,Total employment (number of jobs),12439,13931,14231,14884,15138,15437,15847,15984,16090,16177,16248
30420,"Lexington, NE (Micropolitan Statistical Area)",920,        Military,136,134,136,132,124,119,112,113,113,107,111
30580,"Liberal, KS (Micropolitan Statistical Area)",,Employment by place of work,,,,,,,,,,,
30580,"Liberal, KS (Micropolitan Statistical Area)",10,Total employment (number of jobs),12577,13551,13282,13480,13898,14268,14408,14678,14976,14965,14977
30580,"Liberal, KS (Micropolitan Statistical Area)",920,        Military,129,133,124,125,124,112,107,107,106,105,108
30660,"Lincoln, IL (Micropolitan Statistical Area)",,Employment by place of work,,,,,,,,,,,
30660,"Lincoln, IL (Micropolitan Statistical Area)",10,Total employment (number of jobs),15510,15624,15309,15449,14678,14876,14347,14108,14639,14907,15032
30660,"Lincoln, IL (Micropolitan Statistical Area)",920,        Military,107,104,100,94,85,79,75,71,70,68,68
30820,"Lock Haven, PA (Micropolitan Statistical Area)",,Employment by place of work,,,,,,,,,,,
30820,"Lock Haven, PA (Micropolitan Statistical Area)",10,Total employment (number of jobs),14317,14263,14709,15246,15308,15383,15375,15686,16534,17217,17741
30820,"Lock Haven, PA (Micropolitan Statistical Area)",920,        Military,165,167,168,162,153,141,132,127,124,124,119
30900,"Logansport, IN (Micropolitan Statistical Area)",,Employment by place of work,,,,,,,,,,,
30900,"Logansport, IN (Micropolitan Statistical Area)",10,Total employment (number of jobs),19663,19736,19674,19564,19089,19816,20767,21500,22044,22196,22420
30900,"Logansport, IN (Micropolitan Statistical Area)",920,        Military,197,194,189,182,169,159,148,146,139,139,144
30940,"London, KY (Micropolitan Statistical Area)",,Employment by place of work,,,,,,,,,,,
30940,"London, KY (Micropolitan Statistical Area)",10,Total employment (number of jobs),49752,49963,51282,53199,53802,56758,57535,58246,60117,62595,63604
30940,"London, KY (Micropolitan Statistical Area)",920,        Military,572,559,577,574,539,516,506,498,486,477,487
31060,"Los Alamos, NM (Micropolitan Statistical Area)",,Employment by place of work,,,,,,,,,,,
31060,"Los Alamos, NM (Micropolitan Statistical Area)",10,Total employment (number of jobs),18423,18478,18786,19104,18873,18685,18170,18570,19037,19480,19696
31060,"Los Alamos, NM (Micropolitan Statistical Area)",920,        Military,106,100,94,88,79,79,75,73,68,66,63
31220,"Ludington, MI (Micropolitan Statistical Area)",,Employment by place of work,,,,,,,,,,,
31220,"Ludington, MI (Micropolitan Statistical Area)",10,Total employment (number of jobs),11416,11985,12256,12726,13662,13609,13655,14154,14411,14804,15617
31220,"Ludington, MI (Micropolitan Statistical Area)",920,        Military,99,97,95,92,83,80,78,75,72,70,71
31260,"Lufkin, TX (Micropolitan Statistical Area)",,Employment by place of work,,,,,,,,,,,
31260,"Lufkin, TX (Micropolitan Statistical Area)",10,Total employment (number of jobs),36202,36877,37433,38868,39792,41003,42155,43907,44417,44147,45251
31260,"Lufkin, TX (Micropolitan Statistical Area)",920,        Military,255,251,253,239,228,228,219,215,207,205,206
31300,"Lumberton, NC (Micropolitan Statistical Area)",,Employment by place of work,,,,,,,,,,,
31300,"Lumberton, NC (Micropolitan Statistical Area)",10,Total employment (number of jobs),44878,45339,47440,50326,50839,51765,52055,53740,53381,52550,50946
31300,"Lumberton, NC (Micropolitan Statistical Area)",920,        Military,398,394,412,409,419,378,376,368,363,356,339
31380,"Macomb, IL (Micropolitan Statistical Area)",,Employment by place of work,,,,,,,,,,,
31380,"Macomb, IL (Micropolitan Statistical Area)",10,Total employment (number of jobs),18518,18559,18553,18797,19215,19316,19494,19802,19265,19361,19173
31380,"Macomb, IL (Micropolitan Statistical Area)",920,        Military,132,129,123,114,106,96,93,85,79,77,77
31500,"Madison, IN (Micropolitan Statistical Area)",,Employment by place of work,,,,,,,,,,,
31500,"Madison, IN (Micropolitan Statistical Area)",10,Total employment (number of jobs),16038,15986,16489,16770,17080,17441,17310,17491,17467,17419,17634
31500,"Madison, IN (Micropolitan Statistical Area)",920,        Military,155,152,148,144,134,125,115,112,108,108,111
31580,"Madisonville, KY (Micropolitan Statistical Area)",,Employment by place of work,,,,,,,,,,,
31580,"Madisonville, KY (Micropolitan Statistical Area)",10,Total employment (number of jobs),22688,22276,21700,22186,22275,22692,22919,23188,23069,22565,22449
31580,"Madisonville, KY (Micropolitan Statistical Area)",920,        Military,205,199,202,197,184,175,170,165,160,155,156
31620,"Magnolia, AR (Micropolitan Statistical Area)",,Employment by place of work,,,,,,,,,,,
31620,"Magnolia, AR (Micropolitan Statistical Area)",10,Total employment (number of jobs),12745,13035,13020,13161,13065,13254,13243,13056,13094,13240,13350
31620,"Magnolia, AR (Micropolitan Statistical Area)",920,        Military,190,185,178,172,162,158,151,148,141,137,133
31660,"Malone, NY (Micropolitan Statistical Area)",,Employment by place of work,,,,,,,,,,,
31660,"Malone, NY (Micropolitan Statistical Area)",10,Total employment (number of jobs),20532,20663,20996,21304,21602,21467,21762,21458,21183,22113,22897
31660,"Malone, NY (Micropolitan Statistical Area)",920,        Military,146,143,141,134,121,114,108,103,97,98,96
31680,"Malvern, AR (Micropolitan Statistical Area)",,Employment by place of work,,,,,,,,,,,
31680,"Malvern, AR (Micropolitan Statistical Area)",10,Total employment (number of jobs),9590,9159,9210,9554,9846,10354,10704,10722,10853,10983,11168
31680,"Malvern, AR (Micropolitan Statistical Area)",920,        Military,189,185,183,183,175,172,169,167,162,161,158
31820,"Manitowoc, WI (Micropolitan Statistical Area)",,Employment by place of work,,,,,,,,,,,
31820,"Manitowoc, WI (Micropolitan Statistical Area)",10,Total employment (number of jobs),41353,41893,41753,42065,44008,44581,44805,44876,45448,44733,45582
31820,"Manitowoc, WI (Micropolitan Statistical Area)",920,        Military,408,394,396,385,353,335,313,315,304,304,293
31930,"Marietta, OH (Micropolitan Statistical Area)",,Employment by place of work,,,,,,,,,,,
31930,"Marietta, OH (Micropolitan Statistical Area)",10,Total employment (number of jobs),29679,30210,30128,30701,31713,32775,32767,33109,32512,32496,32435
31930,"Marietta, OH (Micropolitan Statistical Area)",920,        Military,226,223,219,201,187,181,172,170,163,160,164
31940,"Marinette, WI-MI (Micropolitan Statistical Area)",,Employment by place of work,,,,,,,,,,,
31940,"Marinette, WI-MI (Micropolitan Statistical Area)",10,Total employment (number of jobs),32009,31850,32355,32917,33819,34631,34965,36086,36869,37740,38162
31940,"Marinette, WI-MI (Micropolitan Statistical Area)",920,        Military,283,272,269,287,299,305,274,287,258,253,245
31980,"Marion, IN (Micropolitan Statistical Area)",,Employment by place of work,,,,,,,,,,,
31980,"Marion, IN (Micropolitan Statistical Area)",10,Total employment (number of jobs),38863,38265,38221,38128,38739,39110,39125,38732,38464,38410,38119
31980,"Marion, IN (Micropolitan Statistical Area)",920,        Military,380,373,361,346,320,299,277,265,255,253,258
32000,"Marion, NC (Micropolitan Statistical Area)",,Employment by place of work,,,,,,,,,,,
32000,"Marion, NC (Micropolitan Statistical Area)",10,Total employment (number of jobs),19289,19128,19527,20138,20856,21677,21659,22237,22569,22396,21837
32000,"Marion, NC (Micropolitan Statistical Area)",920,        Military,135,133,138,136,139,125,127,125,124,121,115
32020,"Marion, OH (Micropolitan Statistical Area)",,Employment by place of work,,,,,,,,,,,
32020,"Marion, OH (Micropolitan Statistical Area)",10,Total employment (number of jobs),30543,30599,31665,31907,33208,34375,34451,35031,35616,35390,35924
32020,"Marion, OH (Micropolitan Statistical Area)",920,        Military,235,231,226,207,199,192,182,180,173,169,172
32100,"Marquette, MI (Micropolitan Statistical Area)",,Employment by place of work,,,,,,,,,,,
32100,"Marquette, MI (Micropolitan Statistical Area)",10,Total employment (number of jobs),34480,35074,35187,35084,34851,32963,31613,31582,31618,33424,34339
32100,"Marquette, MI (Micropolitan Statistical Area)",920,        Military,3637,3612,3385,3281,2577,898,167,151,141,142,146
32140,"Marshall, MN (Micropolitan Statistical Area)",,Employment by place of work,,,,,,,,,,,
32140,"Marshall, MN (Micropolitan Statistical Area)",10,Total employment (number of jobs),15744,16452,17224,17640,17675,18257,18593,18556,19104,19410,19399
32140,"Marshall, MN (Micropolitan Statistical Area)",920,        Military,138,136,132,124,116,112,104,102,101,99,96
32180,"Marshall, MO (Micropolitan Statistical Area)",,Employment by place of work,,,,,,,,,,,
32180,"Marshall, MO (Micropolitan Statistical Area)",10,Total employment (number of jobs),12866,12410,11919,12705,13218,13801,13932,13970,13837,13822,13969
32180,"Marshall, MO (Micropolitan Statistical Area)",920,        Military,132,127,119,114,105,114,116,112,104,112,93
32260,"Marshalltown, IA (Micropolitan Statistical Area)",,Employment by place of work,,,,,,,,,,,
32260,"Marshalltown, IA (Micropolitan Statistical Area)",10,Total employment (number of jobs),22835,23034,22605,22504,23596,23777,24101,24051,24041,24097,24058
32260,"Marshalltown, IA (Micropolitan Statistical Area)",920,        Military,217,211,206,202,188,190,185,186,182,180,185
32280,"Martin, TN (Micropolitan Statistical Area)",,Employment by place of work,,,,,,,,,,,
32280,"Martin, TN (Micropolitan Statistical Area)",10,Total employment (number of jobs),16097,16207,16110,16808,17157,17402,17332,17366,17018,16784,17170
32280,"Martin, TN (Micropolitan Statistical Area)",920,        Military,198,195,183,171,159,150,150,146,138,135,144
32300,"Martinsville, VA (Micropolitan Statistical Area) *",,Employment by place of work,,,,,,,,,,,
32300,"Martinsville, VA (Micropolitan Statistical Area) *",10,Total employment (number of jobs),49408,46856,46983,46281,46329,45769,46178,46090,45364,43740,41942
32300,"Martinsville, VA (Micropolitan Statistical Area) *",920,        Military,382,374,354,346,323,301,294,286,280,275,272
32340,"Maryville, MO (Micropolitan Statistical Area)",,Employment by place of work,,,,,,,,,,,
32340,"Maryville, MO (Micropolitan Statistical Area)",10,Total employment (number of jobs),11911,11779,11861,11757,12145,12288,12645,12882,12967,13059,13396
32340,"Maryville, MO (Micropolitan Statistical Area)",920,        Military,129,125,117,107,98,106,107,105,98,103,85
32380,"Mason City, IA (Micropolitan Statistical Area)",,Employment by place of work,,,,,,,,,,,
32380,"Mason City, IA (Micropolitan Statistical Area)",10,Total employment (number of jobs),33015,33673,33004,32859,33366,35151,36196,36510,37143,36902,36834
32380,"Mason City, IA (Micropolitan Statistical Area)",920,        Military,310,305,300,293,269,270,262,262,256,249,256
32460,"Mayfield, KY (Micropolitan Statistical Area)",,Employment by place of work,,,,,,,,,,,
32460,"Mayfield, KY (Micropolitan Statistical Area)",10,Total employment (number of jobs),14802,15007,15745,16234,16215,16993,17132,17544,17713,17918,18478
32460,"Mayfield, KY (Micropolitan Statistical Area)",920,        Military,150,145,149,147,139,133,130,128,124,122,124
32500,"Maysville, KY (Micropolitan Statistical Area)",,Employment by place of work,,,,,,,,,,,
32500,"Maysville, KY (Micropolitan Statistical Area)",10,Total employment (number of jobs),10828,10934,11416,11537,12022,12468,12235,12429,12724,12757,12712
32500,"Maysville, KY (Micropolitan Statistical Area)",920,        Military,74,72,75,73,68,64,61,60,58,56,56
32540,"McAlester, OK (Micropolitan Statistical Area)",,Employment by place of work,,,,,,,,,,,
32540,"McAlester, OK (Micropolitan Statistical Area)",10,Total employment (number of jobs),17908,18317,18135,18873,18734,19268,19624,20372,20274,20798,20915
32540,"McAlester, OK (Micropolitan Statistical Area)",920,        Military,266,264,270,256,239,236,224,222,218,219,226
32620,"McComb, MS (Micropolitan Statistical Area)",,Employment by place of work,,,,,,,,,,,
32620,"McComb, MS (Micropolitan Statistical Area)",10,Total employment (number of jobs),16372,16441,16733,17607,17815,18591,19577,19944,19866,20130,20015
32620,"McComb, MS (Micropolitan Statistical Area)",920,        Military,275,268,293,293,286,279,272,270,260,253,253
32660,"McMinnville, TN (Micropolitan Statistical Area)",,Employment by place of work,,,,,,,,,,,
32660,"McMinnville, TN (Micropolitan Statistical Area)",10,Total employment (number of jobs),18867,18651,19139,19831,20709,21320,21916,22620,22207,21980,22107
32660,"McMinnville, TN (Micropolitan Statistical Area)",920,        Military,198,198,185,176,166,158,156,154,146,142,153
32700,"McPherson, KS (Micropolitan Statistical Area)",,Employment by place of work,,,,,,,,,,,
32700,"McPherson, KS (Micropolitan Statistical Area)",10,Total employment (number of jobs),17385,17417,17402,18103,18206,18721,18936,19570,20708,20948,21391
32700,"McPherson, KS (Micropolitan Statistical Area)",920,        Military,189,192,180,177,174,155,146,143,141,140,142
32740,"Meadville, PA (Micropolitan Statistical Area)",,Employment by place of work,,,,,,,,,,,
32740,"Meadville, PA (Micropolitan Statistical Area)",10,Total employment (number of jobs),40038,39670,39222,39804,41052,41688,42115,43124,44392,45242,45959
32740,"Meadville, PA (Micropolitan Statistical Area)",920,        Military,382,390,390,379,359,335,317,304,298,297,285
32860,"Menomonie, WI (Micropolitan Statistical Area)",,Employment by place of work,,,,,,,,,,,
32860,"Menomonie, WI (Micropolitan Statistical Area)",10,Total employment (number of jobs),16890,17016,17638,18470,19374,20282,20987,21339,20969,21489,21559
32860,"Menomonie, WI (Micropolitan Statistical Area)",920,        Military,175,171,171,169,155,148,140,142,137,137,133
32940,"Meridian, MS (Micropolitan Statistical Area)",,Employment by place of work,,,,,,,,,,,
32940,"Meridian, MS (Micropolitan Statistical Area)",10,Total employment (number of jobs),50574,50997,50524,52427,52952,54623,54864,55490,55690,55388,54898
32940,"Meridian, MS (Micropolitan Statistical Area)",920,        Military,2963,3049,2745,2671,2607,2802,2740,2170,2182,2405,2439
33020,"Mexico, MO (Micropolitan Statistical Area)",,Employment by place of work,,,,,,,,,,,
33020,"Mexico, MO (Micropolitan Statistical Area)",10,Total employment (number of jobs),12358,12359,12376,12921,13427,13394,13433,14039,15025,15098,15528
33020,"Mexico, MO (Micropolitan Statistical Area)",920,        Military,135,132,126,122,113,122,123,120,114,122,101
33060,"Miami, OK (Micropolitan Statistical Area)",,Employment by place of work,,,,,,,,,,,
33060,"Miami, OK (Micropolitan Statistical Area)",10,Total employment (number of jobs),12930,13016,12940,13493,13724,14208,14326,14762,14301,14650,15292
33060,"Miami, OK (Micropolitan Statistical Area)",920,        Military,186,181,181,173,164,165,159,161,161,160,164
33180,"Middlesborough, KY (Micropolitan Statistical Area)",,Employment by place of work,,,,,,,,,,,
33180,"Middlesborough, KY (Micropolitan Statistical Area)",10,Total employment (number of jobs),11704,11486,11258,11459,11542,12041,11912,11980,11943,12341,12518
33180,"Middlesborough, KY (Micropolitan Statistical Area)",920,        Military,140,134,135,133,123,116,111,108,102,99,101
33300,"Milledgeville, GA (Micropolitan Statistical Area)",,Employment by place of work,,,,,,,,,,,
33300,"Milledgeville, GA (Micropolitan Statistical Area)",10,Total employment (number of jobs),23896,23688,23799,24547,24650,25307,25128,25189,25689,25677,25612
33300,"Milledgeville, GA (Micropolitan Statistical Area)",920,        Military,222,222,245,240,225,222,214,210,212,210,190
33380,"Minden, LA (Micropolitan Statistical Area)",,Employment by place of work,,,,,,,,,,,
33380,"Minden, LA (Micropolitan Statistical Area)",10,Total employment (number of jobs),16794,17253,16584,16148,15716,15934,16181,16464,16322,16681,16718
33380,"Minden, LA (Micropolitan Statistical Area)",920,        Military,255,245,261,274,253,247,241,233,228,228,210
33420,"Mineral Wells, TX (Micropolitan Statistical Area)",,Employment by place of work,,,,,,,,,,,
33420,"Mineral Wells, TX (Micropolitan Statistical Area)",10,Total employment (number of jobs),10921,10738,10609,10855,11318,11765,11868,12132,12551,12399,12512
33420,"Mineral Wells, TX (Micropolitan Statistical Area)",920,        Military,91,89,86,81,77,76,73,71,69,68,69
33500,"Minot, ND (Micropolitan Statistical Area)",,Employment by place of work,,,,,,,,,,,
33500,"Minot, ND (Micropolitan Statistical Area)",10,Total employment (number of jobs),38040,39136,39431,40140,42104,42987,43604,43763,43715,43130,43855
33500,"Minot, ND (Micropolitan Statistical Area)",920,        Military,5772,5723,5485,5431,5392,5601,5442,5030,4983,5065,4979
33580,"Mitchell, SD (Micropolitan Statistical Area)",,Employment by place of work,,,,,,,,,,,
33580,"Mitchell, SD (Micropolitan Statistical Area)",10,Total employment (number of jobs),12313,12416,12721,13004,13654,13827,14151,14497,14622,15074,15352
33580,"Mitchell, SD (Micropolitan Statistical Area)",920,        Military,171,162,164,160,150,149,147,150,151,154,152
33620,"Moberly, MO (Micropolitan Statistical Area)",,Employment by place of work,,,,,,,,,,,
33620,"Moberly, MO (Micropolitan Statistical Area)",10,Total employment (number of jobs),12426,11711,11593,11853,12025,12246,12407,12415,12693,13210,13248
33620,"Moberly, MO (Micropolitan Statistical Area)",920,        Military,137,130,124,120,110,118,120,117,109,116,96
33940,"Montrose, CO (Micropolitan Statistical Area)",,Employment by place of work,,,,,,,,,,,
33940,"Montrose, CO (Micropolitan Statistical Area)",10,Total employment (number of jobs),14920,15232,15577,16900,18285,19015,19674,20730,21210,21696,22479
33940,"Montrose, CO (Micropolitan Statistical Area)",920,        Military,110,110,114,109,109,98,104,104,104,97,106
33980,"Morehead City, NC (Micropolitan Statistical Area)",,Employment by place of work,,,,,,,,,,,
33980,"Morehead City, NC (Micropolitan Statistical Area)",10,Total employment (number of jobs),24088,24090,24495,25305,26037,27432,28554,30365,31722,31820,32119
33980,"Morehead City, NC (Micropolitan Statistical Area)",920,        Military,618,575,550,573,518,437,433,419,408,402,372
34020,"Morgan City, LA (Micropolitan Statistical Area)",,Employment by place of work,,,,,,,,,,,
34020,"Morgan City, LA (Micropolitan Statistical Area)",10,Total employment (number of jobs),31120,31398,29396,30373,31109,32265,32986,35470,35847,32923,32975
34020,"Morgan City, LA (Micropolitan Statistical Area)",920,        Military,440,441,475,486,432,419,403,390,382,379,355
34140,"Moscow, ID (Micropolitan Statistical Area)",,Employment by place of work,,,,,,,,,,,
34140,"Moscow, ID (Micropolitan Statistical Area)",10,Total employment (number of jobs),16724,16744,17121,17780,18664,19601,19594,19497,19446,19814,20155
34140,"Moscow, ID (Micropolitan Statistical Area)",920,        Military,234,231,237,245,232,225,214,211,198,201,191
34180,"Moses Lake, WA (Micropolitan Statistical Area)",,Employment by place of work,,,,,,,,,,,
34180,"Moses Lake, WA (Micropolitan Statistical Area)",10,Total employment (number of jobs),27949,29394,29600,30977,33156,34236,35221,36390,36780,37718,37761
34180,"Moses Lake, WA (Micropolitan Statistical Area)",920,        Military,292,296,302,298,289,284,282,275,272,271,274
34220,"Moultrie, GA (Micropolitan Statistical Area)",,Employment by place of work,,,,,,,,,,,
34220,"Moultrie, GA (Micropolitan Statistical Area)",10,Total employment (number of jobs),16744,16110,16293,17093,17493,18379,18779,19113,19736,19904,19781
34220,"Moultrie, GA (Micropolitan Statistical Area)",920,        Military,162,159,172,167,158,157,153,154,154,153,139
34260,"Mountain Home, AR (Micropolitan Statistical Area)",,Employment by place of work,,,,,,,,,,,
34260,"Mountain Home, AR (Micropolitan Statistical Area)",10,Total employment (number of jobs),14450,15134,15978,16932,17666,18723,19039,19040,19578,19755,20296
34260,"Mountain Home, AR (Micropolitan Statistical Area)",920,        Military,228,226,226,227,221,221,216,214,205,204,201
34300,"Mountain Home, ID (Micropolitan Statistical Area)",,Employment by place of work,,,,,,,,,,,
34300,"Mountain Home, ID (Micropolitan Statistical Area)",10,Total employment (number of jobs),10884,10558,10709,11295,11563,12274,12745,13240,13461,13525,13790
34300,"Mountain Home, ID (Micropolitan Statistical Area)",920,        Military,3547,3195,3280,3506,3443,3676,3815,4241,4269,4263,4192
34340,"Mount Airy, NC (Micropolitan Statistical Area)",,Employment by place of work,,,,,,,,,,,
34340,"Mount Airy, NC (Micropolitan Statistical Area)",10,Total employment (number of jobs),41222,41498,42921,43954,44864,45974,46392,47251,46458,46238,45879
34340,"Mount Airy, NC (Micropolitan Statistical Area)",920,        Military,233,231,241,238,244,220,218,213,210,205,193
34350,"Mount Gay-Shamrock, WV (Micropolitan Statistical Area)",,Employment by place of work,,,,,,,,,,,
34350,"Mount Gay-Shamrock, WV (Micropolitan Statistical Area)",10,Total employment (number of jobs),15045,15089,15370,14912,15338,15451,15221,15414,15074,13844,13684
34350,"Mount Gay-Shamrock, WV (Micropolitan Statistical Area)",920,        Military,232,234,248,240,222,215,205,202,197,197,198
34380,"Mount Pleasant, MI (Micropolitan Statistical Area)",,Employment by place of work,,,,,,,,,,,
34380,"Mount Pleasant, MI (Micropolitan Statistical Area)",10,Total employment (number of jobs),28502,28330,27832,28122,30027,31260,31742,32785,34489,34740,36097
34380,"Mount Pleasant, MI (Micropolitan Statistical Area)",920,        Military,186,183,181,172,156,150,144,138,130,132,131
34420,"Mount Pleasant, TX (Micropolitan Statistical Area)",,Employment by place of work,,,,,,,,,,,
34420,"Mount Pleasant, TX (Micropolitan Statistical Area)",10,Total employment (number of jobs),19513,19619,20125,20525,21039,21481,22045,23119,23325,23639,24047
34420,"Mount Pleasant, TX (Micropolitan Statistical Area)",920,        Military,124,122,124,116,109,110,106,105,101,100,102
34460,"Mount Sterling, KY (Micropolitan Statistical Area)",,Employment by place of work,,,,,,,,,,,
34460,"Mount Sterling, KY (Micropolitan Statistical Area)",10,Total employment (number of jobs),14605,13973,14457,14452,15045,16081,16956,18274,18673,18849,19377
34460,"Mount Sterling, KY (Micropolitan Statistical Area)",920,        Military,153,148,152,152,143,137,134,133,130,131,135
34500,"Mount Vernon, IL (Micropolitan Statistical Area)",,Employment by place of work,,,,,,,,,,,
34500,"Mount Vernon, IL (Micropolitan Statistical Area)",10,Total employment (number of jobs),20693,20562,20288,20498,21457,21930,22333,22676,23708,23900,24519
34500,"Mount Vernon, IL (Micropolitan Statistical Area)",920,        Military,129,127,122,118,108,101,96,92,89,88,88
34540,"Mount Vernon, OH (Micropolitan Statistical Area)",,Employment by place of work,,,,,,,,,,,
34540,"Mount Vernon, OH (Micropolitan Statistical Area)",10,Total employment (number of jobs),21223,21775,22122,23133,24616,25454,26115,25441,25516,25679,26031
34540,"Mount Vernon, OH (Micropolitan Statistical Area)",920,        Military,173,171,170,156,147,144,139,140,137,136,142
34660,"Murray, KY (Micropolitan Statistical Area)",,Employment by place of work,,,,,,,,,,,
34660,"Murray, KY (Micropolitan Statistical Area)",10,Total employment (number of jobs),16229,17241,17514,18080,18486,19769,20552,20922,21170,21457,22108
34660,"Murray, KY (Micropolitan Statistical Area)",920,        Military,143,140,143,140,132,127,122,120,116,113,114
34700,"Muscatine, IA (Micropolitan Statistical Area)",,Employment by place of work,,,,,,,,,,,
34700,"Muscatine, IA (Micropolitan Statistical Area)",10,Total employment (number of jobs),24392,24462,24699,24982,25077,25837,26034,25881,27116,27103,27656
34700,"Muscatine, IA (Micropolitan Statistical Area)",920,        Military,226,224,222,219,202,202,196,195,192,190,196
34780,"Muskogee, OK (Micropolitan Statistical Area)",,Employment by place of work,,,,,,,,,,,
34780,"Muskogee, OK (Micropolitan Statistical Area)",10,Total employment (number of jobs),32302,32136,32257,33284,33569,34295,35983,37466,38575,39085,39056
34780,"Muskogee, OK (Micropolitan Statistical Area)",920,        Military,414,405,406,386,362,359,349,350,340,339,343
34860,"Nacogdoches, TX (Micropolitan Statistical Area)",,Employment by place of work,,,,,,,,,,,
34860,"Nacogdoches, TX (Micropolitan Statistical Area)",10,Total employment (number of jobs),25026,25644,25322,25868,26355,27315,27653,27674,27810,28200,28851
34860,"Nacogdoches, TX (Micropolitan Statistical Area)",920,        Military,206,201,199,189,180,179,171,169,161,157,159
35020,"Natchez, MS-LA (Micropolitan Statistical Area)",,Employment by place of work,,,,,,,,,,,
35020,"Natchez, MS-LA (Micropolitan Statistical Area)",10,Total employment (number of jobs),24197,24177,24546,25287,25461,25247,25653,25585,25893,25747,25437
35020,"Natchez, MS-LA (Micropolitan Statistical Area)",920,        Military,419,404,430,432,412,396,378,367,360,345,329
35060,"Natchitoches, LA (Micropolitan Statistical Area)",,Employment by place of work,,,,,,,,,,,
35060,"Natchitoches, LA (Micropolitan Statistical Area)",10,Total employment (number of jobs),13576,13850,14347,14976,15112,16075,16876,16975,17180,17751,18113
35060,"Natchitoches, LA (Micropolitan Statistical Area)",920,        Military,236,227,246,259,239,231,223,217,215,229,201
35140,"Newberry, SC (Micropolitan Statistical Area)",,Employment by place of work,,,,,,,,,,,
35140,"Newberry, SC (Micropolitan Statistical Area)",10,Total employment (number of jobs),14710,14829,14901,15169,15510,16086,16788,17209,16332,16492,16561
35140,"Newberry, SC (Micropolitan Statistical Area)",920,        Military,239,236,237,231,222,213,210,204,201,188,182
35220,"New Castle, IN (Micropolitan Statistical Area)",,Employment by place of work,,,,,,,,,,,
35220,"New Castle, IN (Micropolitan Statistical Area)",10,Total employment (number of jobs),18357,18271,18216,18743,19308,19775,19977,20313,20583,20626,20651
35220,"New Castle, IN (Micropolitan Statistical Area)",920,        Military,247,241,235,226,210,197,182,175,168,166,170
35260,"New Castle, PA (Micropolitan Statistical Area)",,Employment by place of work,,,,,,,,,,,
35260,"New Castle, PA (Micropolitan Statistical Area)",10,Total employment (number of jobs),40875,40519,39754,39737,40181,41413,41466,42405,42021,42200,42554
35260,"New Castle, PA (Micropolitan Statistical Area)",920,        Military,427,434,434,418,393,362,340,324,316,312,299
35420,"New Philadelphia-Dover, OH (Micropolitan Statistical Area)",,Employment by place of work,,,,,,,,,,,
35420,"New Philadelphia-Dover, OH (Micropolitan Statistical Area)",10,Total employment (number of jobs),39992,40226,41274,42398,43833,45729,46379,46631,45316,45250,46266
35420,"New Philadelphia-Dover, OH (Micropolitan Statistical Area)",920,        Military,306,305,301,275,257,250,239,238,231,229,237
35440,"Newport, OR (Micropolitan Statistical Area)",,Employment by place of work,,,,,,,,,,,
35440,"Newport, OR (Micropolitan Statistical Area)",10,Total employment (number of jobs),20182,20976,21633,21820,22689,23002,24143,24487,24477,24511,25097
35440,"Newport, OR (Micropolitan Statistical Area)",920,        Military,261,258,258,246,238,232,226,224,214,207,210
35460,"Newport, TN (Micropolitan Statistical Area)",,Employment by place of work,,,,,,,,,,,
35460,"Newport, TN (Micropolitan Statistical Area)",10,Total employment (number of jobs),11310,11283,11674,12335,12550,13016,12673,12526,12965,12586,12811
35460,"Newport, TN (Micropolitan Statistical Area)",920,        Military,175,173,162,153,146,138,137,135,128,125,134
35580,"New Ulm, MN (Micropolitan Statistical Area)",,Employment by place of work,,,,,,,,,,,
35580,"New Ulm, MN (Micropolitan Statistical Area)",10,Total employment (number of jobs),17072,17180,17244,17452,17907,18447,18828,18901,19066,19304,19667
35580,"New Ulm, MN (Micropolitan Statistical Area)",920,        Military,151,148,143,134,122,118,113,110,108,106,101
35700,"Nogales, AZ (Micropolitan Statistical Area)",,Employment by place of work,,,,,,,,,,,
35700,"Nogales, AZ (Micropolitan Statistical Area)",10,Total employment (number of jobs),13368,13509,13639,14384,14516,14402,14256,15019,15076,15268,15730
35700,"Nogales, AZ (Micropolitan Statistical Area)",920,        Military,111,112,112,106,101,96,89,89,86,85,88
35740,"Norfolk, NE (Micropolitan Statistical Area)",,Employment by place of work,,,,,,,,,,,
35740,"Norfolk, NE (Micropolitan Statistical Area)",10,Total employment (number of jobs),28145,28304,28352,30006,31549,32019,32927,33488,33515,32965,33691
35740,"Norfolk, NE (Micropolitan Statistical Area)",920,        Military,292,276,269,253,240,232,217,220,216,202,207
35820,"North Platte, NE (Micropolitan Statistical Area)",,Employment by place of work,,,,,,,,,,,
35820,"North Platte, NE (Micropolitan Statistical Area)",10,Total employment (number of jobs),18438,18750,18924,18840,19807,19796,20320,20742,21704,21725,21544
35820,"North Platte, NE (Micropolitan Statistical Area)",920,        Military,210,200,196,182,172,165,154,155,152,145,149
35860,"North Vernon, IN (Micropolitan Statistical Area)",,Employment by place of work,,,,,,,,,,,
35860,"North Vernon, IN (Micropolitan Statistical Area)",10,Total employment (number of jobs),8875,8576,8654,9229,9855,10930,11411,11467,11370,11734,11961
35860,"North Vernon, IN (Micropolitan Statistical Area)",920,        Military,121,119,117,114,108,102,97,94,93,93,97
35900,"North Wilkesboro, NC (Micropolitan Statistical Area)",,Employment by place of work,,,,,,,,,,,
35900,"North Wilkesboro, NC (Micropolitan Statistical Area)",10,Total employment (number of jobs),31528,31429,32020,32809,33284,33839,33812,34362,34512,35563,35854
35900,"North Wilkesboro, NC (Micropolitan Statistical Area)",920,        Military,224,220,228,223,227,203,203,196,192,188,179
35940,"Norwalk, OH (Micropolitan Statistical Area)",,Employment by place of work,,,,,,,,,,,
35940,"Norwalk, OH (Micropolitan Statistical Area)",10,Total employment (number of jobs),30443,30100,30120,30327,31482,32406,32866,33402,33515,34132,34475
35940,"Norwalk, OH (Micropolitan Statistical Area)",920,        Military,205,204,201,183,169,164,158,157,152,151,155
36020,"Oak Harbor, WA (Micropolitan Statistical Area)",,Employment by place of work,,,,,,,,,,,
36020,"Oak Harbor, WA (Micropolitan Statistical Area)",10,Total employment (number of jobs),27184,27778,28111,28263,29313,29963,30294,30708,32696,33127,33914
36020,"Oak Harbor, WA (Micropolitan Statistical Area)",920,        Military,9104,8994,8710,8613,8302,8449,8267,8012,7775,7823,8004
36300,"Ogdensburg-Massena, NY (Micropolitan Statistical Area)",,Employment by place of work,,,,,,,,,,,
36300,"Ogdensburg-Massena, NY (Micropolitan Statistical Area)",10,Total employment (number of jobs),47430,48353,48646,48851,49535,48749,48523,48764,49070,49777,50371
36300,"Ogdensburg-Massena, NY (Micropolitan Statistical Area)",920,        Military,368,354,343,326,291,274,258,255,243,239,232
36340,"Oil City, PA (Micropolitan Statistical Area)",,Employment by place of work,,,,,,,,,,,
36340,"Oil City, PA (Micropolitan Statistical Area)",10,Total employment (number of jobs),25987,25377,24906,25448,25761,26420,26455,27180,26758,26928,27346
36340,"Oil City, PA (Micropolitan Statistical Area)",920,        Military,262,267,266,255,240,221,207,197,192,190,181
36380,"Okeechobee, FL (Micropolitan Statistical Area)",,Employment by place of work,,,,,,,,,,,
36380,"Okeechobee, FL (Micropolitan Statistical Area)",10,Total employment (number of jobs),10237,10570,10404,10933,11148,11377,12469,13271,13234,12738,12948
36380,"Okeechobee, FL (Micropolitan Statistical Area)",920,        Military,86,87,86,83,77,75,75,76,76,75,76
36460,"Olean, NY (Micropolitan Statistical Area)",,Employment by place of work,,,,,,,,,,,
36460,"Olean, NY (Micropolitan Statistical Area)",10,Total employment (number of jobs),39758,39215,39329,38871,39786,39608,40387,40845,40670,41714,42103
36460,"Olean, NY (Micropolitan Statistical Area)",920,        Military,269,260,254,238,214,201,191,182,174,170,164
36580,"Oneonta, NY (Micropolitan Statistical Area)",,Employment by place of work,,,,,,,,,,,
36580,"Oneonta, NY (Micropolitan Statistical Area)",10,Total employment (number of jobs),28759,29064,28822,29248,29530,29900,30311,30427,28856,29440,29849
36580,"Oneonta, NY (Micropolitan Statistical Area)",920,        Military,189,183,178,168,151,142,134,128,122,119,117
36620,"Ontario, OR-ID (Micropolitan Statistical Area)",,Employment by place of work,,,,,,,,,,,
36620,"Ontario, OR-ID (Micropolitan Statistical Area)",10,Total employment (number of jobs),22135,22603,22895,23298,24454,25012,25765,26153,26285,26584,26937
36620,"Ontario, OR-ID (Micropolitan Statistical Area)",920,        Military,231,230,231,225,211,206,202,201,191,190,189
36660,"Opelousas, LA (Micropolitan Statistical Area)",,Employment by place of work,,,,,,,,,,,
36660,"Opelousas, LA (Micropolitan Statistical Area)",10,Total employment (number of jobs),25854,25885,26866,28162,28013,28015,28625,28928,27860,27781,28482
36660,"Opelousas, LA (Micropolitan Statistical Area)",920,        Military,484,474,512,544,500,494,484,475,468,472,442
36700,"Orangeburg, SC (Micropolitan Statistical Area)",,Employment by place of work,,,,,,,,,,,
36700,"Orangeburg, SC (Micropolitan Statistical Area)",10,Total employment (number of jobs),40075,39428,39608,39948,40718,40958,41828,42612,43393,43460,44620
36700,"Orangeburg, SC (Micropolitan Statistical Area)",920,        Military,627,624,631,641,624,587,564,544,528,491,472
36820,"Oskaloosa, IA (Micropolitan Statistical Area)",,Employment by place of work,,,,,,,,,,,
36820,"Oskaloosa, IA (Micropolitan Statistical Area)",10,Total employment (number of jobs),10199,10216,10374,10477,10730,10885,10946,11475,11942,12191,12050
36820,"Oskaloosa, IA (Micropolitan Statistical Area)",920,        Military,122,119,117,116,107,107,104,105,103,102,105
36830,"Othello, WA (Micropolitan Statistical Area)",,Employment by place of work,,,,,,,,,,,
36830,"Othello, WA (Micropolitan Statistical Area)",10,Total employment (number of jobs),8096,8218,7840,8130,8436,8422,8816,8737,9038,9001,8767
36830,"Othello, WA (Micropolitan Statistical Area)",920,        Military,70,71,72,71,69,66,64,61,59,59,60
36837,"Ottawa, IL (Micropolitan Statistical Area)",,Employment by place of work,,,,,,,,,,,
36837,"Ottawa, IL (Micropolitan Statistical Area)",10,Total employment (number of jobs),70015,72108,72838,74721,75921,76514,76545,77154,77891,77585,79478
36837,"Ottawa, IL (Micropolitan Statistical Area)",920,        Military,518,506,486,460,416,385,370,354,339,332,335
36840,"Ottawa, KS (Micropolitan Statistical Area)",,Employment by place of work,,,,,,,,,,,
36840,"Ottawa, KS (Micropolitan Statistical Area)",10,Total employment (number of jobs),10176,10385,10444,10956,11020,11763,12756,12920,12832,12915,12999
36840,"Ottawa, KS (Micropolitan Statistical Area)",920,        Military,152,156,145,145,142,127,121,120,118,117,119
36900,"Ottumwa, IA (Micropolitan Statistical Area)",,Employment by place of work,,,,,,,,,,,
36900,"Ottumwa, IA (Micropolitan Statistical Area)",10,Total employment (number of jobs),18279,18527,18661,18759,19179,19743,19885,19281,19765,19858,20170
36900,"Ottumwa, IA (Micropolitan Statistical Area)",920,        Military,203,199,197,194,177,175,171,170,167,165,169
36940,"Owatonna, MN (Micropolitan Statistical Area)",,Employment by place of work,,,,,,,,,,,
36940,"Owatonna, MN (Micropolitan Statistical Area)",10,Total employment (number of jobs),19586,19466,19717,20768,21609,22176,23230,23550,24090,24579,24869
36940,"Owatonna, MN (Micropolitan Statistical Area)",920,        Military,172,170,166,156,143,139,132,131,130,130,128
37060,"Oxford, MS (Micropolitan Statistical Area)",,Employment by place of work,,,,,,,,,,,
37060,"Oxford, MS (Micropolitan Statistical Area)",10,Total employment (number of jobs),16039,16451,16990,17476,17766,18566,19059,19945,20963,21655,22201
37060,"Oxford, MS (Micropolitan Statistical Area)",920,        Military,263,262,282,289,287,282,277,284,284,280,277
37120,"Ozark, AL (Micropolitan Statistical Area)",,Employment by place of work,,,,,,,,,,,
37120,"Ozark, AL (Micropolitan Statistical Area)",10,Total employment (number of jobs),29144,28197,28553,27707,27189,26669,26141,25895,26378,26992,27030
37120,"Ozark, AL (Micropolitan Statistical Area)",920,        Military,6691,5896,5959,5548,5394,5195,4428,4190,4328,4406,4479
37140,"Paducah, KY-IL (Micropolitan Statistical Area)",,Employment by place of work,,,,,,,,,,,
37140,"Paducah, KY-IL (Micropolitan Statistical Area)",10,Total employment (number of jobs),50825,50441,51419,54257,55102,57780,59141,60820,61776,62929,62938
37140,"Paducah, KY-IL (Micropolitan Statistical Area)",920,        Military,429,418,425,423,396,376,364,350,335,326,330
37220,"Pahrump, NV (Micropolitan Statistical Area)",,Employment by place of work,,,,,,,,,,,
37220,"Pahrump, NV (Micropolitan Statistical Area)",10,Total employment (number of jobs),13249,12930,12228,11069,11001,11194,11272,11904,12376,13109,13863
37220,"Pahrump, NV (Micropolitan Statistical Area)",920,        Military,75,71,78,69,62,51,68,70,71,70,71
37260,"Palatka, FL (Micropolitan Statistical Area)",,Employment by place of work,,,,,,,,,,,
37260,"Palatka, FL (Micropolitan Statistical Area)",10,Total employment (number of jobs),18793,19407,20022,21016,21091,22505,21988,21774,21901,22528,22410
37260,"Palatka, FL (Micropolitan Statistical Area)",920,        Military,189,188,185,176,165,163,161,157,153,148,149
37300,"Palestine, TX (Micropolitan Statistical Area)",,Employment by place of work,,,,,,,,,,,
37300,"Palestine, TX (Micropolitan Statistical Area)",10,Total employment (number of jobs),20092,20633,20753,21390,22749,23866,23921,24618,25658,25161,24920
37300,"Palestine, TX (Micropolitan Statistical Area)",920,        Military,174,170,169,161,154,159,152,148,141,140,141
37420,"Pampa, TX (Micropolitan Statistical Area)",,Employment by place of work,,,,,,,,,,,
37420,"Pampa, TX (Micropolitan Statistical Area)",10,Total employment (number of jobs),13984,13659,13517,14179,14044,13725,13586,13591,13253,12105,11900
37420,"Pampa, TX (Micropolitan Statistical Area)",920,        Military,90,87,86,79,73,73,71,68,63,61,60
37500,"Paragould, AR (Micropolitan Statistical Area)",,Employment by place of work,,,,,,,,,,,
37500,"Paragould, AR (Micropolitan Statistical Area)",10,Total employment (number of jobs),14807,15138,15408,15850,16712,17709,17931,17969,18522,18776,19412
37500,"Paragould, AR (Micropolitan Statistical Area)",920,        Military,231,228,226,222,214,211,206,204,199,197,195
37540,"Paris, TN (Micropolitan Statistical Area)",,Employment by place of work,,,,,,,,,,,
37540,"Paris, TN (Micropolitan Statistical Area)",10,Total employment (number of jobs),14081,14029,14758,15856,16337,16820,16907,17213,17068,17234,17743
37540,"Paris, TN (Micropolitan Statistical Area)",920,        Military,189,185,176,169,157,147,147,142,136,133,155
37580,"Paris, TX (Micropolitan Statistical Area)",,Employment by place of work,,,,,,,,,,,
37580,"Paris, TX (Micropolitan Statistical Area)",10,Total employment (number of jobs),23218,23309,23585,24738,25640,26026,26777,27623,27595,28176,28569
37580,"Paris, TX (Micropolitan Statistical Area)",920,        Military,160,156,156,147,138,138,132,129,124,123,124
37660,"Parsons, KS (Micropolitan Statistical Area)",,Employment by place of work,,,,,,,,,,,
37660,"Parsons, KS (Micropolitan Statistical Area)",10,Total employment (number of jobs),13527,14031,13478,13024,12784,13111,13306,13976,15050,15198,15359
37660,"Parsons, KS (Micropolitan Statistical Area)",920,        Military,165,168,155,150,145,127,118,115,112,109,109
37740,"Payson, AZ (Micropolitan Statistical Area)",,Employment by place of work,,,,,,,,,,,
37740,"Payson, AZ (Micropolitan Statistical Area)",10,Total employment (number of jobs),15044,15645,15636,16741,17862,17998,19042,19568,19945,20169,20606
37740,"Payson, AZ (Micropolitan Statistical Area)",920,        Military,152,150,150,141,133,129,123,123,120,116,119
37770,"Pearsall, TX (Micropolitan Statistical Area)",,Employment by place of work,,,,,,,,,,,
37770,"Pearsall, TX (Micropolitan Statistical Area)",10,Total employment (number of jobs),5669,6522,6325,6104,5911,5788,5729,5883,5829,5633,5702
37770,"Pearsall, TX (Micropolitan Statistical Area)",920,        Military,49,51,53,50,47,48,46,44,42,42,41
37780,"Pecos, TX (Micropolitan Statistical Area)",,Employment by place of work,,,,,,,,,,,
37780,"Pecos, TX (Micropolitan Statistical Area)",10,Total employment (number of jobs),5908,5954,5922,6234,5741,5979,6218,5971,6067,6334,6384
37780,"Pecos, TX (Micropolitan Statistical Area)",920,        Military,57,55,53,49,45,44,41,38,36,34,33
37800,"Pella, IA (Micropolitan Statistical Area)",,Employment by place of work,,,,,,,,,,,
37800,"Pella, IA (Micropolitan Statistical Area)",10,Total employment (number of jobs),17991,18062,18347,18557,19103,20267,20910,21488,22243,22865,23714
37800,"Pella, IA (Micropolitan Statistical Area)",920,        Military,170,166,165,162,151,152,148,148,147,146,151
37940,"Peru, IN (Micropolitan Statistical Area)",,Employment by place of work,,,,,,,,,,,
37940,"Peru, IN (Micropolitan Statistical Area)",10,Total employment (number of jobs),16635,16403,16178,15692,14952,13816,13941,14301,14500,14644,15131
37940,"Peru, IN (Micropolitan Statistical Area)",920,        Military,2556,2578,2163,1646,735,207,161,141,127,129,134
38100,"Picayune, MS (Micropolitan Statistical Area)",,Employment by place of work,,,,,,,,,,,
38100,"Picayune, MS (Micropolitan Statistical Area)",10,Total employment (number of jobs),10557,11109,11511,12222,12471,13095,14160,14731,15372,15659,15970
38100,"Picayune, MS (Micropolitan Statistical Area)",920,        Military,291,286,315,317,315,314,308,315,315,313,315
38180,"Pierre, SD (Micropolitan Statistical Area)",,Employment by place of work,,,,,,,,,,,
38180,"Pierre, SD (Micropolitan Statistical Area)",10,Total employment (number of jobs),11579,11989,12429,12965,13616,13516,13483,13557,13684,13905,14170
38180,"Pierre, SD (Micropolitan Statistical Area)",920,        Military,144,137,140,140,135,132,131,133,134,135,138
38240,"Pinehurst-Southern Pines, NC (Micropolitan Statistical Area)",,Employment by place of work,,,,,,,,,,,
38240,"Pinehurst-Southern Pines, NC (Micropolitan Statistical Area)",10,Total employment (number of jobs),32730,31479,31725,33246,34632,35951,37096,38472,39010,40295,41202
38240,"Pinehurst-Southern Pines, NC (Micropolitan Statistical Area)",920,        Military,223,222,234,234,244,222,222,219,216,213,204
38260,"Pittsburg, KS (Micropolitan Statistical Area)",,Employment by place of work,,,,,,,,,,,
38260,"Pittsburg, KS (Micropolitan Statistical Area)",10,Total employment (number of jobs),18353,18883,19445,19477,20217,21403,22389,22286,22731,23045,23049
38260,"Pittsburg, KS (Micropolitan Statistical Area)",920,        Military,251,258,240,238,234,212,199,194,189,185,188
38380,"Plainview, TX (Micropolitan Statistical Area)",,Employment by place of work,,,,,,,,,,,
38380,"Plainview, TX (Micropolitan Statistical Area)",10,Total employment (number of jobs),17112,17331,17394,18178,18639,18853,18955,19330,19483,18984,19360
38380,"Plainview, TX (Micropolitan Statistical Area)",920,        Military,126,126,125,118,115,112,104,100,96,94,93
38420,"Platteville, WI (Micropolitan Statistical Area)",,Employment by place of work,,,,,,,,,,,
38420,"Platteville, WI (Micropolitan Statistical Area)",10,Total employment (number of jobs),25346,26238,26259,26591,26324,26698,27039,27014,27234,27161,27159
38420,"Platteville, WI (Micropolitan Statistical Area)",920,        Military,246,232,231,224,205,193,180,180,173,173,165
38460,"Plattsburgh, NY (Micropolitan Statistical Area)",,Employment by place of work,,,,,,,,,,,
38460,"Plattsburgh, NY (Micropolitan Statistical Area)",10,Total employment (number of jobs),42568,42155,41674,42469,42402,40951,39652,39440,40455,41381,42396
38460,"Plattsburgh, NY (Micropolitan Statistical Area)",920,        Military,3827,3312,2451,2368,2010,805,176,166,158,155,150
38500,"Plymouth, IN (Micropolitan Statistical Area)",,Employment by place of work,,,,,,,,,,,
38500,"Plymouth, IN (Micropolitan Statistical Area)",10,Total employment (number of jobs),22218,22117,22526,23624,25291,25969,26075,26304,25577,26163,25901
38500,"Plymouth, IN (Micropolitan Statistical Area)",920,        Military,216,213,207,200,187,176,165,159,153,154,159
38580,"Point Pleasant, WV-OH (Micropolitan Statistical Area)",,Employment by place of work,,,,,,,,,,,
38580,"Point Pleasant, WV-OH (Micropolitan Statistical Area)",10,Total employment (number of jobs),23568,23068,22919,23021,23703,24079,23945,23967,24750,25276,25798
38580,"Point Pleasant, WV-OH (Micropolitan Statistical Area)",920,        Military,250,250,257,242,225,222,214,215,209,212,224
38620,"Ponca City, OK (Micropolitan Statistical Area)",,Employment by place of work,,,,,,,,,,,
38620,"Ponca City, OK (Micropolitan Statistical Area)",10,Total employment (number of jobs),26926,27748,27823,27368,26895,27456,27819,27944,28213,27527,27783
38620,"Ponca City, OK (Micropolitan Statistical Area)",920,        Military,292,286,289,274,254,252,243,239,236,236,236
38700,"Pontiac, IL (Micropolitan Statistical Area)",,Employment by place of work,,,,,,,,,,,
38700,"Pontiac, IL (Micropolitan Statistical Area)",10,Total employment (number of jobs),18968,19266,18836,18970,19895,19934,20211,20671,21227,21376,21639
38700,"Pontiac, IL (Micropolitan Statistical Area)",920,        Military,137,132,128,121,110,102,96,92,88,86,87
38740,"Poplar Bluff, MO (Micropolitan Statistical Area)",,Employment by place of work,,,,,,,,,,,
38740,"Poplar Bluff, MO (Micropolitan Statistical Area)",10,Total employment (number of jobs),22380,22282,22537,23496,24451,25336,25829,26201,27540,27910,27731
38740,"Poplar Bluff, MO (Micropolitan Statistical Area)",920,        Military,288,282,269,262,240,261,265,259,243,258,214
38780,"Portales, NM (Micropolitan Statistical Area)",,Employment by place of work,,,,,,,,,,,
38780,"Portales, NM (Micropolitan Statistical Area)",10,Total employment (number of jobs),6647,6981,7019,7207,7430,7749,7815,7630,8070,7812,7837
38780,"Portales, NM (Micropolitan Statistical Area)",920,        Military,92,90,90,88,83,81,74,69,63,62,59
38820,"Port Angeles, WA (Micropolitan Statistical Area)",,Employment by place of work,,,,,,,,,,,
38820,"Port Angeles, WA (Micropolitan Statistical Area)",10,Total employment (number of jobs),26364,26856,27599,27746,28641,28651,29193,30121,31103,31418,32086
38820,"Port Angeles, WA (Micropolitan Statistical Area)",920,        Military,582,576,598,594,571,548,532,497,493,492,498
38920,"Port Lavaca, TX (Micropolitan Statistical Area)",,Employment by place of work,,,,,,,,,,,
38920,"Port Lavaca, TX (Micropolitan Statistical Area)",10,Total employment (number of jobs),12345,12710,13169,13143,12660,12950,13696,12944,13682,14001,14889
38920,"Port Lavaca, TX (Micropolitan Statistical Area)",920,        Military,110,109,115,110,102,102,103,98,95,93,95
39020,"Portsmouth, OH (Micropolitan Statistical Area)",,Employment by place of work,,,,,,,,,,,
39020,"Portsmouth, OH (Micropolitan Statistical Area)",10,Total employment (number of jobs),27505,28206,28554,28987,29785,30888,31451,31897,31267,31706,32280
39020,"Portsmouth, OH (Micropolitan Statistical Area)",920,        Military,299,294,289,256,237,228,217,215,205,202,206
39060,"Pottsville, PA (Micropolitan Statistical Area)",,Employment by place of work,,,,,,,,,,,
39060,"Pottsville, PA (Micropolitan Statistical Area)",10,Total employment (number of jobs),62857,61335,62367,61703,62146,63171,62637,62880,62082,63187,63518
39060,"Pottsville, PA (Micropolitan Statistical Area)",920,        Military,675,690,694,668,626,579,543,517,503,496,474
39220,"Price, UT (Micropolitan Statistical Area)",,Employment by place of work,,,,,,,,,,,
39220,"Price, UT (Micropolitan Statistical Area)",10,Total employment (number of jobs),9566,9553,9688,9549,10237,10334,11069,11641,11844,11899,11701
39220,"Price, UT (Micropolitan Statistical Area)",920,        Military,158,150,144,137,127,116,117,112,109,106,104
39260,"Prineville, OR (Micropolitan Statistical Area)",,Employment by place of work,,,,,,,,,,,
39260,"Prineville, OR (Micropolitan Statistical Area)",10,Total employment (number of jobs),7360,7332,7925,7856,8542,8397,8413,8654,8802,9164,9368
39260,"Prineville, OR (Micropolitan Statistical Area)",920,        Military,69,70,69,68,64,63,63,63,60,60,64
39420,"Pullman, WA (Micropolitan Statistical Area)",,Employment by place of work,,,,,,,,,,,
39420,"Pullman, WA (Micropolitan Statistical Area)",10,Total employment (number of jobs),18729,18763,18494,18968,19909,19847,20406,20463,20487,20665,21804
39420,"Pullman, WA (Micropolitan Statistical Area)",920,        Military,218,211,206,198,189,183,175,166,163,164,161
39500,"Quincy, IL-MO (Micropolitan Statistical Area)",,Employment by place of work,,,,,,,,,,,
39500,"Quincy, IL-MO (Micropolitan Statistical Area)",10,Total employment (number of jobs),41498,41090,41348,42181,43903,44948,45111,46151,46563,46766,47836
39500,"Quincy, IL-MO (Micropolitan Statistical Area)",920,        Military,288,282,269,256,235,225,218,208,199,199,191
39700,"Raymondville, TX (Micropolitan Statistical Area)",,Employment by place of work,,,,,,,,,,,
39700,"Raymondville, TX (Micropolitan Statistical Area)",10,Total employment (number of jobs),4605,4604,4715,4804,4853,4890,5276,5556,5483,5202,5235
39700,"Raymondville, TX (Micropolitan Statistical Area)",920,        Military,78,76,78,75,73,70,68,66,64,56,55
39780,"Red Bluff, CA (Micropolitan Statistical Area)",,Employment by place of work,,,,,,,,,,,
39780,"Red Bluff, CA (Micropolitan Statistical Area)",10,Total employment (number of jobs),17635,18094,18612,18733,19620,20711,21322,21667,22226,22884,23348
39780,"Red Bluff, CA (Micropolitan Statistical Area)",920,        Military,140,141,136,129,123,117,118,112,110,106,104
39860,"Red Wing, MN (Micropolitan Statistical Area)",,Employment by place of work,,,,,,,,,,,
39860,"Red Wing, MN (Micropolitan Statistical Area)",10,Total employment (number of jobs),23051,24108,25439,26247,27034,27794,28048,28480,28472,28653,29261
39860,"Red Wing, MN (Micropolitan Statistical Area)",920,        Military,228,226,219,207,191,185,176,175,174,172,167
39940,"Rexburg, ID (Micropolitan Statistical Area)",,Employment by place of work,,,,,,,,,,,
39940,"Rexburg, ID (Micropolitan Statistical Area)",10,Total employment (number of jobs),14892,15405,15700,15897,16350,17010,17438,17688,18524,18840,19684
39940,"Rexburg, ID (Micropolitan Statistical Area)",920,        Military,223,212,216,211,192,185,175,178,171,165,160
39980,"Richmond, IN (Micropolitan Statistical Area)",,Employment by place of work,,,,,,,,,,,
39980,"Richmond, IN (Micropolitan Statistical Area)",10,Total employment (number of jobs),39821,38682,39187,41034,43711,43877,44782,45135,44985,44818,44207
39980,"Richmond, IN (Micropolitan Statistical Area)",920,        Military,369,361,349,336,311,291,269,258,247,245,250
40080,"Richmond-Berea, KY (Micropolitan Statistical Area)",,Employment by place of work,,,,,,,,,,,
40080,"Richmond-Berea, KY (Micropolitan Statistical Area)",10,Total employment (number of jobs),31921,31830,32784,34278,34710,36583,37239,38172,39912,40889,41848
40080,"Richmond-Berea, KY (Micropolitan Statistical Area)",920,        Military,395,388,395,391,334,313,313,305,299,290,302
40100,"Rio Grande City-Roma, TX (Micropolitan Statistical Area)",,Employment by place of work,,,,,,,,,,,
40100,"Rio Grande City-Roma, TX (Micropolitan Statistical Area)",10,Total employment (number of jobs),10722,11305,11527,12618,13461,14116,14817,15167,15418,16006,16631
40100,"Rio Grande City-Roma, TX (Micropolitan Statistical Area)",920,        Military,148,150,154,150,147,148,145,142,137,136,138
40180,"Riverton, WY (Micropolitan Statistical Area)",,Employment by place of work,,,,,,,,,,,
40180,"Riverton, WY (Micropolitan Statistical Area)",10,Total employment (number of jobs),16828,17339,17800,17902,18834,19128,19651,19621,19781,20174,20933
40180,"Riverton, WY (Micropolitan Statistical Area)",920,        Military,197,200,224,214,209,205,204,217,218,205,206
40260,"Roanoke Rapids, NC (Micropolitan Statistical Area)",,Employment by place of work,,,,,,,,,,,
40260,"Roanoke Rapids, NC (Micropolitan Statistical Area)",10,Total employment (number of jobs),31137,30591,31558,31873,31606,31010,30841,31068,30513,30435,30298
40260,"Roanoke Rapids, NC (Micropolitan Statistical Area)",920,        Military,289,284,293,288,294,262,257,247,240,229,215
40300,"Rochelle, IL (Micropolitan Statistical Area)",,Employment by place of work,,,,,,,,,,,
40300,"Rochelle, IL (Micropolitan Statistical Area)",10,Total employment (number of jobs),20580,21377,21335,21610,23029,23991,23951,24156,24697,25273,25399
40300,"Rochelle, IL (Micropolitan Statistical Area)",920,        Military,160,159,153,146,134,124,121,115,112,110,112
40460,"Rockingham, NC (Micropolitan Statistical Area)",,Employment by place of work,,,,,,,,,,,
40460,"Rockingham, NC (Micropolitan Statistical Area)",10,Total employment (number of jobs),21785,20986,20712,20938,20678,20558,20064,19845,19875,19973,20220
40460,"Rockingham, NC (Micropolitan Statistical Area)",920,        Military,169,167,171,167,169,150,149,143,140,134,126
40530,"Rockport, TX (Micropolitan Statistical Area)",,Employment by place of work,,,,,,,,,,,
40530,"Rockport, TX (Micropolitan Statistical Area)",10,Total employment (number of jobs),6590,6716,6687,6900,7349,7619,7938,8429,9128,9347,9613
40530,"Rockport, TX (Micropolitan Statistical Area)",920,        Military,65,65,66,63,62,62,60,60,58,57,58
40540,"Rock Springs, WY (Micropolitan Statistical Area)",,Employment by place of work,,,,,,,,,,,
40540,"Rock Springs, WY (Micropolitan Statistical Area)",10,Total employment (number of jobs),22749,23519,24026,23892,24992,24620,24267,24158,24460,24118,24023
40540,"Rock Springs, WY (Micropolitan Statistical Area)",920,        Military,227,232,262,248,239,231,225,235,235,219,215
40620,"Rolla, MO (Micropolitan Statistical Area)",,Employment by place of work,,,,,,,,,,,
40620,"Rolla, MO (Micropolitan Statistical Area)",10,Total employment (number of jobs),18505,18482,18727,19198,19721,20420,21140,21638,21407,21828,22259
40620,"Rolla, MO (Micropolitan Statistical Area)",920,        Military,225,212,201,198,184,235,321,357,290,319,318
40700,"Roseburg, OR (Micropolitan Statistical Area)",,Employment by place of work,,,,,,,,,,,
40700,"Roseburg, OR (Micropolitan Statistical Area)",10,Total employment (number of jobs),46354,45056,44456,45018,46595,47733,48908,50985,51030,52241,52760
40700,"Roseburg, OR (Micropolitan Statistical Area)",920,        Military,499,494,477,455,423,410,399,419,394,389,406
40740,"Roswell, NM (Micropolitan Statistical Area)",,Employment by place of work,,,,,,,,,,,
40740,"Roswell, NM (Micropolitan Statistical Area)",10,Total employment (number of jobs),26928,26571,25786,26492,27426,28049,27759,27978,27810,27464,27743
40740,"Roswell, NM (Micropolitan Statistical Area)",920,        Military,304,294,287,288,273,268,251,240,223,223,211
40760,"Ruidoso, NM (Micropolitan Statistical Area)",,Employment by place of work,,,,,,,,,,,
40760,"Ruidoso, NM (Micropolitan Statistical Area)",10,Total employment (number of jobs),7167,7161,7480,7798,8332,8641,9179,9406,9891,10016,10408
40760,"Ruidoso, NM (Micropolitan Statistical Area)",920,        Military,62,62,63,65,63,65,64,66,63,64,64
40780,"Russellville, AR (Micropolitan Statistical Area)",,Employment by place of work,,,,,,,,,,,
40780,"Russellville, AR (Micropolitan Statistical Area)",10,Total employment (number of jobs),34213,36042,36818,37731,38311,39869,40861,41197,41010,41298,41891
40780,"Russellville, AR (Micropolitan Statistical Area)",920,        Military,468,463,460,456,439,433,423,420,410,412,401
40820,"Ruston, LA (Micropolitan Statistical Area)",,Employment by place of work,,,,,,,,,,,
40820,"Ruston, LA (Micropolitan Statistical Area)",10,Total employment (number of jobs),20452,21562,21806,21736,21887,22351,22611,22703,22785,23389,23455
40820,"Ruston, LA (Micropolitan Statistical Area)",920,        Military,262,262,279,301,276,267,259,251,243,241,228
40860,"Rutland, VT (Micropolitan Statistical Area)",,Employment by place of work,,,,,,,,,,,
40860,"Rutland, VT (Micropolitan Statistical Area)",10,Total employment (number of jobs),35480,34603,35311,35834,36219,36079,36542,37127,37462,37179,37669
40860,"Rutland, VT (Micropolitan Statistical Area)",920,        Military,544,555,560,549,528,526,513,486,467,473,467
40940,"Safford, AZ (Micropolitan Statistical Area)",,Employment by place of work,,,,,,,,,,,
40940,"Safford, AZ (Micropolitan Statistical Area)",10,Total employment (number of jobs),7702,8025,8265,8621,9083,9573,9924,10166,10223,10340,10428
40940,"Safford, AZ (Micropolitan Statistical Area)",920,        Military,99,99,98,92,87,84,80,79,77,75,77
41220,"St. Marys, GA (Micropolitan Statistical Area)",,Employment by place of work,,,,,,,,,,,
41220,"St. Marys, GA (Micropolitan Statistical Area)",10,Total employment (number of jobs),17279,18866,19536,20617,21284,21062,21634,21977,22391,22160,22417
41220,"St. Marys, GA (Micropolitan Statistical Area)",920,        Military,4602,5523,5955,6227,6404,5665,5677,5680,5727,5376,5329
41260,"St. Marys, PA (Micropolitan Statistical Area)",,Employment by place of work,,,,,,,,,,,
41260,"St. Marys, PA (Micropolitan Statistical Area)",10,Total employment (number of jobs),18004,17736,18171,18997,19873,20258,20258,20390,20488,20417,20302
41260,"St. Marys, PA (Micropolitan Statistical Area)",920,        Military,154,158,158,153,144,133,126,120,117,116,111
41400,"Salem, OH (Micropolitan Statistical Area)",,Employment by place of work,,,,,,,,,,,
41400,"Salem, OH (Micropolitan Statistical Area)",10,Total employment (number of jobs),41366,41899,41861,42188,43242,44842,45349,46265,47213,47609,48011
41400,"Salem, OH (Micropolitan Statistical Area)",920,        Military,394,392,386,353,328,317,301,297,287,284,291
41460,"Salina, KS (Micropolitan Statistical Area)",,Employment by place of work,,,,,,,,,,,
41460,"Salina, KS (Micropolitan Statistical Area)",10,Total employment (number of jobs),35000,36032,36548,37213,38425,39325,40191,40730,40746,41234,42133
41460,"Salina, KS (Micropolitan Statistical Area)",920,        Military,382,394,367,362,355,319,300,294,286,284,288
41760,"Sandpoint, ID (Micropolitan Statistical Area)",,Employment by place of work,,,,,,,,,,,
41760,"Sandpoint, ID (Micropolitan Statistical Area)",10,Total employment (number of jobs),12799,13225,14109,14706,16055,16409,16809,17449,18498,19749,20053
41760,"Sandpoint, ID (Micropolitan Statistical Area)",920,        Military,172,169,173,174,166,163,159,161,156,153,151
41780,"Sandusky, OH (Micropolitan Statistical Area)",,Employment by place of work,,,,,,,,,,,
41780,"Sandusky, OH (Micropolitan Statistical Area)",10,Total employment (number of jobs),43874,43927,44182,45129,46158,48003,47760,48458,48401,49348,50389
41780,"Sandusky, OH (Micropolitan Statistical Area)",920,        Military,286,283,278,255,237,232,221,219,212,209,209
41820,"Sanford, NC (Micropolitan Statistical Area)",,Employment by place of work,,,,,,,,,,,
41820,"Sanford, NC (Micropolitan Statistical Area)",10,Total employment (number of jobs),25974,25955,27721,29089,30357,31929,32166,33268,33525,34115,33837
41820,"Sanford, NC (Micropolitan Statistical Area)",920,        Military,156,155,161,161,165,150,150,147,145,140,134
42300,"Sault Ste. Marie, MI (Micropolitan Statistical Area)",,Employment by place of work,,,,,,,,,,,
42300,"Sault Ste. Marie, MI (Micropolitan Statistical Area)",10,Total employment (number of jobs),14361,14527,15123,15965,17114,17588,18173,18221,17912,18276,18910
42300,"Sault Ste. Marie, MI (Micropolitan Statistical Area)",920,        Military,260,249,255,253,236,230,227,221,211,213,215
42380,"Sayre, PA (Micropolitan Statistical Area)",,Employment by place of work,,,,,,,,,,,
42380,"Sayre, PA (Micropolitan Statistical Area)",10,Total employment (number of jobs),29308,28793,28802,28828,29572,30592,30471,30653,30869,31439,32174
42380,"Sayre, PA (Micropolitan Statistical Area)",920,        Military,271,277,278,268,252,234,222,213,209,207,198
42420,"Scottsbluff, NE (Micropolitan Statistical Area)",,Employment by place of work,,,,,,,,,,,
42420,"Scottsbluff, NE (Micropolitan Statistical Area)",10,Total employment (number of jobs),21736,21931,22244,22524,22830,22515,22670,22817,23107,23510,23665
42420,"Scottsbluff, NE (Micropolitan Statistical Area)",920,        Military,238,227,221,207,195,185,172,172,170,158,164
42460,"Scottsboro, AL (Micropolitan Statistical Area)",,Employment by place of work,,,,,,,,,,,
42460,"Scottsboro, AL (Micropolitan Statistical Area)",10,Total employment (number of jobs),22054,22098,22595,23640,23158,23306,23518,24239,24060,24619,25026
42460,"Scottsboro, AL (Micropolitan Statistical Area)",920,        Military,414,412,421,399,365,362,347,340,325,318,319
42500,"Scottsburg, IN (Micropolitan Statistical Area)",,Employment by place of work,,,,,,,,,,,
42500,"Scottsburg, IN (Micropolitan Statistical Area)",10,Total employment (number of jobs),7177,7510,8040,8589,9015,8975,9195,9218,8972,9418,9837
42500,"Scottsburg, IN (Micropolitan Statistical Area)",920,        Military,107,106,103,101,94,88,82,80,77,78,81
42620,"Searcy, AR (Micropolitan Statistical Area)",,Employment by place of work,,,,,,,,,,,
42620,"Searcy, AR (Micropolitan Statistical Area)",10,Total employment (number of jobs),24206,25246,26071,26908,28212,29531,30317,31396,31881,32483,33399
42620,"Searcy, AR (Micropolitan Statistical Area)",920,        Military,398,396,393,389,374,372,367,365,359,357,354
42740,"Sedalia, MO (Micropolitan Statistical Area)",,Employment by place of work,,,,,,,,,,,
42740,"Sedalia, MO (Micropolitan Statistical Area)",10,Total employment (number of jobs),20145,20092,20330,21129,21778,22987,23580,24340,24852,25005,25501
42740,"Sedalia, MO (Micropolitan Statistical Area)",920,        Military,200,195,186,181,169,184,186,184,173,184,154
42780,"Selinsgrove, PA (Micropolitan Statistical Area)",,Employment by place of work,,,,,,,,,,,
42780,"Selinsgrove, PA (Micropolitan Statistical Area)",10,Total employment (number of jobs),19398,18861,19037,19306,19855,20401,20007,20242,20263,21391,22198
42780,"Selinsgrove, PA (Micropolitan Statistical Area)",920,        Military,163,166,167,161,152,142,135,129,125,123,119
42820,"Selma, AL (Micropolitan Statistical Area)",,Employment by place of work,,,,,,,,,,,
42820,"Selma, AL (Micropolitan Statistical Area)",10,Total employment (number of jobs),21495,21751,21910,21942,22556,23070,22159,22396,22567,22333,22384
42820,"Selma, AL (Micropolitan Statistical Area)",920,        Military,421,412,416,390,350,339,317,307,286,278,273
42860,"Seneca, SC (Micropolitan Statistical Area)",,Employment by place of work,,,,,,,,,,,
42860,"Seneca, SC (Micropolitan Statistical Area)",10,Total employment (number of jobs),30990,29954,30039,29386,29559,30783,30920,31709,31235,32347,32491
42860,"Seneca, SC (Micropolitan Statistical Area)",920,        Military,414,409,411,405,394,379,375,368,363,342,335
42900,"Seneca Falls, NY (Micropolitan Statistical Area)",,Employment by place of work,,,,,,,,,,,
42900,"Seneca Falls, NY (Micropolitan Statistical Area)",10,Total employment (number of jobs),14513,14262,14451,13686,13621,12942,13179,13203,13969,14544,14762
42900,"Seneca Falls, NY (Micropolitan Statistical Area)",920,        Military,719,703,485,155,109,96,93,84,70,69,68
42940,"Sevierville, TN (Micropolitan Statistical Area)",,Employment by place of work,,,,,,,,,,,
42940,"Sevierville, TN (Micropolitan Statistical Area)",10,Total employment (number of jobs),29369,29901,31590,34193,37037,39968,41011,42508,42361,42991,44353
42940,"Sevierville, TN (Micropolitan Statistical Area)",920,        Military,308,315,303,292,280,269,273,272,262,260,286
42980,"Seymour, IN (Micropolitan Statistical Area)",,Employment by place of work,,,,,,,,,,,
42980,"Seymour, IN (Micropolitan Statistical Area)",10,Total employment (number of jobs),20672,20762,21600,22154,23002,24653,24259,24337,24695,25685,26175
42980,"Seymour, IN (Micropolitan Statistical Area)",920,        Military,193,191,186,181,169,161,150,146,141,141,145
43020,"Shawano, WI (Micropolitan Statistical Area)",,Employment by place of work,,,,,,,,,,,
43020,"Shawano, WI (Micropolitan Statistical Area)",10,Total employment (number of jobs),16988,17279,17234,17977,18961,19675,19895,20637,20981,21254,21247
43020,"Shawano, WI (Micropolitan Statistical Area)",920,        Military,201,194,196,191,176,168,157,160,154,156,151
43060,"Shawnee, OK (Micropolitan Statistical Area)",,Employment by place of work,,,,,,,,,,,
43060,"Shawnee, OK (Micropolitan Statistical Area)",10,Total employment (number of jobs),23655,24023,24111,24673,25334,26428,26744,27789,28185,28740,29414
43060,"Shawnee, OK (Micropolitan Statistical Area)",920,        Military,357,348,351,339,317,319,312,309,311,316,323
43140,"Shelby, NC (Micropolitan Statistical Area)",,Employment by place of work,,,,,,,,,,,
43140,"Shelby, NC (Micropolitan Statistical Area)",10,Total employment (number of jobs),44141,43052,42993,43708,44302,45819,45957,46494,47237,46511,46914
43140,"Shelby, NC (Micropolitan Statistical Area)",920,        Military,321,317,330,325,331,298,296,288,283,275,262
43180,"Shelbyville, TN (Micropolitan Statistical Area)",,Employment by place of work,,,,,,,,,,,
43180,"Shelbyville, TN (Micropolitan Statistical Area)",10,Total employment (number of jobs),16670,16299,16572,16903,17510,18192,18546,19416,21397,21844,22411
43180,"Shelbyville, TN (Micropolitan Statistical Area)",920,        Military,183,184,177,167,156,150,151,148,141,138,151
43220,"Shelton, WA (Micropolitan Statistical Area)",,Employment by place of work,,,,,,,,,,,
43220,"Shelton, WA (Micropolitan Statistical Area)",10,Total employment (number of jobs),13734,13822,14090,14652,15497,16101,16725,17234,17551,17489,17682
43220,"Shelton, WA (Micropolitan Statistical Area)",920,        Military,198,204,208,207,198,193,190,183,177,178,180
43260,"Sheridan, WY (Micropolitan Statistical Area)",,Employment by place of work,,,,,,,,,,,
43260,"Sheridan, WY (Micropolitan Statistical Area)",10,Total employment (number of jobs),13073,13425,13935,14540,14854,15203,15451,15490,15685,15815,16426
43260,"Sheridan, WY (Micropolitan Statistical Area)",920,        Military,138,139,159,153,151,149,149,158,160,151,153
43320,"Show Low, AZ (Micropolitan Statistical Area)",,Employment by place of work,,,,,,,,,,,
43320,"Show Low, AZ (Micropolitan Statistical Area)",10,Total employment (number of jobs),26747,26255,26451,27260,29046,29623,30709,31945,32808,33220,33884
43320,"Show Low, AZ (Micropolitan Statistical Area)",920,        Military,354,347,339,319,252,242,230,228,223,217,224
43380,"Sidney, OH (Micropolitan Statistical Area)",,Employment by place of work,,,,,,,,,,,
43380,"Sidney, OH (Micropolitan Statistical Area)",10,Total employment (number of jobs),26474,27836,28177,28200,29637,31324,32422,33340,33533,33388,34021
43380,"Sidney, OH (Micropolitan Statistical Area)",920,        Military,163,163,160,147,136,132,125,125,121,121,124
43460,"Sikeston, MO (Micropolitan Statistical Area)",,Employment by place of work,,,,,,,,,,,
43460,"Sikeston, MO (Micropolitan Statistical Area)",10,Total employment (number of jobs),18831,18239,17812,18585,18788,19360,19805,20234,19917,19866,20013
43460,"Sikeston, MO (Micropolitan Statistical Area)",920,        Military,222,214,203,197,180,195,196,192,179,191,158
43500,"Silver City, NM (Micropolitan Statistical Area)",,Employment by place of work,,,,,,,,,,,
43500,"Silver City, NM (Micropolitan Statistical Area)",10,Total employment (number of jobs),11998,12130,11613,12317,12724,13559,14446,14628,14617,14135,14628
43500,"Silver City, NM (Micropolitan Statistical Area)",920,        Military,140,134,135,131,123,122,117,116,108,107,102
43660,"Snyder, TX (Micropolitan Statistical Area)",,Employment by place of work,,,,,,,,,,,
43660,"Snyder, TX (Micropolitan Statistical Area)",10,Total employment (number of jobs),9538,9594,9134,9331,9613,9511,9448,9973,9910,9001,8908
43660,"Snyder, TX (Micropolitan Statistical Area)",920,        Military,67,65,64,58,54,53,50,48,45,43,42
43700,"Somerset, KY (Micropolitan Statistical Area)",,Employment by place of work,,,,,,,,,,,
43700,"Somerset, KY (Micropolitan Statistical Area)",10,Total employment (number of jobs),26661,26721,27336,27690,28231,29587,29946,30928,31228,31616,32855
43700,"Somerset, KY (Micropolitan Statistical Area)",920,        Military,221,216,223,222,210,202,198,196,189,186,190
43740,"Somerset, PA (Micropolitan Statistical Area)",,Employment by place of work,,,,,,,,,,,
43740,"Somerset, PA (Micropolitan Statistical Area)",10,Total employment (number of jobs),34092,33852,34076,34593,35342,35937,36065,36339,35518,35679,36419
43740,"Somerset, PA (Micropolitan Statistical Area)",920,        Military,345,354,353,341,321,299,282,271,265,263,252
43760,"Sonora, CA (Micropolitan Statistical Area)",,Employment by place of work,,,,,,,,,,,
43760,"Sonora, CA (Micropolitan Statistical Area)",10,Total employment (number of jobs),20448,20668,20869,20663,21584,22016,21691,22216,22802,23267,23769
43760,"Sonora, CA (Micropolitan Statistical Area)",920,        Military,137,138,132,127,119,111,113,107,105,102,102
43940,"Spearfish, SD (Micropolitan Statistical Area)",,Employment by place of work,,,,,,,,,,,
43940,"Spearfish, SD (Micropolitan Statistical Area)",10,Total employment (number of jobs),12901,13454,13874,13928,14254,14422,14285,13983,13410,13398,13652
43940,"Spearfish, SD (Micropolitan Statistical Area)",920,        Military,171,166,170,169,161,160,156,158,158,154,152
43980,"Spencer, IA (Micropolitan Statistical Area)",,Employment by place of work,,,,,,,,,,,
43980,"Spencer, IA (Micropolitan Statistical Area)",10,Total employment (number of jobs),11020,10870,10881,11165,11197,11783,12108,12146,12143,12261,12615
43980,"Spencer, IA (Micropolitan Statistical Area)",920,        Military,100,98,98,95,86,86,83,84,82,79,82
44020,"Spirit Lake, IA (Micropolitan Statistical Area)",,Employment by place of work,,,,,,,,,,,
44020,"Spirit Lake, IA (Micropolitan Statistical Area)",10,Total employment (number of jobs),9141,9497,10081,10688,10873,11474,11921,11938,12054,12258,12617
44020,"Spirit Lake, IA (Micropolitan Statistical Area)",920,        Military,84,84,83,82,75,76,75,76,75,75,77
44260,"Starkville, MS (Micropolitan Statistical Area)",,Employment by place of work,,,,,,,,,,,
44260,"Starkville, MS (Micropolitan Statistical Area)",10,Total employment (number of jobs),22423,22671,23086,24097,24342,24742,25032,25882,26354,27242,28171
44260,"Starkville, MS (Micropolitan Statistical Area)",920,        Military,379,371,400,390,387,379,374,376,362,352,354
44340,"Statesboro, GA (Micropolitan Statistical Area)",,Employment by place of work,,,,,,,,,,,
44340,"Statesboro, GA (Micropolitan Statistical Area)",10,Total employment (number of jobs),19476,19652,20037,20934,21774,23354,25092,25623,26096,26977,27440
44340,"Statesboro, GA (Micropolitan Statistical Area)",920,        Military,207,208,224,222,218,219,212,214,214,212,197
44460,"Steamboat Springs, CO (Micropolitan Statistical Area)",,Employment by place of work,,,,,,,,,,,
44460,"Steamboat Springs, CO (Micropolitan Statistical Area)",10,Total employment (number of jobs),12181,12658,13018,13833,14703,15191,15889,16485,17522,17968,18588
44460,"Steamboat Springs, CO (Micropolitan Statistical Area)",920,        Military,58,59,61,58,58,52,55,55,54,51,56
44500,"Stephenville, TX (Micropolitan Statistical Area)",,Employment by place of work,,,,,,,,,,,
44500,"Stephenville, TX (Micropolitan Statistical Area)",10,Total employment (number of jobs),14915,15191,15632,16682,17326,17943,18431,18909,19112,18954,19620
44500,"Stephenville, TX (Micropolitan Statistical Area)",920,        Military,102,101,100,95,92,93,90,89,85,84,84
44540,"Sterling, CO (Micropolitan Statistical Area)",,Employment by place of work,,,,,,,,,,,
44540,"Sterling, CO (Micropolitan Statistical Area)",10,Total employment (number of jobs),10333,9929,9825,10246,10880,11299,11627,11791,11740,12028,12574
44540,"Sterling, CO (Micropolitan Statistical Area)",920,        Military,72,70,71,66,65,58,60,59,58,53,58
44580,"Sterling, IL (Micropolitan Statistical Area)",,Employment by place of work,,,,,,,,,,,
44580,"Sterling, IL (Micropolitan Statistical Area)",10,Total employment (number of jobs),28170,28987,28620,28654,29494,29750,30699,31386,31441,30461,30729
44580,"Sterling, IL (Micropolitan Statistical Area)",920,        Military,210,206,197,186,168,155,149,141,136,132,133
44620,"Stevens Point, WI (Micropolitan Statistical Area)",,Employment by place of work,,,,,,,,,,,
44620,"Stevens Point, WI (Micropolitan Statistical Area)",10,Total employment (number of jobs),34652,35571,36463,36249,37363,38226,38875,39338,40025,40206,41424
44620,"Stevens Point, WI (Micropolitan Statistical Area)",920,        Military,311,305,308,302,282,270,253,248,237,237,231
44660,"Stillwater, OK (Micropolitan Statistical Area)",,Employment by place of work,,,,,,,,,,,
44660,"Stillwater, OK (Micropolitan Statistical Area)",10,Total employment (number of jobs),35593,36225,37000,38107,39097,40779,42043,42700,43509,45331,46137
44660,"Stillwater, OK (Micropolitan Statistical Area)",920,        Military,390,382,385,364,350,355,341,345,347,355,355
44740,"Storm Lake, IA (Micropolitan Statistical Area)",,Employment by place of work,,,,,,,,,,,
44740,"Storm Lake, IA (Micropolitan Statistical Area)",10,Total employment (number of jobs),11949,12323,12516,12478,12528,12910,12931,12972,13273,13355,13380
44740,"Storm Lake, IA (Micropolitan Statistical Area)",920,        Military,113,111,110,109,100,100,97,97,94,94,96
44780,"Sturgis, MI (Micropolitan Statistical Area)",,Employment by place of work,,,,,,,,,,,
44780,"Sturgis, MI (Micropolitan Statistical Area)",10,Total employment (number of jobs),26955,26135,27086,28293,30224,30976,31289,31429,30043,31414,31866
44780,"Sturgis, MI (Micropolitan Statistical Area)",920,        Military,190,184,178,169,151,145,139,132,122,122,122
44860,"Sulphur Springs, TX (Micropolitan Statistical Area)",,Employment by place of work,,,,,,,,,,,
44860,"Sulphur Springs, TX (Micropolitan Statistical Area)",10,Total employment (number of jobs),14402,14392,14879,15562,15893,16412,16797,17164,17834,17586,17606
44860,"Sulphur Springs, TX (Micropolitan Statistical Area)",920,        Military,105,103,102,95,91,91,87,85,81,81,82
44900,"Summerville, GA (Micropolitan Statistical Area)",,Employment by place of work,,,,,,,,,,,
44900,"Summerville, GA (Micropolitan Statistical Area)",10,Total employment (number of jobs),9076,8955,9476,9962,10152,10459,10635,10409,10445,10617,10585
44900,"Summerville, GA (Micropolitan Statistical Area)",920,        Military,98,98,105,103,98,97,94,93,93,92,84
44980,"Sunbury, PA (Micropolitan Statistical Area)",,Employment by place of work,,,,,,,,,,,
44980,"Sunbury, PA (Micropolitan Statistical Area)",10,Total employment (number of jobs),39775,38987,39051,39111,39516,40355,40209,40236,39236,39368,39555
44980,"Sunbury, PA (Micropolitan Statistical Area)",920,        Military,427,436,432,417,392,363,341,325,315,311,297
45000,"Susanville, CA (Micropolitan Statistical Area)",,Employment by place of work,,,,,,,,,,,
45000,"Susanville, CA (Micropolitan Statistical Area)",10,Total employment (number of jobs),10612,10815,11156,11200,11824,12010,12848,12622,13051,13235,13221
45000,"Susanville, CA (Micropolitan Statistical Area)",920,        Military,416,427,423,419,445,417,174,102,90,79,65
45020,"Sweetwater, TX (Micropolitan Statistical Area)",,Employment by place of work,,,,,,,,,,,
45020,"Sweetwater, TX (Micropolitan Statistical Area)",10,Total employment (number of jobs),8455,8511,8441,8475,8427,8572,8637,8699,8663,8499,8585
45020,"Sweetwater, TX (Micropolitan Statistical Area)",920,        Military,60,58,56,52,49,48,46,44,42,41,40
45140,"Tahlequah, OK (Micropolitan Statistical Area)",,Employment by place of work,,,,,,,,,,,
45140,"Tahlequah, OK (Micropolitan Statistical Area)",10,Total employment (number of jobs),13445,14264,14653,15151,15467,16108,16551,17534,18487,19170,19531
45140,"Tahlequah, OK (Micropolitan Statistical Area)",920,        Military,208,207,212,204,194,198,196,199,201,204,210
45180,"Talladega-Sylacauga, AL (Micropolitan Statistical Area)",,Employment by place of work,,,,,,,,,,,
45180,"Talladega-Sylacauga, AL (Micropolitan Statistical Area)",10,Total employment (number of jobs),29498,29279,29566,30018,30690,31410,31279,32215,32718,32684,32863
45180,"Talladega-Sylacauga, AL (Micropolitan Statistical Area)",920,        Military,641,633,645,609,558,550,522,511,485,476,475
45340,"Taos, NM (Micropolitan Statistical Area)",,Employment by place of work,,,,,,,,,,,
45340,"Taos, NM (Micropolitan Statistical Area)",10,Total employment (number of jobs),11328,12215,12215,12765,13321,14069,14400,14757,15735,15488,15816
45340,"Taos, NM (Micropolitan Statistical Area)",920,        Military,118,114,116,116,109,109,105,105,98,101,99
45380,"Taylorville, IL (Micropolitan Statistical Area)",,Employment by place of work,,,,,,,,,,,
45380,"Taylorville, IL (Micropolitan Statistical Area)",10,Total employment (number of jobs),15379,15123,14815,15106,16209,16358,16504,16821,17543,17379,17599
45380,"Taylorville, IL (Micropolitan Statistical Area)",920,        Military,120,119,114,108,97,90,87,82,79,77,77
45520,"The Dalles, OR (Micropolitan Statistical Area)",,Employment by place of work,,,,,,,,,,,
45520,"The Dalles, OR (Micropolitan Statistical Area)",10,Total employment (number of jobs),10376,10631,10630,10672,11075,11522,11691,11755,12228,12530,12715
45520,"The Dalles, OR (Micropolitan Statistical Area)",920,        Military,105,105,102,95,89,86,84,84,78,77,78
45580,"Thomaston, GA (Micropolitan Statistical Area)",,Employment by place of work,,,,,,,,,,,
45580,"Thomaston, GA (Micropolitan Statistical Area)",10,Total employment (number of jobs),11851,11683,12331,12559,12539,12956,12925,13053,13053,12603,12140
45580,"Thomaston, GA (Micropolitan Statistical Area)",920,        Military,116,113,121,118,111,110,105,104,103,101,91
45620,"Thomasville, GA (Micropolitan Statistical Area)",,Employment by place of work,,,,,,,,,,,
45620,"Thomasville, GA (Micropolitan Statistical Area)",10,Total employment (number of jobs),21497,21249,21002,22286,23224,24412,25048,25278,24989,25926,25708
45620,"Thomasville, GA (Micropolitan Statistical Area)",920,        Military,172,169,182,176,165,166,162,161,160,156,143
45660,"Tiffin, OH (Micropolitan Statistical Area)",,Employment by place of work,,,,,,,,,,,
45660,"Tiffin, OH (Micropolitan Statistical Area)",10,Total employment (number of jobs),28493,28485,28069,28601,29135,29582,29729,29592,29057,28848,28800
45660,"Tiffin, OH (Micropolitan Statistical Area)",920,        Military,217,213,208,189,176,169,162,160,152,150,153
45700,"Tifton, GA (Micropolitan Statistical Area)",,Employment by place of work,,,,,,,,,,,
45700,"Tifton, GA (Micropolitan Statistical Area)",10,Total employment (number of jobs),20558,20541,20851,22177,22685,24074,24960,25678,25844,25170,25554
45700,"Tifton, GA (Micropolitan Statistical Area)",920,        Military,154,153,165,159,150,150,145,143,142,140,127
45740,"Toccoa, GA (Micropolitan Statistical Area)",,Employment by place of work,,,,,,,,,,,
45740,"Toccoa, GA (Micropolitan Statistical Area)",10,Total employment (number of jobs),13062,12955,13423,13756,14233,14627,14632,14547,14124,13662,13557
45740,"Toccoa, GA (Micropolitan Statistical Area)",920,        Military,103,102,111,108,102,101,98,95,95,93,84
45860,"Torrington, CT (Micropolitan Statistical Area)",,Employment by place of work,,,,,,,,,,,
45860,"Torrington, CT (Micropolitan Statistical Area)",10,Total employment (number of jobs),84869,82222,83035,84340,84381,86474,88245,89628,92156,93338,95571
45860,"Torrington, CT (Micropolitan Statistical Area)",920,        Military,559,549,530,534,506,474,449,435,430,429,436
45900,"Traverse City, MI (Micropolitan Statistical Area)",,Employment by place of work,,,,,,,,,,,
45900,"Traverse City, MI (Micropolitan Statistical Area)",10,Total employment (number of jobs),62277,63032,65816,66287,71300,74308,77085,79970,81308,83172,85526
45900,"Traverse City, MI (Micropolitan Statistical Area)",920,        Military,488,473,476,472,432,433,427,409,393,399,400
45980,"Troy, AL (Micropolitan Statistical Area)",,Employment by place of work,,,,,,,,,,,
45980,"Troy, AL (Micropolitan Statistical Area)",10,Total employment (number of jobs),14013,13976,14199,15005,15280,15612,15636,15499,15442,15959,15615
45980,"Troy, AL (Micropolitan Statistical Area)",920,        Military,245,244,249,237,221,215,202,197,186,180,181
46020,"Truckee-Grass Valley, CA (Micropolitan Statistical Area)",,Employment by place of work,,,,,,,,,,,
46020,"Truckee-Grass Valley, CA (Micropolitan Statistical Area)",10,Total employment (number of jobs),34522,35737,35948,36744,38731,39041,38921,40753,46408,48137,49251
46020,"Truckee-Grass Valley, CA (Micropolitan Statistical Area)",920,        Military,222,223,216,205,195,185,189,181,179,173,172
46100,"Tullahoma-Manchester, TN (Micropolitan Statistical Area)",,Employment by place of work,,,,,,,,,,,
46100,"Tullahoma-Manchester, TN (Micropolitan Statistical Area)",10,Total employment (number of jobs),41656,41645,43324,45214,46771,47693,47295,48603,49262,48824,49683
46100,"Tullahoma-Manchester, TN (Micropolitan Statistical Area)",920,        Military,638,634,596,556,529,512,506,489,461,457,477
46180,"Tupelo, MS (Micropolitan Statistical Area)",,Employment by place of work,,,,,,,,,,,
46180,"Tupelo, MS (Micropolitan Statistical Area)",10,Total employment (number of jobs),77232,76872,80750,84003,88254,91366,92052,93100,95120,97879,99029
46180,"Tupelo, MS (Micropolitan Statistical Area)",920,        Military,983,973,1070,1072,1053,1038,1013,1024,1038,1020,1018
46380,"Ukiah, CA (Micropolitan Statistical Area)",,Employment by place of work,,,,,,,,,,,
46380,"Ukiah, CA (Micropolitan Statistical Area)",10,Total employment (number of jobs),42314,41729,41111,41463,43327,43904,45894,46874,47783,48621,48550
46380,"Ukiah, CA (Micropolitan Statistical Area)",920,        Military,248,245,236,224,212,201,204,199,196,186,187
46420,"Union, SC (Micropolitan Statistical Area)",,Employment by place of work,,,,,,,,,,,
46420,"Union, SC (Micropolitan Statistical Area)",10,Total employment (number of jobs),12350,12094,12578,12700,12977,12711,12625,12815,12690,13091,12802
46420,"Union, SC (Micropolitan Statistical Area)",920,        Military,218,213,213,206,198,188,181,175,170,156,151
46460,"Union City, TN (Micropolitan Statistical Area)",,Employment by place of work,,,,,,,,,,,
46460,"Union City, TN (Micropolitan Statistical Area)",10,Total employment (number of jobs),18772,17761,17815,18216,18636,19188,19100,18521,18638,18491,18930
46460,"Union City, TN (Micropolitan Statistical Area)",920,        Military,190,187,174,162,152,142,139,134,126,121,130
46500,"Urbana, OH (Micropolitan Statistical Area)",,Employment by place of work,,,,,,,,,,,
46500,"Urbana, OH (Micropolitan Statistical Area)",10,Total employment (number of jobs),14345,14402,14774,14657,14589,14523,14685,15242,16134,16290,17016
46500,"Urbana, OH (Micropolitan Statistical Area)",920,        Military,131,130,128,117,109,106,102,101,98,98,101
46620,"Uvalde, TX (Micropolitan Statistical Area)",,Employment by place of work,,,,,,,,,,,
46620,"Uvalde, TX (Micropolitan Statistical Area)",10,Total employment (number of jobs),10528,10546,10412,10786,11246,11531,11776,12100,12367,12554,13072
46620,"Uvalde, TX (Micropolitan Statistical Area)",920,        Military,85,83,83,77,74,74,71,70,66,66,66
46780,"Van Wert, OH (Micropolitan Statistical Area)",,Employment by place of work,,,,,,,,,,,
46780,"Van Wert, OH (Micropolitan Statistical Area)",10,Total employment (number of jobs),14313,14219,14484,14867,15089,15643,15700,15917,15568,15885,16049
46780,"Van Wert, OH (Micropolitan Statistical Area)",920,        Military,110,108,106,96,89,85,81,80,76,75,77
46820,"Vermillion, SD (Micropolitan Statistical Area)",,Employment by place of work,,,,,,,,,,,
46820,"Vermillion, SD (Micropolitan Statistical Area)",10,Total employment (number of jobs),6969,7085,7312,7472,7717,7703,7623,7741,7686,8749,8954
46820,"Vermillion, SD (Micropolitan Statistical Area)",920,        Military,117,111,113,109,104,104,98,100,101,101,98
46860,"Vernal, UT (Micropolitan Statistical Area)",,Employment by place of work,,,,,,,,,,,
46860,"Vernal, UT (Micropolitan Statistical Area)",10,Total employment (number of jobs),10022,10537,10512,10567,11115,11371,11630,12305,12636,13006,13627
46860,"Vernal, UT (Micropolitan Statistical Area)",920,        Military,174,170,166,163,152,140,139,135,132,129,129
46900,"Vernon, TX (Micropolitan Statistical Area)",,Employment by place of work,,,,,,,,,,,
46900,"Vernon, TX (Micropolitan Statistical Area)",10,Total employment (number of jobs),8097,8170,8278,8430,8225,8398,8316,8449,8549,8764,8767
46900,"Vernon, TX (Micropolitan Statistical Area)",920,        Military,55,53,51,48,45,44,42,40,38,38,37
46980,"Vicksburg, MS (Micropolitan Statistical Area)",,Employment by place of work,,,,,,,,,,,
46980,"Vicksburg, MS (Micropolitan Statistical Area)",10,Total employment (number of jobs),24334,24793,24985,26321,30129,30538,30540,30470,30439,31254,30988
46980,"Vicksburg, MS (Micropolitan Statistical Area)",920,        Military,408,397,425,430,424,396,373,370,365,356,349
47080,"Vidalia, GA (Micropolitan Statistical Area)",,Employment by place of work,,,,,,,,,,,
47080,"Vidalia, GA (Micropolitan Statistical Area)",10,Total employment (number of jobs),14163,14064,14267,14617,15663,17031,16920,17048,17070,17168,16930
47080,"Vidalia, GA (Micropolitan Statistical Area)",920,        Military,140,136,148,144,134,134,130,128,127,125,113
47180,"Vincennes, IN (Micropolitan Statistical Area)",,Employment by place of work,,,,,,,,,,,
47180,"Vincennes, IN (Micropolitan Statistical Area)",10,Total employment (number of jobs),20657,20845,21293,22082,22376,23119,23760,22868,22592,22532,22751
47180,"Vincennes, IN (Micropolitan Statistical Area)",920,        Military,204,200,195,187,173,162,149,144,138,136,138
47240,"Vineyard Haven, MA (Micropolitan Statistical Area)",,Employment by place of work,,,,,,,,,,,
47240,"Vineyard Haven, MA (Micropolitan Statistical Area)",10,Total employment (number of jobs),7704,7688,8161,8633,9233,9796,10244,10674,11497,11828,12225
47240,"Vineyard Haven, MA (Micropolitan Statistical Area)",920,        Military,79,81,61,56,49,50,48,47,46,45,46
47340,"Wabash, IN (Micropolitan Statistical Area)",,Employment by place of work,,,,,,,,,,,
47340,"Wabash, IN (Micropolitan Statistical Area)",10,Total employment (number of jobs),19290,19140,19394,19631,20122,20339,20145,20151,20127,20213,20482
47340,"Wabash, IN (Micropolitan Statistical Area)",920,        Military,179,175,169,162,150,141,130,125,120,120,123
47420,"Wahpeton, ND-MN (Micropolitan Statistical Area)",,Employment by place of work,,,,,,,,,,,
47420,"Wahpeton, ND-MN (Micropolitan Statistical Area)",10,Total employment (number of jobs),13154,13341,13394,13929,14112,14251,14737,15030,14742,14825,14665
47420,"Wahpeton, ND-MN (Micropolitan Statistical Area)",920,        Military,222,210,217,216,193,188,180,177,175,170,172
47540,"Wapakoneta, OH (Micropolitan Statistical Area)",,Employment by place of work,,,,,,,,,,,
47540,"Wapakoneta, OH (Micropolitan Statistical Area)",10,Total employment (number of jobs),22067,22121,22678,22717,23856,24915,25519,25473,25246,24796,25164
47540,"Wapakoneta, OH (Micropolitan Statistical Area)",920,        Military,162,162,160,146,135,131,125,123,119,118,121
47620,"Warren, PA (Micropolitan Statistical Area)",,Employment by place of work,,,,,,,,,,,
47620,"Warren, PA (Micropolitan Statistical Area)",10,Total employment (number of jobs),22340,22315,22051,22027,22303,22482,22095,22021,21755,21372,21728
47620,"Warren, PA (Micropolitan Statistical Area)",920,        Military,200,204,203,197,183,168,158,150,146,145,138
47660,"Warrensburg, MO (Micropolitan Statistical Area)",,Employment by place of work,,,,,,,,,,,
47660,"Warrensburg, MO (Micropolitan Statistical Area)",10,Total employment (number of jobs),21427,20883,21266,22481,23063,23098,22908,23946,26482,27170,27847
47660,"Warrensburg, MO (Micropolitan Statistical Area)",920,        Military,3389,3492,3406,3765,3865,3525,3189,3117,3187,3346,3397
47700,"Warsaw, IN (Micropolitan Statistical Area)",,Employment by place of work,,,,,,,,,,,
47700,"Warsaw, IN (Micropolitan Statistical Area)",10,Total employment (number of jobs),36848,36825,37392,37877,39048,42372,42815,42498,42155,43018,43947
47700,"Warsaw, IN (Micropolitan Statistical Area)",920,        Military,335,329,322,314,295,281,264,257,251,251,261
47780,"Washington, IN (Micropolitan Statistical Area)",,Employment by place of work,,,,,,,,,,,
47780,"Washington, IN (Micropolitan Statistical Area)",10,Total employment (number of jobs),13668,13659,13861,14094,14307,14335,14281,15037,15454,16019,16018
47780,"Washington, IN (Micropolitan Statistical Area)",920,        Military,141,139,136,131,122,117,108,105,102,102,105
47820,"Washington, NC (Micropolitan Statistical Area)",,Employment by place of work,,,,,,,,,,,
47820,"Washington, NC (Micropolitan Statistical Area)",10,Total employment (number of jobs),23304,22464,22327,22602,22737,23157,23527,24382,23907,24133,23860
47820,"Washington, NC (Micropolitan Statistical Area)",920,        Military,159,157,162,159,162,144,141,136,133,130,122
47920,"Washington Court House, OH (Micropolitan Statistical Area)",,Employment by place of work,,,,,,,,,,,
47920,"Washington Court House, OH (Micropolitan Statistical Area)",10,Total employment (number of jobs),10861,11103,11372,12019,12632,12514,12417,13022,14115,14447,14714
47920,"Washington Court House, OH (Micropolitan Statistical Area)",920,        Military,100,99,97,89,83,80,76,76,73,72,74
47980,"Watertown, SD (Micropolitan Statistical Area)",,Employment by place of work,,,,,,,,,,,
47980,"Watertown, SD (Micropolitan Statistical Area)",10,Total employment (number of jobs),16485,16998,17748,18698,19817,20458,21012,21441,21650,21534,22261
47980,"Watertown, SD (Micropolitan Statistical Area)",920,        Military,231,221,225,226,216,215,212,219,221,221,219
48020,"Watertown-Fort Atkinson, WI (Micropolitan Statistical Area)",,Employment by place of work,,,,,,,,,,,
48020,"Watertown-Fort Atkinson, WI (Micropolitan Statistical Area)",10,Total employment (number of jobs),37902,38158,38704,39560,40199,41101,42452,43416,44564,46641,47250
48020,"Watertown-Fort Atkinson, WI (Micropolitan Statistical Area)",920,        Military,336,327,328,322,301,285,263,265,255,256,248
48100,"Wauchula, FL (Micropolitan Statistical Area)",,Employment by place of work,,,,,,,,,,,
48100,"Wauchula, FL (Micropolitan Statistical Area)",10,Total employment (number of jobs),9567,9642,9545,10102,10684,11031,11424,11679,11287,10960,11071
48100,"Wauchula, FL (Micropolitan Statistical Area)",920,        Military,57,58,61,60,57,58,57,57,57,56,57
48180,"Waycross, GA (Micropolitan Statistical Area)",,Employment by place of work,,,,,,,,,,,
48180,"Waycross, GA (Micropolitan Statistical Area)",10,Total employment (number of jobs),22057,22085,22340,22962,23918,24629,25447,26018,26575,26534,26893
48180,"Waycross, GA (Micropolitan Statistical Area)",920,        Military,216,211,228,221,208,205,197,194,192,186,169
48220,"Weatherford, OK (Micropolitan Statistical Area)",,Employment by place of work,,,,,,,,,,,
48220,"Weatherford, OK (Micropolitan Statistical Area)",10,Total employment (number of jobs),14613,14790,14993,15304,15462,15785,15705,15547,15737,15701,15860
48220,"Weatherford, OK (Micropolitan Statistical Area)",920,        Military,163,157,158,149,140,138,131,130,128,128,128
48460,"West Plains, MO (Micropolitan Statistical Area)",,Employment by place of work,,,,,,,,,,,
48460,"West Plains, MO (Micropolitan Statistical Area)",10,Total employment (number of jobs),17167,17610,18087,19204,19652,20605,20892,21224,21756,22114,22183
48460,"West Plains, MO (Micropolitan Statistical Area)",920,        Military,179,176,169,167,155,171,176,174,164,177,147
48500,"West Point, MS (Micropolitan Statistical Area)",,Employment by place of work,,,,,,,,,,,
48500,"West Point, MS (Micropolitan Statistical Area)",10,Total employment (number of jobs),10339,10562,10463,10207,9916,10283,10428,10369,10846,11065,11187
48500,"West Point, MS (Micropolitan Statistical Area)",920,        Military,158,155,169,168,162,158,151,150,147,143,142
48580,"Whitewater, WI (Micropolitan Statistical Area)",,Employment by place of work,,,,,,,,,,,
48580,"Whitewater, WI (Micropolitan Statistical Area)",10,Total employment (number of jobs),39984,41520,42989,45193,46624,47787,48208,48207,49331,50402,51684
48580,"Whitewater, WI (Micropolitan Statistical Area)",920,        Military,368,363,371,366,344,331,314,323,316,321,314
48780,"Williston, ND (Micropolitan Statistical Area)",,Employment by place of work,,,,,,,,,,,
48780,"Williston, ND (Micropolitan Statistical Area)",10,Total employment (number of jobs),12016,12273,12089,12265,12696,12794,13030,12984,12728,12231,12663
48780,"Williston, ND (Micropolitan Statistical Area)",920,        Military,209,197,207,203,179,175,168,164,163,157,159
48820,"Willmar, MN (Micropolitan Statistical Area)",,Employment by place of work,,,,,,,,,,,
48820,"Willmar, MN (Micropolitan Statistical Area)",10,Total employment (number of jobs),22590,23092,23148,23704,25004,26396,27038,27413,28360,28670,29117
48820,"Willmar, MN (Micropolitan Statistical Area)",920,        Military,218,216,211,200,184,179,172,167,164,162,156
48940,"Wilmington, OH (Micropolitan Statistical Area)",,Employment by place of work,,,,,,,,,,,
48940,"Wilmington, OH (Micropolitan Statistical Area)",10,Total employment (number of jobs),19944,20521,21084,21846,23715,25436,26959,28459,29356,30075,30653
48940,"Wilmington, OH (Micropolitan Statistical Area)",920,        Military,129,129,127,117,109,106,102,103,101,101,105
48980,"Wilson, NC (Micropolitan Statistical Area)",,Employment by place of work,,,,,,,,,,,
48980,"Wilson, NC (Micropolitan Statistical Area)",10,Total employment (number of jobs),40439,39523,40430,41907,41833,43232,42152,43425,43167,44193,45026
48980,"Wilson, NC (Micropolitan Statistical Area)",920,        Military,249,246,256,250,256,228,226,220,216,211,201
49060,"Winfield, KS (Micropolitan Statistical Area)",,Employment by place of work,,,,,,,,,,,
49060,"Winfield, KS (Micropolitan Statistical Area)",10,Total employment (number of jobs),19062,19253,19017,19484,19225,19864,20322,19967,20026,20153,20707
49060,"Winfield, KS (Micropolitan Statistical Area)",920,        Military,255,257,238,233,226,201,189,184,177,173,174
49080,"Winnemucca, NV (Micropolitan Statistical Area)",,Employment by place of work,,,,,,,,,,,
49080,"Winnemucca, NV (Micropolitan Statistical Area)",10,Total employment (number of jobs),7686,8270,8387,8948,9199,9717,10460,10910,10209,9827,9614
49080,"Winnemucca, NV (Micropolitan Statistical Area)",920,        Military,40,39,40,37,35,31,36,35,34,31,30
49100,"Winona, MN (Micropolitan Statistical Area)",,Employment by place of work,,,,,,,,,,,
49100,"Winona, MN (Micropolitan Statistical Area)",10,Total employment (number of jobs),27579,27658,27992,29015,30030,30748,30987,31411,31433,31745,31905
49100,"Winona, MN (Micropolitan Statistical Area)",920,        Military,275,268,257,242,221,216,205,202,199,195,189
49220,"Wisconsin Rapids-Marshfield, WI (Micropolitan Statistical Area)",,Employment by place of work,,,,,,,,,,,
49220,"Wisconsin Rapids-Marshfield, WI (Micropolitan Statistical Area)",10,Total employment (number of jobs),47224,47344,47524,48142,49332,49789,50986,51747,52387,51931,52439
49220,"Wisconsin Rapids-Marshfield, WI (Micropolitan Statistical Area)",920,        Military,359,348,350,339,310,294,274,275,264,263,252
49260,"Woodward, OK (Micropolitan Statistical Area)",,Employment by place of work,,,,,,,,,,,
49260,"Woodward, OK (Micropolitan Statistical Area)",10,Total employment (number of jobs),13138,13084,12659,13195,13492,13730,13929,14194,14328,13564,13767
49260,"Woodward, OK (Micropolitan Statistical Area)",920,        Military,142,137,138,129,120,119,114,114,111,111,111
49300,"Wooster, OH (Micropolitan Statistical Area)",,Employment by place of work,,,,,,,,,,,
49300,"Wooster, OH (Micropolitan Statistical Area)",10,Total employment (number of jobs),53855,53912,53033,55733,57645,60289,61279,62303,60308,61070,62027
49300,"Wooster, OH (Micropolitan Statistical Area)",920,        Military,370,367,363,334,311,303,292,291,282,282,290
49380,"Worthington, MN (Micropolitan Statistical Area)",,Employment by place of work,,,,,,,,,,,
49380,"Worthington, MN (Micropolitan Statistical Area)",10,Total employment (number of jobs),13285,13407,13577,13813,13999,14139,14427,14249,13791,13917,14200
49380,"Worthington, MN (Micropolitan Statistical Area)",920,        Military,113,112,109,103,95,92,87,85,82,81,79
49460,"Yankton, SD (Micropolitan Statistical Area)",,Employment by place of work,,,,,,,,,,,
49460,"Yankton, SD (Micropolitan Statistical Area)",10,Total employment (number of jobs),12532,12813,13382,13713,14680,14813,14907,14949,15077,15279,15461
49460,"Yankton, SD (Micropolitan Statistical Area)",920,        Military,160,155,158,157,150,148,145,149,151,152,151
49780,"Zanesville, OH (Micropolitan Statistical Area)",,Employment by place of work,,,,,,,,,,,
49780,"Zanesville, OH (Micropolitan Statistical Area)",10,Total employment (number of jobs),41659,40864,41647,43456,44830,46123,45884,46578,46863,48313,50541
49780,"Zanesville, OH (Micropolitan Statistical Area)",920,        Military,301,295,290,265,246,239,227,224,216,214,220
49820,"Zapata, TX (Micropolitan Statistical Area)",,Employment by place of work,,,,,,,,,,,
49820,"Zapata, TX (Micropolitan Statistical Area)",10,Total employment (number of jobs),2622,2705,2754,2988,3237,3521,3769,3731,4053,3913,4143
49820,"Zapata, TX (Micropolitan Statistical Area)",920,        Military,34,34,35,34,33,33,32,32,31,31,31
Legend / Footnotes:,,,,,,,,,,,,,,
1/ The estimates of employment for 1969-74 based on 1967 Standard Industrial Classification (SIC). The estimates for 1975-87 are based on the 1972 SIC. The estimates for 1988-2000 are based on the 1987 SIC.,,,,,,,,,,,,,,
"* Cibola, NM was separated from Valencia in June 1981, but in these estimates, Valencia includes Cibola through the end of 1981.",,,,,,,,,,,,,,
"* Estimates for 1979 forward reflect Alaska Census Areas as defined by the Census Bureau; those for prior years reflect Alaska Census Divisions as defined in the 1970 Decennial Census. Estimates from 1988 forward separate Aleutian Islands Census Area into Aleutians East Borough and Aleutians West Census Area. Estimates for 1991 forward separate Denali Borough from Yukon-Koyukuk Census Area and Lake and Peninsula Borough from Dillingham Census Area. Estimates from 1993 forward separate Skagway-Yakutat-Angoon Census Area into Skagway-Hoonah-Angoon Census Area and Yakutat Borough. Wade Hampton Census Area was renamed Kusilvak Census Area on July 1, 2015.",,,,,,,,,,,,,,
"* Virginia combination areas consist of one or two independent cities with 1980 populations of less than 100,000 combined with an adjacent county. The county name appears first, followed by the city name(s). Separate estimates for the jurisdictions making up the combination area are not available. Bedford County, VA includes the independent city of Bedford for all years.",,,,,,,,,,,,,,
"Metropolitan Areas are defined (geographically delineated) by the Office of Management and Budget bulletin no. 18-04 issued September 14, 2018.",,,,,,,,,,,,,,
"Last updated: November 14, 2019-- revised statistics for 1969-2000.",,,,,,,,,,,,,,
