CAEMP25S Total Full-Time and Part-Time Employment by SIC Industry 1/,,,,,,,,,,,,,,
(Number of jobs) ,,,,,,,,,,,,,,
Bureau of Economic Analysis ,,,,,,,,,,,,,,
Metropolitan Statistical Area,,,,,,,,,,,,,,
GeoFips,GeoName,LineCode,Description,1990,1991,1992,1993,1994,1995,1996,1997,1998,1999,2000
998,United States (Metropolitan Portion),,Employment by place of work,,,,,,,,,,,
998,United States (Metropolitan Portion),10,Total employment (number of jobs),118697766,117923088,118241772,120377066,123222447,126421592,129265304,132366465,136021698,138869846,142396424
998,United States (Metropolitan Portion),920,        Military,2391389,2329120,2309249,2198648,2092820,2027819,1948195,1893213,1849052,1828395,1826595
10180,"Abilene, TX (Metropolitan Statistical Area)",,Employment by place of work,,,,,,,,,,,
10180,"Abilene, TX (Metropolitan Statistical Area)",10,Total employment (number of jobs),80942,82259,82277,84362,85682,88181,89587,91934,92577,91417,91027
10180,"Abilene, TX (Metropolitan Statistical Area)",920,        Military,5715,5665,5299,5491,5483,5354,5186,5081,5058,5015,5037
10420,"Akron, OH (Metropolitan Statistical Area)",,Employment by place of work,,,,,,,,,,,
10420,"Akron, OH (Metropolitan Statistical Area)",10,Total employment (number of jobs),337124,337813,341070,350680,364299,374193,380965,387561,385717,393612,397340
10420,"Akron, OH (Metropolitan Statistical Area)",920,        Military,2480,2468,2440,2241,2064,1983,1891,1881,1814,1795,1858
10500,"Albany, GA (Metropolitan Statistical Area)",,Employment by place of work,,,,,,,,,,,
10500,"Albany, GA (Metropolitan Statistical Area)",10,Total employment (number of jobs),71183,70695,70547,72265,75195,77353,79382,79818,79360,78769,79557
10500,"Albany, GA (Metropolitan Statistical Area)",920,        Military,1835,1819,1804,1733,1710,1681,1618,1402,1301,1273,1230
10540,"Albany-Lebanon, OR (Metropolitan Statistical Area)",,Employment by place of work,,,,,,,,,,,
10540,"Albany-Lebanon, OR (Metropolitan Statistical Area)",10,Total employment (number of jobs),44792,44656,44762,46076,48997,51874,54263,55265,54813,53186,52649
10540,"Albany-Lebanon, OR (Metropolitan Statistical Area)",920,        Military,443,443,428,407,380,371,366,367,343,338,340
10580,"Albany-Schenectady-Troy, NY (Metropolitan Statistical Area)",,Employment by place of work,,,,,,,,,,,
10580,"Albany-Schenectady-Troy, NY (Metropolitan Statistical Area)",10,Total employment (number of jobs),477904,474065,476931,483377,491282,484903,482555,487706,500443,512344,524195
10580,"Albany-Schenectady-Troy, NY (Metropolitan Statistical Area)",920,        Military,4935,4637,4422,4217,3878,3694,3344,3212,3360,3291,3411
10740,"Albuquerque, NM (Metropolitan Statistical Area) *",,Employment by place of work,,,,,,,,,,,
10740,"Albuquerque, NM (Metropolitan Statistical Area) *",10,Total employment (number of jobs),341067,348198,355488,370109,389822,411302,418022,425091,431253,433808,446700
10740,"Albuquerque, NM (Metropolitan Statistical Area) *",920,        Military,8148,8111,8062,7711,7600,7666,7463,7215,6919,6678,6495
10780,"Alexandria, LA (Metropolitan Statistical Area)",,Employment by place of work,,,,,,,,,,,
10780,"Alexandria, LA (Metropolitan Statistical Area)",10,Total employment (number of jobs),65706,65863,64337,65441,66500,69293,69670,70362,72287,74507,75003
10780,"Alexandria, LA (Metropolitan Statistical Area)",920,        Military,3962,3908,2346,954,869,851,825,806,795,797,745
10900,"Allentown-Bethlehem-Easton, PA-NJ (Metropolitan Statistical Area)",,Employment by place of work,,,,,,,,,,,
10900,"Allentown-Bethlehem-Easton, PA-NJ (Metropolitan Statistical Area)",10,Total employment (number of jobs),349846,345339,345658,347081,351274,355394,357386,365995,369703,377848,388803
10900,"Allentown-Bethlehem-Easton, PA-NJ (Metropolitan Statistical Area)",920,        Military,2969,3033,3048,2934,2789,2613,2480,2400,2356,2354,2260
11020,"Altoona, PA (Metropolitan Statistical Area)",,Employment by place of work,,,,,,,,,,,
11020,"Altoona, PA (Metropolitan Statistical Area)",10,Total employment (number of jobs),64824,63975,65472,67208,68011,69263,70018,70970,71039,72406,72331
11020,"Altoona, PA (Metropolitan Statistical Area)",920,        Military,590,599,597,577,540,494,463,443,432,427,407
11100,"Amarillo, TX (Metropolitan Statistical Area)",,Employment by place of work,,,,,,,,,,,
11100,"Amarillo, TX (Metropolitan Statistical Area)",10,Total employment (number of jobs),110406,112231,113046,117950,122956,126957,128079,130252,141013,141705,144574
11100,"Amarillo, TX (Metropolitan Statistical Area)",920,        Military,767,750,748,712,680,690,665,650,616,616,624
11180,"Ames, IA (Metropolitan Statistical Area)",,Employment by place of work,,,,,,,,,,,
11180,"Ames, IA (Metropolitan Statistical Area)",10,Total employment (number of jobs),59004,59379,60139,60384,61090,62763,63481,63650,65058,66585,67065
11180,"Ames, IA (Metropolitan Statistical Area)",920,        Military,598,589,580,573,531,534,529,529,518,516,530
11260,"Anchorage, AK (Metropolitan Statistical Area)",,Employment by place of work,,,,,,,,,,,
11260,"Anchorage, AK (Metropolitan Statistical Area)",10,Total employment (number of jobs),166968,172470,173979,177780,181242,182105,183521,187454,193548,193959,197879
11260,"Anchorage, AK (Metropolitan Statistical Area)",920,        Military,13714,13509,13949,13644,13278,12067,11404,11249,11160,10874,10965
11460,"Ann Arbor, MI (Metropolitan Statistical Area)",,Employment by place of work,,,,,,,,,,,
11460,"Ann Arbor, MI (Metropolitan Statistical Area)",10,Total employment (number of jobs),213654,210795,213642,217534,220460,221177,224214,228650,230049,238824,244514
11460,"Ann Arbor, MI (Metropolitan Statistical Area)",920,        Military,1003,985,957,893,807,788,769,742,690,698,699
11500,"Anniston-Oxford, AL (Metropolitan Statistical Area)",,Employment by place of work,,,,,,,,,,,
11500,"Anniston-Oxford, AL (Metropolitan Statistical Area)",10,Total employment (number of jobs),61400,60775,61360,61935,60986,61993,62273,63984,64336,63078,60846
11500,"Anniston-Oxford, AL (Metropolitan Statistical Area)",920,        Military,5880,5029,5121,5037,4612,4413,4395,4307,3858,2347,710
11540,"Appleton, WI (Metropolitan Statistical Area)",,Employment by place of work,,,,,,,,,,,
11540,"Appleton, WI (Metropolitan Statistical Area)",10,Total employment (number of jobs),105276,107722,109626,112232,116611,120299,124832,126560,125341,128535,132249
11540,"Appleton, WI (Metropolitan Statistical Area)",920,        Military,854,830,841,823,765,732,693,704,685,693,676
11700,"Asheville, NC (Metropolitan Statistical Area)",,Employment by place of work,,,,,,,,,,,
11700,"Asheville, NC (Metropolitan Statistical Area)",10,Total employment (number of jobs),171956,172486,176331,181752,186248,191577,196267,203879,208191,211901,215601
11700,"Asheville, NC (Metropolitan Statistical Area)",920,        Military,1180,1176,1230,1221,1255,1137,1135,1116,1140,1141,1082
12020,"Athens-Clarke County, GA (Metropolitan Statistical Area)",,Employment by place of work,,,,,,,,,,,
12020,"Athens-Clarke County, GA (Metropolitan Statistical Area)",10,Total employment (number of jobs),74955,73882,74262,78030,80774,85085,88923,90120,92124,93748,95550
12020,"Athens-Clarke County, GA (Metropolitan Statistical Area)",920,        Military,1010,1025,1049,1029,973,984,934,913,935,947,918
12060,"Atlanta-Sandy Springs-Alpharetta, GA (Metropolitan Statistical Area)",,Employment by place of work,,,,,,,,,,,
12060,"Atlanta-Sandy Springs-Alpharetta, GA (Metropolitan Statistical Area)",10,Total employment (number of jobs),1936224,1917337,1962091,2072915,2172516,2273047,2380579,2460237,2584632,2676550,2770951
12060,"Atlanta-Sandy Springs-Alpharetta, GA (Metropolitan Statistical Area)",920,        Military,17524,17634,19046,19055,18575,18692,18203,18254,18600,18812,17865
12100,"Atlantic City-Hammonton, NJ (Metropolitan Statistical Area)",,Employment by place of work,,,,,,,,,,,
12100,"Atlantic City-Hammonton, NJ (Metropolitan Statistical Area)",10,Total employment (number of jobs),159479,152342,152205,153047,154444,157855,159704,162668,167700,170052,173765
12100,"Atlantic City-Hammonton, NJ (Metropolitan Statistical Area)",920,        Military,718,722,721,658,650,655,640,638,720,790,762
12220,"Auburn-Opelika, AL (Metropolitan Statistical Area)",,Employment by place of work,,,,,,,,,,,
12220,"Auburn-Opelika, AL (Metropolitan Statistical Area)",10,Total employment (number of jobs),43140,43300,44434,45513,46095,48314,49880,51253,51944,52880,54697
12220,"Auburn-Opelika, AL (Metropolitan Statistical Area)",920,        Military,887,890,920,897,828,831,816,812,776,760,763
12260,"Augusta-Richmond County, GA-SC (Metropolitan Statistical Area)",,Employment by place of work,,,,,,,,,,,
12260,"Augusta-Richmond County, GA-SC (Metropolitan Statistical Area)",10,Total employment (number of jobs),247348,243584,243360,247474,251197,253558,254613,260000,264879,270712,274209
12260,"Augusta-Richmond County, GA-SC (Metropolitan Statistical Area)",920,        Military,12129,11116,11408,10811,11577,11795,11286,12182,11566,11188,11844
12420,"Austin-Round Rock-Georgetown, TX (Metropolitan Statistical Area)",,Employment by place of work,,,,,,,,,,,
12420,"Austin-Round Rock-Georgetown, TX (Metropolitan Statistical Area)",10,Total employment (number of jobs),512913,536269,554727,591053,624671,663975,692327,725886,766659,805105,849746
12420,"Austin-Round Rock-Georgetown, TX (Metropolitan Statistical Area)",920,        Military,7415,7151,6141,4193,3261,3340,3283,3283,3221,3309,3451
12540,"Bakersfield, CA (Metropolitan Statistical Area)",,Employment by place of work,,,,,,,,,,,
12540,"Bakersfield, CA (Metropolitan Statistical Area)",10,Total employment (number of jobs),253759,267697,262789,262890,266806,278216,288670,289487,303568,309279,310380
12540,"Bakersfield, CA (Metropolitan Statistical Area)",920,        Military,7080,7152,6897,6907,6983,6673,6344,5958,5636,5565,5480
12580,"Baltimore-Columbia-Towson, MD (Metropolitan Statistical Area)",,Employment by place of work,,,,,,,,,,,
12580,"Baltimore-Columbia-Towson, MD (Metropolitan Statistical Area)",10,Total employment (number of jobs),1404128,1358484,1339950,1347488,1371332,1394314,1409343,1436116,1466512,1509853,1543762
12580,"Baltimore-Columbia-Towson, MD (Metropolitan Statistical Area)",920,        Military,31654,30731,30827,30249,29379,29172,28109,26926,26259,26357,25697
12620,"Bangor, ME (Metropolitan Statistical Area)",,Employment by place of work,,,,,,,,,,,
12620,"Bangor, ME (Metropolitan Statistical Area)",10,Total employment (number of jobs),82886,80019,80228,82174,82635,82741,83203,83642,85931,86803,89410
12620,"Bangor, ME (Metropolitan Statistical Area)",920,        Military,1134,1012,886,850,712,677,762,763,743,718,711
12700,"Barnstable Town, MA (Metropolitan Statistical Area)",,Employment by place of work,,,,,,,,,,,
12700,"Barnstable Town, MA (Metropolitan Statistical Area)",10,Total employment (number of jobs),100006,96477,99683,103453,107427,109482,112108,116668,121308,126407,131099
12700,"Barnstable Town, MA (Metropolitan Statistical Area)",920,        Military,1610,1669,1710,1699,1576,1490,1399,1355,1340,1307,1300
12940,"Baton Rouge, LA (Metropolitan Statistical Area)",,Employment by place of work,,,,,,,,,,,
12940,"Baton Rouge, LA (Metropolitan Statistical Area)",10,Total employment (number of jobs),327540,336736,346882,354288,362657,374802,384506,389227,402809,412481,422692
12940,"Baton Rouge, LA (Metropolitan Statistical Area)",920,        Military,4007,3947,4303,4582,4238,4165,4089,4023,3985,4014,3771
12980,"Battle Creek, MI (Metropolitan Statistical Area)",,Employment by place of work,,,,,,,,,,,
12980,"Battle Creek, MI (Metropolitan Statistical Area)",10,Total employment (number of jobs),69258,71364,72964,73362,75666,78757,77972,80495,78310,75611,75174
12980,"Battle Creek, MI (Metropolitan Statistical Area)",920,        Military,481,467,451,426,390,378,358,341,318,312,310
13020,"Bay City, MI (Metropolitan Statistical Area)",,Employment by place of work,,,,,,,,,,,
13020,"Bay City, MI (Metropolitan Statistical Area)",10,Total employment (number of jobs),45908,45846,46227,46432,47608,49673,51133,52171,51665,52077,53512
13020,"Bay City, MI (Metropolitan Statistical Area)",920,        Military,381,370,359,337,302,287,272,259,239,236,238
13140,"Beaumont-Port Arthur, TX (Metropolitan Statistical Area)",,Employment by place of work,,,,,,,,,,,
13140,"Beaumont-Port Arthur, TX (Metropolitan Statistical Area)",10,Total employment (number of jobs),170986,180406,179889,180011,179610,183110,183666,190627,194777,193452,196236
13140,"Beaumont-Port Arthur, TX (Metropolitan Statistical Area)",920,        Military,1478,1448,1447,1370,1294,1291,1222,1188,1139,1124,1143
13220,"Beckley, WV (Metropolitan Statistical Area)",,Employment by place of work,,,,,,,,,,,
13220,"Beckley, WV (Metropolitan Statistical Area)",10,Total employment (number of jobs),43965,44633,45282,46344,48415,50747,52378,53304,54760,54481,54322
13220,"Beckley, WV (Metropolitan Statistical Area)",920,        Military,811,843,898,862,822,864,849,857,839,855,871
13380,"Bellingham, WA (Metropolitan Statistical Area)",,Employment by place of work,,,,,,,,,,,
13380,"Bellingham, WA (Metropolitan Statistical Area)",10,Total employment (number of jobs),73036,74567,77046,78697,82327,83655,86113,88181,89503,91585,93409
13380,"Bellingham, WA (Metropolitan Statistical Area)",920,        Military,681,696,712,714,683,661,648,622,613,624,637
13460,"Bend, OR (Metropolitan Statistical Area)",,Employment by place of work,,,,,,,,,,,
13460,"Bend, OR (Metropolitan Statistical Area)",10,Total employment (number of jobs),45455,46995,48397,51071,54760,57626,60831,64237,66592,70590,74782
13460,"Bend, OR (Metropolitan Statistical Area)",920,        Military,368,383,383,375,359,358,362,369,356,366,386
13740,"Billings, MT (Metropolitan Statistical Area)",,Employment by place of work,,,,,,,,,,,
13740,"Billings, MT (Metropolitan Statistical Area)",10,Total employment (number of jobs),76682,78682,81206,83114,87004,88139,90616,91387,94168,96026,97833
13740,"Billings, MT (Metropolitan Statistical Area)",920,        Military,1009,1012,1004,953,890,864,828,835,824,831,785
13780,"Binghamton, NY (Metropolitan Statistical Area)",,Employment by place of work,,,,,,,,,,,
13780,"Binghamton, NY (Metropolitan Statistical Area)",10,Total employment (number of jobs),142457,139936,138396,137687,136661,134001,132577,134726,134427,138052,141139
13780,"Binghamton, NY (Metropolitan Statistical Area)",920,        Military,845,809,783,732,652,602,579,551,520,505,494
13820,"Birmingham-Hoover, AL (Metropolitan Statistical Area)",,Employment by place of work,,,,,,,,,,,
13820,"Birmingham-Hoover, AL (Metropolitan Statistical Area)",10,Total employment (number of jobs),492088,494712,503007,516698,524531,540012,549878,563132,576169,584344,590606
13820,"Birmingham-Hoover, AL (Metropolitan Statistical Area)",920,        Military,7945,7887,8027,7615,7030,7008,6821,6708,6379,6247,6265
13900,"Bismarck, ND (Metropolitan Statistical Area)",,Employment by place of work,,,,,,,,,,,
13900,"Bismarck, ND (Metropolitan Statistical Area)",10,Total employment (number of jobs),52908,54515,55770,57442,59882,60725,61687,63083,64969,66643,67825
13900,"Bismarck, ND (Metropolitan Statistical Area)",920,        Military,864,823,880,886,796,788,767,762,768,758,787
13980,"Blacksburg-Christiansburg, VA (Metropolitan Statistical Area) *",,Employment by place of work,,,,,,,,,,,
13980,"Blacksburg-Christiansburg, VA (Metropolitan Statistical Area) *",10,Total employment (number of jobs),73301,71029,70976,72196,73606,76033,76685,77680,77742,81341,82109
13980,"Blacksburg-Christiansburg, VA (Metropolitan Statistical Area) *",920,        Military,786,777,749,732,691,649,637,617,618,613,609
14010,"Bloomington, IL (Metropolitan Statistical Area)",,Employment by place of work,,,,,,,,,,,
14010,"Bloomington, IL (Metropolitan Statistical Area)",10,Total employment (number of jobs),79934,81260,83752,84448,88268,90575,92403,96023,100753,106179,108052
14010,"Bloomington, IL (Metropolitan Statistical Area)",920,        Military,461,459,445,426,390,367,356,342,333,334,338
14020,"Bloomington, IN (Metropolitan Statistical Area)",,Employment by place of work,,,,,,,,,,,
14020,"Bloomington, IN (Metropolitan Statistical Area)",10,Total employment (number of jobs),70276,70628,72264,74141,75988,78167,80732,82095,82583,84309,85477
14020,"Bloomington, IN (Metropolitan Statistical Area)",920,        Military,675,664,657,647,607,572,533,516,501,502,518
14100,"Bloomsburg-Berwick, PA (Metropolitan Statistical Area)",,Employment by place of work,,,,,,,,,,,
14100,"Bloomsburg-Berwick, PA (Metropolitan Statistical Area)",10,Total employment (number of jobs),45090,44976,45346,45742,46889,46421,45448,45712,47654,47905,48593
14100,"Bloomsburg-Berwick, PA (Metropolitan Statistical Area)",920,        Military,360,367,369,357,336,312,294,280,274,272,260
14260,"Boise City, ID (Metropolitan Statistical Area)",,Employment by place of work,,,,,,,,,,,
14260,"Boise City, ID (Metropolitan Statistical Area)",10,Total employment (number of jobs),190433,198902,207984,220250,236337,245882,255743,266539,279851,287846,304508
14260,"Boise City, ID (Metropolitan Statistical Area)",920,        Military,2177,2131,2192,2217,2075,2007,1953,2003,2007,1997,1975
14460,"Boston-Cambridge-Newton, MA-NH (Metropolitan Statistical Area)",,Employment by place of work,,,,,,,,,,,
14460,"Boston-Cambridge-Newton, MA-NH (Metropolitan Statistical Area)",10,Total employment (number of jobs),2665144,2541026,2555157,2603207,2655650,2685848,2740663,2813151,2889492,2941149,3027183
14460,"Boston-Cambridge-Newton, MA-NH (Metropolitan Statistical Area)",920,        Military,32603,30270,28502,26579,22720,21584,19463,18220,17425,16887,16734
14500,"Boulder, CO (Metropolitan Statistical Area)",,Employment by place of work,,,,,,,,,,,
14500,"Boulder, CO (Metropolitan Statistical Area)",10,Total employment (number of jobs),160076,164862,169291,178775,186270,192888,198754,207295,213453,221120,237310
14500,"Boulder, CO (Metropolitan Statistical Area)",920,        Military,1000,999,1048,992,979,879,916,920,914,856,921
14540,"Bowling Green, KY (Metropolitan Statistical Area)",,Employment by place of work,,,,,,,,,,,
14540,"Bowling Green, KY (Metropolitan Statistical Area)",10,Total employment (number of jobs),61201,62846,65051,66995,69464,72461,73893,75666,75648,77333,78805
14540,"Bowling Green, KY (Metropolitan Statistical Area)",920,        Military,517,505,519,520,492,476,469,468,457,449,459
14740,"Bremerton-Silverdale-Port Orchard, WA (Metropolitan Statistical Area)",,Employment by place of work,,,,,,,,,,,
14740,"Bremerton-Silverdale-Port Orchard, WA (Metropolitan Statistical Area)",10,Total employment (number of jobs),99487,103816,105396,103073,106538,108268,112627,111977,110034,110431,112566
14740,"Bremerton-Silverdale-Port Orchard, WA (Metropolitan Statistical Area)",920,        Military,15089,17319,16964,14405,14647,16158,18182,16339,13509,13156,12888
14860,"Bridgeport-Stamford-Norwalk, CT (Metropolitan Statistical Area)",,Employment by place of work,,,,,,,,,,,
14860,"Bridgeport-Stamford-Norwalk, CT (Metropolitan Statistical Area)",10,Total employment (number of jobs),521951,503321,501927,512679,508287,518746,528175,537529,551305,563031,577741
14860,"Bridgeport-Stamford-Norwalk, CT (Metropolitan Statistical Area)",920,        Military,2691,2642,2537,2557,2430,2278,2162,2099,2085,2096,2132
15180,"Brownsville-Harlingen, TX (Metropolitan Statistical Area)",,Employment by place of work,,,,,,,,,,,
15180,"Brownsville-Harlingen, TX (Metropolitan Statistical Area)",10,Total employment (number of jobs),98639,101267,104646,109851,115588,117889,121253,124620,127625,132109,139353
15180,"Brownsville-Harlingen, TX (Metropolitan Statistical Area)",920,        Military,1020,1016,1034,999,968,978,950,940,921,939,958
15260,"Brunswick, GA (Metropolitan Statistical Area)",,Employment by place of work,,,,,,,,,,,
15260,"Brunswick, GA (Metropolitan Statistical Area)",10,Total employment (number of jobs),42569,42130,42703,44165,45056,47089,48188,48883,50359,50905,52025
15260,"Brunswick, GA (Metropolitan Statistical Area)",920,        Military,409,404,433,426,401,395,383,381,378,368,333
15380,"Buffalo-Cheektowaga, NY (Metropolitan Statistical Area)",,Employment by place of work,,,,,,,,,,,
15380,"Buffalo-Cheektowaga, NY (Metropolitan Statistical Area)",10,Total employment (number of jobs),630513,622358,619834,620260,633711,626083,626699,631833,627096,638318,646437
15380,"Buffalo-Cheektowaga, NY (Metropolitan Statistical Area)",920,        Military,4186,4028,3922,3753,3381,3190,3017,2871,2730,2677,2604
15500,"Burlington, NC (Metropolitan Statistical Area)",,Employment by place of work,,,,,,,,,,,
15500,"Burlington, NC (Metropolitan Statistical Area)",10,Total employment (number of jobs),68152,66347,67347,68752,69706,71463,73122,74821,78580,80175,81244
15500,"Burlington, NC (Metropolitan Statistical Area)",920,        Military,410,409,427,423,435,392,391,383,379,372,358
15540,"Burlington-South Burlington, VT (Metropolitan Statistical Area)",,Employment by place of work,,,,,,,,,,,
15540,"Burlington-South Burlington, VT (Metropolitan Statistical Area)",10,Total employment (number of jobs),117930,115960,117796,120276,123280,125287,128300,130011,133049,136879,142039
15540,"Burlington-South Burlington, VT (Metropolitan Statistical Area)",920,        Military,1603,1641,1675,1666,1630,1623,1582,1516,1470,1503,1504
15680,"California-Lexington Park, MD (Metropolitan Statistical Area)",,Employment by place of work,,,,,,,,,,,
15680,"California-Lexington Park, MD (Metropolitan Statistical Area)",10,Total employment (number of jobs),35990,36785,36686,35928,36940,38098,40147,44464,47377,48147,49501
15680,"California-Lexington Park, MD (Metropolitan Statistical Area)",920,        Military,4192,4180,3995,3401,3136,3054,2884,3181,3312,3161,3080
15940,"Canton-Massillon, OH (Metropolitan Statistical Area)",,Employment by place of work,,,,,,,,,,,
15940,"Canton-Massillon, OH (Metropolitan Statistical Area)",10,Total employment (number of jobs),201081,200722,199451,202448,207012,212418,215591,218984,224798,226886,232230
15940,"Canton-Massillon, OH (Metropolitan Statistical Area)",920,        Military,1436,1424,1400,1279,1185,1147,1089,1080,1040,1031,1056
15980,"Cape Coral-Fort Myers, FL (Metropolitan Statistical Area)",,Employment by place of work,,,,,,,,,,,
15980,"Cape Coral-Fort Myers, FL (Metropolitan Statistical Area)",10,Total employment (number of jobs),164024,163361,162757,170194,178317,186043,191718,196507,205733,211109,219932
15980,"Cape Coral-Fort Myers, FL (Metropolitan Statistical Area)",920,        Military,1030,1040,1040,1001,958,966,968,972,974,959,996
16020,"Cape Girardeau, MO-IL (Metropolitan Statistical Area)",,Employment by place of work,,,,,,,,,,,
16020,"Cape Girardeau, MO-IL (Metropolitan Statistical Area)",10,Total employment (number of jobs),49146,48247,49450,50713,52387,54098,54280,54484,56838,58769,59512
16020,"Cape Girardeau, MO-IL (Metropolitan Statistical Area)",920,        Military,460,453,433,421,390,417,422,409,384,411,346
16060,"Carbondale-Marion, IL (Metropolitan Statistical Area)",,Employment by place of work,,,,,,,,,,,
16060,"Carbondale-Marion, IL (Metropolitan Statistical Area)",10,Total employment (number of jobs),61514,61999,62930,63450,66521,67208,67252,68160,69232,71824,73462
16060,"Carbondale-Marion, IL (Metropolitan Statistical Area)",920,        Military,476,463,446,427,388,360,347,329,319,309,307
16180,"Carson City, NV (Metropolitan Statistical Area)",,Employment by place of work,,,,,,,,,,,
16180,"Carson City, NV (Metropolitan Statistical Area)",10,Total employment (number of jobs),26766,27173,27073,28566,30498,32941,34369,35519,36263,37564,39240
16180,"Carson City, NV (Metropolitan Statistical Area)",920,        Military,131,123,129,121,114,103,115,109,104,105,104
16220,"Casper, WY (Metropolitan Statistical Area)",,Employment by place of work,,,,,,,,,,,
16220,"Casper, WY (Metropolitan Statistical Area)",10,Total employment (number of jobs),38058,38809,38045,38759,39738,40383,40551,41280,41582,42325,43624
16220,"Casper, WY (Metropolitan Statistical Area)",920,        Military,362,369,416,399,393,382,381,404,407,383,384
16300,"Cedar Rapids, IA (Metropolitan Statistical Area)",,Employment by place of work,,,,,,,,,,,
16300,"Cedar Rapids, IA (Metropolitan Statistical Area)",10,Total employment (number of jobs),131540,132831,133978,136563,140427,146630,149382,152680,157170,161738,164865
16300,"Cedar Rapids, IA (Metropolitan Statistical Area)",920,        Military,1207,1190,1193,1184,1104,1121,1096,1105,1089,1083,1127
16540,"Chambersburg-Waynesboro, PA (Metropolitan Statistical Area)",,Employment by place of work,,,,,,,,,,,
16540,"Chambersburg-Waynesboro, PA (Metropolitan Statistical Area)",10,Total employment (number of jobs),62343,61587,61679,62013,62399,63732,65054,66252,65520,64503,65163
16540,"Chambersburg-Waynesboro, PA (Metropolitan Statistical Area)",920,        Military,638,640,638,617,562,511,467,441,432,428,411
16580,"Champaign-Urbana, IL (Metropolitan Statistical Area)",,Employment by place of work,,,,,,,,,,,
16580,"Champaign-Urbana, IL (Metropolitan Statistical Area)",10,Total employment (number of jobs),118855,117580,117614,113982,116082,118170,119770,121130,123316,126090,128979
16580,"Champaign-Urbana, IL (Metropolitan Statistical Area)",920,        Military,4946,4616,4518,1572,595,562,556,529,503,492,478
16620,"Charleston, WV (Metropolitan Statistical Area)",,Employment by place of work,,,,,,,,,,,
16620,"Charleston, WV (Metropolitan Statistical Area)",10,Total employment (number of jobs),144191,144766,147343,149778,154304,157425,158902,161195,162819,164269,165406
16620,"Charleston, WV (Metropolitan Statistical Area)",920,        Military,1664,1684,1795,1744,1628,1610,1564,1574,1535,1580,1620
16700,"Charleston-North Charleston, SC (Metropolitan Statistical Area)",,Employment by place of work,,,,,,,,,,,
16700,"Charleston-North Charleston, SC (Metropolitan Statistical Area)",10,Total employment (number of jobs),289036,287878,283152,282830,280828,281375,282824,293859,304992,316969,323851
16700,"Charleston-North Charleston, SC (Metropolitan Statistical Area)",920,        Military,34309,34190,30958,26782,22936,16168,12055,10969,11461,13659,13112
16740,"Charlotte-Concord-Gastonia, NC-SC (Metropolitan Statistical Area)",,Employment by place of work,,,,,,,,,,,
16740,"Charlotte-Concord-Gastonia, NC-SC (Metropolitan Statistical Area)",10,Total employment (number of jobs),855907,841597,854956,884610,920169,959858,986357,1025865,1056196,1094733,1126455
16740,"Charlotte-Concord-Gastonia, NC-SC (Metropolitan Statistical Area)",920,        Military,6144,6075,6243,6192,6296,5822,5842,5769,5765,5641,5457
16820,"Charlottesville, VA (Metropolitan Statistical Area) *",,Employment by place of work,,,,,,,,,,,
16820,"Charlottesville, VA (Metropolitan Statistical Area) *",10,Total employment (number of jobs),92037,91325,92199,95594,97549,100210,103087,106329,110257,113129,116535
16820,"Charlottesville, VA (Metropolitan Statistical Area) *",920,        Military,947,946,930,930,912,889,891,872,878,881,874
16860,"Chattanooga, TN-GA (Metropolitan Statistical Area)",,Employment by place of work,,,,,,,,,,,
16860,"Chattanooga, TN-GA (Metropolitan Statistical Area)",10,Total employment (number of jobs),243572,243018,245510,254759,261969,266963,273762,276491,282947,291583,298758
16860,"Chattanooga, TN-GA (Metropolitan Statistical Area)",920,        Military,2480,2449,2377,2259,2113,2026,1986,1940,1854,1812,1859
16940,"Cheyenne, WY (Metropolitan Statistical Area)",,Employment by place of work,,,,,,,,,,,
16940,"Cheyenne, WY (Metropolitan Statistical Area)",10,Total employment (number of jobs),44257,45286,46097,47556,48911,49370,49791,50275,50884,51821,53509
16940,"Cheyenne, WY (Metropolitan Statistical Area)",920,        Military,4009,4043,3941,3956,4112,4164,4023,3883,3821,3833,3790
16980,"Chicago-Naperville-Elgin, IL-IN-WI (Metropolitan Statistical Area)",,Employment by place of work,,,,,,,,,,,
16980,"Chicago-Naperville-Elgin, IL-IN-WI (Metropolitan Statistical Area)",10,Total employment (number of jobs),4719223,4690670,4668331,4745984,4860416,4989418,5072565,5159787,5291308,5357397,5462648
16980,"Chicago-Naperville-Elgin, IL-IN-WI (Metropolitan Statistical Area)",920,        Military,53720,51794,47284,44417,43353,44168,45297,44560,45389,45914,45366
17020,"Chico, CA (Metropolitan Statistical Area)",,Employment by place of work,,,,,,,,,,,
17020,"Chico, CA (Metropolitan Statistical Area)",10,Total employment (number of jobs),84276,85153,84849,84708,88262,89235,91583,93148,94625,97199,98639
17020,"Chico, CA (Metropolitan Statistical Area)",920,        Military,517,518,499,475,450,425,428,404,402,394,390
17140,"Cincinnati, OH-KY-IN (Metropolitan Statistical Area)",,Employment by place of work,,,,,,,,,,,
17140,"Cincinnati, OH-KY-IN (Metropolitan Statistical Area)",10,Total employment (number of jobs),1020680,1022045,1032358,1048976,1077549,1108193,1137723,1165732,1201335,1221846,1242902
17140,"Cincinnati, OH-KY-IN (Metropolitan Statistical Area)",920,        Military,7463,7399,7297,6808,6338,6115,5861,5822,5647,5575,5711
17300,"Clarksville, TN-KY (Metropolitan Statistical Area)",,Employment by place of work,,,,,,,,,,,
17300,"Clarksville, TN-KY (Metropolitan Statistical Area)",10,Total employment (number of jobs),91116,91608,100787,103964,106901,111466,113678,116127,116885,121792,124843
17300,"Clarksville, TN-KY (Metropolitan Statistical Area)",920,        Military,18877,18285,24326,23573,23556,24494,24193,24573,24534,24938,24768
17420,"Cleveland, TN (Metropolitan Statistical Area)",,Employment by place of work,,,,,,,,,,,
17420,"Cleveland, TN (Metropolitan Statistical Area)",10,Total employment (number of jobs),43815,43128,44380,45808,46481,48418,50123,51829,51846,52450,52528
17420,"Cleveland, TN (Metropolitan Statistical Area)",920,        Military,527,525,496,469,439,419,417,417,397,387,416
17460,"Cleveland-Elyria, OH (Metropolitan Statistical Area)",,Employment by place of work,,,,,,,,,,,
17460,"Cleveland-Elyria, OH (Metropolitan Statistical Area)",10,Total employment (number of jobs),1206598,1192489,1181133,1195585,1223705,1251048,1268542,1290060,1305773,1324094,1341671
17460,"Cleveland-Elyria, OH (Metropolitan Statistical Area)",920,        Military,8713,8550,8364,7637,7024,6763,6417,6340,6126,6057,6202
17660,"Coeur d'Alene, ID (Metropolitan Statistical Area)",,Employment by place of work,,,,,,,,,,,
17660,"Coeur d'Alene, ID (Metropolitan Statistical Area)",10,Total employment (number of jobs),35431,38117,41164,44016,48249,50172,51999,54341,55676,57772,59995
17660,"Coeur d'Alene, ID (Metropolitan Statistical Area)",920,        Military,453,449,465,476,458,457,449,463,451,453,449
17780,"College Station-Bryan, TX (Metropolitan Statistical Area)",,Employment by place of work,,,,,,,,,,,
17780,"College Station-Bryan, TX (Metropolitan Statistical Area)",10,Total employment (number of jobs),79083,81933,83359,87560,90558,92132,93646,97342,100944,100840,104085
17780,"College Station-Bryan, TX (Metropolitan Statistical Area)",920,        Military,681,658,656,644,646,628,597,590,573,576,582
17820,"Colorado Springs, CO (Metropolitan Statistical Area)",,Employment by place of work,,,,,,,,,,,
17820,"Colorado Springs, CO (Metropolitan Statistical Area)",10,Total employment (number of jobs),235412,241791,250936,262001,279017,291270,303895,315465,326466,334576,345217
17820,"Colorado Springs, CO (Metropolitan Statistical Area)",920,        Military,31923,32469,32279,31663,32444,31497,29389,28585,29076,28924,28758
17860,"Columbia, MO (Metropolitan Statistical Area)",,Employment by place of work,,,,,,,,,,,
17860,"Columbia, MO (Metropolitan Statistical Area)",10,Total employment (number of jobs),88163,90220,92518,95607,98838,102111,105629,108004,109260,110017,113660
17860,"Columbia, MO (Metropolitan Statistical Area)",920,        Military,817,808,782,763,710,780,804,793,749,797,675
17900,"Columbia, SC (Metropolitan Statistical Area)",,Employment by place of work,,,,,,,,,,,
17900,"Columbia, SC (Metropolitan Statistical Area)",10,Total employment (number of jobs),341316,336460,340420,344577,356921,369402,382266,393077,405382,413431,422563
17900,"Columbia, SC (Metropolitan Statistical Area)",920,        Military,13219,13394,14888,13318,12424,12094,14033,13427,13507,13517,15005
17980,"Columbus, GA-AL (Metropolitan Statistical Area)",,Employment by place of work,,,,,,,,,,,
17980,"Columbus, GA-AL (Metropolitan Statistical Area)",10,Total employment (number of jobs),144921,141412,144865,147349,148784,150714,155925,160463,165506,166756,169412
17980,"Columbus, GA-AL (Metropolitan Statistical Area)",920,        Military,21409,19545,21135,19819,18574,16991,16922,17350,18466,18017,19746
18020,"Columbus, IN (Metropolitan Statistical Area)",,Employment by place of work,,,,,,,,,,,
18020,"Columbus, IN (Metropolitan Statistical Area)",10,Total employment (number of jobs),42137,42105,44050,46277,48419,49868,50171,51045,52869,52944,52846
18020,"Columbus, IN (Metropolitan Statistical Area)",920,        Military,327,326,320,309,290,275,257,249,243,242,252
18140,"Columbus, OH (Metropolitan Statistical Area)",,Employment by place of work,,,,,,,,,,,
18140,"Columbus, OH (Metropolitan Statistical Area)",10,Total employment (number of jobs),894479,898033,909049,930524,964490,1001985,1023195,1044212,1074387,1096790,1132103
18140,"Columbus, OH (Metropolitan Statistical Area)",920,        Military,6131,6133,6091,5637,5299,5192,4930,4925,4846,4864,5031
18580,"Corpus Christi, TX (Metropolitan Statistical Area)",,Employment by place of work,,,,,,,,,,,
18580,"Corpus Christi, TX (Metropolitan Statistical Area)",10,Total employment (number of jobs),171492,174811,176073,181625,185899,189560,195734,200842,204098,203469,206855
18580,"Corpus Christi, TX (Metropolitan Statistical Area)",920,        Military,3830,3863,4354,5303,5317,5436,6406,6925,7147,7079,7011
18700,"Corvallis, OR (Metropolitan Statistical Area)",,Employment by place of work,,,,,,,,,,,
18700,"Corvallis, OR (Metropolitan Statistical Area)",10,Total employment (number of jobs),39188,39115,39372,41016,42864,44979,48096,49568,50743,50485,51408
18700,"Corvallis, OR (Metropolitan Statistical Area)",920,        Military,407,413,416,395,373,356,352,355,336,328,321
18880,"Crestview-Fort Walton Beach-Destin, FL (Metropolitan Statistical Area)",,Employment by place of work,,,,,,,,,,,
18880,"Crestview-Fort Walton Beach-Destin, FL (Metropolitan Statistical Area)",10,Total employment (number of jobs),91622,94263,96788,100240,105827,109725,114103,118905,122256,124906,129035
18880,"Crestview-Fort Walton Beach-Destin, FL (Metropolitan Statistical Area)",920,        Military,15248,15986,15843,15651,16003,16380,16104,15628,15256,15291,15090
19060,"Cumberland, MD-WV (Metropolitan Statistical Area)",,Employment by place of work,,,,,,,,,,,
19060,"Cumberland, MD-WV (Metropolitan Statistical Area)",10,Total employment (number of jobs),44793,44400,43742,43705,44034,44466,45200,45957,46271,46460,47376
19060,"Cumberland, MD-WV (Metropolitan Statistical Area)",920,        Military,541,527,555,542,496,481,460,433,418,414,397
19100,"Dallas-Fort Worth-Arlington, TX (Metropolitan Statistical Area)",,Employment by place of work,,,,,,,,,,,
19100,"Dallas-Fort Worth-Arlington, TX (Metropolitan Statistical Area)",10,Total employment (number of jobs),2507837,2529960,2542635,2616854,2708936,2814870,2923393,3057914,3176906,3284237,3417830
19100,"Dallas-Fort Worth-Arlington, TX (Metropolitan Statistical Area)",920,        Military,22056,22280,20831,17469,15952,16327,15982,15902,15604,15809,16149
19140,"Dalton, GA (Metropolitan Statistical Area)",,Employment by place of work,,,,,,,,,,,
19140,"Dalton, GA (Metropolitan Statistical Area)",10,Total employment (number of jobs),67995,66329,69845,73741,76724,78552,80144,81060,82126,83196,87006
19140,"Dalton, GA (Metropolitan Statistical Area)",920,        Military,436,432,469,459,439,441,431,431,433,433,400
19180,"Danville, IL (Metropolitan Statistical Area)",,Employment by place of work,,,,,,,,,,,
19180,"Danville, IL (Metropolitan Statistical Area)",10,Total employment (number of jobs),41527,41296,41311,40834,42042,41796,42425,42515,42324,42214,42344
19180,"Danville, IL (Metropolitan Statistical Area)",920,        Military,323,315,299,279,250,220,208,197,190,184,184
19300,"Daphne-Fairhope-Foley, AL (Metropolitan Statistical Area)",,Employment by place of work,,,,,,,,,,,
19300,"Daphne-Fairhope-Foley, AL (Metropolitan Statistical Area)",10,Total employment (number of jobs),40545,42388,44246,47280,50770,54511,56932,60806,64758,67472,69423
19300,"Daphne-Fairhope-Foley, AL (Metropolitan Statistical Area)",920,        Military,882,897,938,920,874,888,865,872,842,830,841
19340,"Davenport-Moline-Rock Island, IA-IL (Metropolitan Statistical Area)",,Employment by place of work,,,,,,,,,,,
19340,"Davenport-Moline-Rock Island, IA-IL (Metropolitan Statistical Area)",10,Total employment (number of jobs),203953,207790,207908,206295,209569,214131,218500,223429,229670,229932,231704
19340,"Davenport-Moline-Rock Island, IA-IL (Metropolitan Statistical Area)",920,        Military,1893,1884,1856,1799,1664,1601,1551,1486,1393,1356,1366
19430,"Dayton-Kettering, OH (Metropolitan Statistical Area)",,Employment by place of work,,,,,,,,,,,
19430,"Dayton-Kettering, OH (Metropolitan Statistical Area)",10,Total employment (number of jobs),473295,470098,464432,469215,481730,491268,492909,499170,502538,497259,503030
19430,"Dayton-Kettering, OH (Metropolitan Statistical Area)",920,        Military,12298,12183,11727,10986,10234,9801,9309,8797,8152,7896,7697
19460,"Decatur, AL (Metropolitan Statistical Area)",,Employment by place of work,,,,,,,,,,,
19460,"Decatur, AL (Metropolitan Statistical Area)",10,Total employment (number of jobs),65211,65427,65640,67205,67605,69872,71005,72474,74066,75040,75786
19460,"Decatur, AL (Metropolitan Statistical Area)",920,        Military,1143,1138,1162,1103,1011,1000,949,933,884,866,865
19500,"Decatur, IL (Metropolitan Statistical Area)",,Employment by place of work,,,,,,,,,,,
19500,"Decatur, IL (Metropolitan Statistical Area)",10,Total employment (number of jobs),64900,65857,65119,65228,65479,65836,68553,68850,68933,71554,71803
19500,"Decatur, IL (Metropolitan Statistical Area)",920,        Military,419,409,395,372,334,311,297,279,268,260,260
19660,"Deltona-Daytona Beach-Ormond Beach, FL (Metropolitan Statistical Area)",,Employment by place of work,,,,,,,,,,,
19660,"Deltona-Daytona Beach-Ormond Beach, FL (Metropolitan Statistical Area)",10,Total employment (number of jobs),155591,155691,156162,162045,166426,173778,177992,180114,183443,187376,192200
19660,"Deltona-Daytona Beach-Ormond Beach, FL (Metropolitan Statistical Area)",920,        Military,1240,1246,1248,1195,1114,1100,1086,1076,1060,1041,1074
19740,"Denver-Aurora-Lakewood, CO (Metropolitan Statistical Area)",,Employment by place of work,,,,,,,,,,,
19740,"Denver-Aurora-Lakewood, CO (Metropolitan Statistical Area)",10,Total employment (number of jobs),1084091,1108061,1129013,1174291,1223582,1259599,1304522,1362615,1421735,1465962,1523011
19740,"Denver-Aurora-Lakewood, CO (Metropolitan Statistical Area)",920,        Military,14877,14664,14897,14753,11385,9327,9098,8861,8832,8455,8928
19780,"Des Moines-West Des Moines, IA (Metropolitan Statistical Area)",,Employment by place of work,,,,,,,,,,,
19780,"Des Moines-West Des Moines, IA (Metropolitan Statistical Area)",10,Total employment (number of jobs),308022,312787,317445,322612,331027,344792,352418,357578,366381,373463,378721
19780,"Des Moines-West Des Moines, IA (Metropolitan Statistical Area)",920,        Military,2783,2762,2774,2749,2578,2595,2558,2613,2665,2666,2769
19820,"Detroit-Warren-Dearborn, MI (Metropolitan Statistical Area)",,Employment by place of work,,,,,,,,,,,
19820,"Detroit-Warren-Dearborn, MI (Metropolitan Statistical Area)",10,Total employment (number of jobs),2244909,2181991,2182305,2209546,2279342,2339032,2391801,2425583,2463358,2511959,2580828
19820,"Detroit-Warren-Dearborn, MI (Metropolitan Statistical Area)",920,        Military,15832,15368,14780,13905,12247,11673,11108,10529,9762,9704,9692
20020,"Dothan, AL (Metropolitan Statistical Area)",,Employment by place of work,,,,,,,,,,,
20020,"Dothan, AL (Metropolitan Statistical Area)",10,Total employment (number of jobs),66534,67078,68384,69447,69704,71949,72959,74932,75252,75357,75270
20020,"Dothan, AL (Metropolitan Statistical Area)",920,        Military,1048,1040,1059,999,911,898,852,836,792,775,778
20100,"Dover, DE (Metropolitan Statistical Area)",,Employment by place of work,,,,,,,,,,,
20100,"Dover, DE (Metropolitan Statistical Area)",10,Total employment (number of jobs),58224,59918,61604,62713,63944,65999,67066,66499,67593,70155,71832
20100,"Dover, DE (Metropolitan Statistical Area)",920,        Military,5407,5526,5319,5268,5391,5358,4903,4674,4536,4560,4480
20220,"Dubuque, IA (Metropolitan Statistical Area)",,Employment by place of work,,,,,,,,,,,
20220,"Dubuque, IA (Metropolitan Statistical Area)",10,Total employment (number of jobs),55086,56048,56773,57566,58805,60614,60234,61363,61304,61845,62242
20220,"Dubuque, IA (Metropolitan Statistical Area)",920,        Military,522,511,507,500,461,458,448,448,439,430,444
20260,"Duluth, MN-WI (Metropolitan Statistical Area)",,Employment by place of work,,,,,,,,,,,
20260,"Duluth, MN-WI (Metropolitan Statistical Area)",10,Total employment (number of jobs),138971,142162,144448,143999,147115,150759,153572,155848,159178,162282,165422
20260,"Duluth, MN-WI (Metropolitan Statistical Area)",920,        Military,1676,1649,1619,1521,1397,1339,1276,1260,1234,1211,1187
20500,"Durham-Chapel Hill, NC (Metropolitan Statistical Area)",,Employment by place of work,,,,,,,,,,,
20500,"Durham-Chapel Hill, NC (Metropolitan Statistical Area)",10,Total employment (number of jobs),252950,258426,265991,274063,280283,290732,301154,311495,323476,332170,339445
20500,"Durham-Chapel Hill, NC (Metropolitan Statistical Area)",920,        Military,1554,1572,1640,1633,1689,1551,1557,1525,1512,1467,1406
20700,"East Stroudsburg, PA (Metropolitan Statistical Area)",,Employment by place of work,,,,,,,,,,,
20700,"East Stroudsburg, PA (Metropolitan Statistical Area)",10,Total employment (number of jobs),54242,51670,51456,52129,54504,55406,56753,58180,59561,61565,65634
20700,"East Stroudsburg, PA (Metropolitan Statistical Area)",920,        Military,459,482,494,494,502,505,503,472,453,455,452
20740,"Eau Claire, WI (Metropolitan Statistical Area)",,Employment by place of work,,,,,,,,,,,
20740,"Eau Claire, WI (Metropolitan Statistical Area)",10,Total employment (number of jobs),75588,77150,78688,79787,83136,87319,90392,92863,95170,98899,99914
20740,"Eau Claire, WI (Metropolitan Statistical Area)",920,        Military,671,653,658,642,590,560,525,530,511,513,497
20940,"El Centro, CA (Metropolitan Statistical Area)",,Employment by place of work,,,,,,,,,,,
20940,"El Centro, CA (Metropolitan Statistical Area)",10,Total employment (number of jobs),52121,51265,52634,55335,56933,58101,58050,59914,61395,63093,60311
20940,"El Centro, CA (Metropolitan Statistical Area)",920,        Military,598,625,611,599,571,570,542,518,538,526,521
21060,"Elizabethtown-Fort Knox, KY (Metropolitan Statistical Area)",,Employment by place of work,,,,,,,,,,,
21060,"Elizabethtown-Fort Knox, KY (Metropolitan Statistical Area)",10,Total employment (number of jobs),66277,63642,64628,64846,65357,66847,67246,67884,69443,70620,72649
21060,"Elizabethtown-Fort Knox, KY (Metropolitan Statistical Area)",920,        Military,15906,13299,13108,11781,11880,11128,10034,9635,9917,10482,11488
21140,"Elkhart-Goshen, IN (Metropolitan Statistical Area)",,Employment by place of work,,,,,,,,,,,
21140,"Elkhart-Goshen, IN (Metropolitan Statistical Area)",10,Total employment (number of jobs),117792,113810,117964,123339,129440,134046,133328,134160,140573,146242,147774
21140,"Elkhart-Goshen, IN (Metropolitan Statistical Area)",920,        Military,801,791,777,760,715,680,641,625,613,619,645
21300,"Elmira, NY (Metropolitan Statistical Area)",,Employment by place of work,,,,,,,,,,,
21300,"Elmira, NY (Metropolitan Statistical Area)",10,Total employment (number of jobs),48188,47118,46818,46964,47823,47762,48771,49516,50968,51569,51377
21300,"Elmira, NY (Metropolitan Statistical Area)",920,        Military,308,295,287,268,241,226,213,204,192,187,183
21340,"El Paso, TX (Metropolitan Statistical Area)",,Employment by place of work,,,,,,,,,,,
21340,"El Paso, TX (Metropolitan Statistical Area)",10,Total employment (number of jobs),269064,271145,281367,288491,295015,299334,298829,307305,313506,317940,325078
21340,"El Paso, TX (Metropolitan Statistical Area)",920,        Military,17430,15095,17444,16351,15706,13997,10290,11382,11766,11431,11624
21420,"Enid, OK (Metropolitan Statistical Area)",,Employment by place of work,,,,,,,,,,,
21420,"Enid, OK (Metropolitan Statistical Area)",10,Total employment (number of jobs),31722,32187,31861,32707,33416,33519,33499,34343,34609,34232,34319
21420,"Enid, OK (Metropolitan Statistical Area)",920,        Military,1650,1509,1373,1220,1161,1176,1261,1327,1432,1477,1523
21500,"Erie, PA (Metropolitan Statistical Area)",,Employment by place of work,,,,,,,,,,,
21500,"Erie, PA (Metropolitan Statistical Area)",10,Total employment (number of jobs),145501,145836,146388,148918,149803,153226,154003,155708,156304,160400,163440
21500,"Erie, PA (Metropolitan Statistical Area)",920,        Military,1277,1310,1315,1270,1202,1110,1047,1006,981,976,937
21660,"Eugene-Springfield, OR (Metropolitan Statistical Area)",,Employment by place of work,,,,,,,,,,,
21660,"Eugene-Springfield, OR (Metropolitan Statistical Area)",10,Total employment (number of jobs),154526,152184,153541,156357,164297,167644,173379,177912,181115,184549,186789
21660,"Eugene-Springfield, OR (Metropolitan Statistical Area)",920,        Military,1442,1432,1393,1324,1241,1205,1182,1164,1095,1077,1097
21780,"Evansville, IN-KY (Metropolitan Statistical Area)",,Employment by place of work,,,,,,,,,,,
21780,"Evansville, IN-KY (Metropolitan Statistical Area)",10,Total employment (number of jobs),161461,161774,164642,169312,174356,177218,179775,182816,183227,185640,188367
21780,"Evansville, IN-KY (Metropolitan Statistical Area)",920,        Military,1419,1395,1372,1331,1242,1165,1094,1064,1025,1020,1046
21820,"Fairbanks, AK (Metropolitan Statistical Area) *",,Employment by place of work,,,,,,,,,,,
21820,"Fairbanks, AK (Metropolitan Statistical Area) *",10,Total employment (number of jobs),43739,44917,45630,46493,46423,46681,47330,48611,49469,49335,50450
21820,"Fairbanks, AK (Metropolitan Statistical Area) *",920,        Military,8368,8574,8701,8528,7594,7569,7700,7635,7697,7584,7562
22020,"Fargo, ND-MN (Metropolitan Statistical Area)",,Employment by place of work,,,,,,,,,,,
22020,"Fargo, ND-MN (Metropolitan Statistical Area)",10,Total employment (number of jobs),96333,100109,102535,104841,109730,113090,115991,118867,121710,123691,126440
22020,"Fargo, ND-MN (Metropolitan Statistical Area)",920,        Military,1364,1312,1379,1375,1248,1237,1190,1190,1205,1195,1226
22140,"Farmington, NM (Metropolitan Statistical Area)",,Employment by place of work,,,,,,,,,,,
22140,"Farmington, NM (Metropolitan Statistical Area)",10,Total employment (number of jobs),40164,42648,43061,44491,46604,49846,50807,52569,53560,54235,54446
22140,"Farmington, NM (Metropolitan Statistical Area)",920,        Military,464,449,449,451,422,418,400,393,373,387,379
22180,"Fayetteville, NC (Metropolitan Statistical Area)",,Employment by place of work,,,,,,,,,,,
22180,"Fayetteville, NC (Metropolitan Statistical Area)",10,Total employment (number of jobs),179045,177020,194280,198606,201676,207596,209134,213228,220834,223872,226368
22180,"Fayetteville, NC (Metropolitan Statistical Area)",920,        Military,41633,37493,50250,49843,49330,50015,47666,46700,45776,45091,44804
22220,"Fayetteville-Springdale-Rogers, AR (Metropolitan Statistical Area)",,Employment by place of work,,,,,,,,,,,
22220,"Fayetteville-Springdale-Rogers, AR (Metropolitan Statistical Area)",10,Total employment (number of jobs),132377,139455,145845,155806,164425,174737,180230,184366,187561,193627,200211
22220,"Fayetteville-Springdale-Rogers, AR (Metropolitan Statistical Area)",920,        Military,1654,1676,1697,1719,1690,1718,1718,1730,1699,1711,1721
22380,"Flagstaff, AZ (Metropolitan Statistical Area)",,Employment by place of work,,,,,,,,,,,
22380,"Flagstaff, AZ (Metropolitan Statistical Area)",10,Total employment (number of jobs),48543,49766,51643,53787,56507,58867,61574,62567,65405,66761,69832
22380,"Flagstaff, AZ (Metropolitan Statistical Area)",920,        Military,378,374,375,352,335,318,300,297,285,279,283
22420,"Flint, MI (Metropolitan Statistical Area)",,Employment by place of work,,,,,,,,,,,
22420,"Flint, MI (Metropolitan Statistical Area)",10,Total employment (number of jobs),201117,196856,195695,195165,205760,214744,218418,218542,217360,214621,215500
22420,"Flint, MI (Metropolitan Statistical Area)",920,        Military,1393,1346,1296,1218,1084,1035,983,930,862,855,859
22500,"Florence, SC (Metropolitan Statistical Area)",,Employment by place of work,,,,,,,,,,,
22500,"Florence, SC (Metropolitan Statistical Area)",10,Total employment (number of jobs),93814,94063,95003,96466,98121,100459,102855,106126,107187,107966,108664
22500,"Florence, SC (Metropolitan Statistical Area)",920,        Military,1271,1263,1275,1249,1207,1155,1130,1102,1081,1009,978
22520,"Florence-Muscle Shoals, AL (Metropolitan Statistical Area)",,Employment by place of work,,,,,,,,,,,
22520,"Florence-Muscle Shoals, AL (Metropolitan Statistical Area)",10,Total employment (number of jobs),64761,66343,67141,68977,69508,72519,73172,73294,71742,71492,71922
22520,"Florence-Muscle Shoals, AL (Metropolitan Statistical Area)",920,        Military,1146,1141,1163,1103,1008,995,944,927,879,854,851
22540,"Fond du Lac, WI (Metropolitan Statistical Area)",,Employment by place of work,,,,,,,,,,,
22540,"Fond du Lac, WI (Metropolitan Statistical Area)",10,Total employment (number of jobs),51402,51910,52863,54466,55863,56839,57633,57950,59514,59881,60814
22540,"Fond du Lac, WI (Metropolitan Statistical Area)",920,        Military,446,431,431,420,387,368,346,349,337,338,326
22660,"Fort Collins, CO (Metropolitan Statistical Area)",,Employment by place of work,,,,,,,,,,,
22660,"Fort Collins, CO (Metropolitan Statistical Area)",10,Total employment (number of jobs),105353,110094,113837,121231,128209,134280,143321,148781,154951,159167,166868
22660,"Fort Collins, CO (Metropolitan Statistical Area)",920,        Military,799,802,841,794,794,717,744,739,730,690,755
22900,"Fort Smith, AR-OK (Metropolitan Statistical Area)",,Employment by place of work,,,,,,,,,,,
22900,"Fort Smith, AR-OK (Metropolitan Statistical Area)",10,Total employment (number of jobs),105059,107737,110073,115420,118989,123379,125863,127286,129066,131182,133529
22900,"Fort Smith, AR-OK (Metropolitan Statistical Area)",920,        Military,1434,1405,1392,1369,1296,1296,1282,1338,1371,1340,1332
23060,"Fort Wayne, IN (Metropolitan Statistical Area)",,Employment by place of work,,,,,,,,,,,
23060,"Fort Wayne, IN (Metropolitan Statistical Area)",10,Total employment (number of jobs),217786,216692,220647,223960,228361,233165,235092,239764,244426,244700,247124
23060,"Fort Wayne, IN (Metropolitan Statistical Area)",920,        Military,1710,1688,1652,1600,1483,1392,1310,1271,1237,1244,1287
23420,"Fresno, CA (Metropolitan Statistical Area)",,Employment by place of work,,,,,,,,,,,
23420,"Fresno, CA (Metropolitan Statistical Area)",10,Total employment (number of jobs),342583,351296,347643,356938,364559,377757,384048,379588,392386,395669,400136
23420,"Fresno, CA (Metropolitan Statistical Area)",920,        Military,2017,2044,1998,1914,1828,1728,1742,1660,1625,1569,1546
23460,"Gadsden, AL (Metropolitan Statistical Area)",,Employment by place of work,,,,,,,,,,,
23460,"Gadsden, AL (Metropolitan Statistical Area)",10,Total employment (number of jobs),43565,43913,44463,46081,46709,47735,48513,49701,49727,49023,49443
23460,"Gadsden, AL (Metropolitan Statistical Area)",920,        Military,877,866,875,817,746,729,691,679,640,621,615
23540,"Gainesville, FL (Metropolitan Statistical Area)",,Employment by place of work,,,,,,,,,,,
23540,"Gainesville, FL (Metropolitan Statistical Area)",10,Total employment (number of jobs),124697,125671,126156,131965,136299,140765,144926,146908,152389,155906,160520
23540,"Gainesville, FL (Metropolitan Statistical Area)",920,        Military,784,794,789,758,711,710,716,699,672,654,670
23580,"Gainesville, GA (Metropolitan Statistical Area)",,Employment by place of work,,,,,,,,,,,
23580,"Gainesville, GA (Metropolitan Statistical Area)",10,Total employment (number of jobs),55485,55068,56420,60311,64802,67737,69621,71817,74904,77324,81590
23580,"Gainesville, GA (Metropolitan Statistical Area)",920,        Military,425,429,471,471,456,465,464,472,485,495,467
23900,"Gettysburg, PA (Metropolitan Statistical Area)",,Employment by place of work,,,,,,,,,,,
23900,"Gettysburg, PA (Metropolitan Statistical Area)",10,Total employment (number of jobs),37551,37987,38543,38395,39636,40120,40211,40491,43308,44773,46362
23900,"Gettysburg, PA (Metropolitan Statistical Area)",920,        Military,365,368,365,357,340,318,303,296,294,296,290
24020,"Glens Falls, NY (Metropolitan Statistical Area)",,Employment by place of work,,,,,,,,,,,
24020,"Glens Falls, NY (Metropolitan Statistical Area)",10,Total employment (number of jobs),60604,59605,59655,60889,63236,64371,63799,63862,62144,63464,64595
24020,"Glens Falls, NY (Metropolitan Statistical Area)",920,        Military,379,369,362,341,307,293,276,264,250,246,241
24140,"Goldsboro, NC (Metropolitan Statistical Area)",,Employment by place of work,,,,,,,,,,,
24140,"Goldsboro, NC (Metropolitan Statistical Area)",10,Total employment (number of jobs),53244,51973,52502,53661,55617,57476,57498,59127,58373,58682,59844
24140,"Goldsboro, NC (Metropolitan Statistical Area)",920,        Military,5014,5225,5050,5023,5169,5137,4837,4662,4584,4568,4593
24220,"Grand Forks, ND-MN (Metropolitan Statistical Area)",,Employment by place of work,,,,,,,,,,,
24220,"Grand Forks, ND-MN (Metropolitan Statistical Area)",10,Total employment (number of jobs),59698,61249,61836,63139,65108,66896,67548,65519,65303,64607,64457
24220,"Grand Forks, ND-MN (Metropolitan Statistical Area)",920,        Military,5709,5763,5539,5474,5399,5590,5345,4889,4088,3444,3314
24260,"Grand Island, NE (Metropolitan Statistical Area)",,Employment by place of work,,,,,,,,,,,
24260,"Grand Island, NE (Metropolitan Statistical Area)",10,Total employment (number of jobs),37838,38722,39668,40429,42642,42693,43958,44482,45183,45980,46005
24260,"Grand Island, NE (Metropolitan Statistical Area)",920,        Military,438,415,405,378,343,321,295,297,296,280,283
24300,"Grand Junction, CO (Metropolitan Statistical Area)",,Employment by place of work,,,,,,,,,,,
24300,"Grand Junction, CO (Metropolitan Statistical Area)",10,Total employment (number of jobs),49479,50610,51414,53284,55648,58004,61078,63850,66443,68110,69890
24300,"Grand Junction, CO (Metropolitan Statistical Area)",920,        Military,387,385,393,368,363,322,335,333,328,305,330
24340,"Grand Rapids-Kentwood, MI (Metropolitan Statistical Area)",,Employment by place of work,,,,,,,,,,,
24340,"Grand Rapids-Kentwood, MI (Metropolitan Statistical Area)",10,Total employment (number of jobs),479198,477564,484587,496825,523152,550074,564463,579262,583457,594828,613988
24340,"Grand Rapids-Kentwood, MI (Metropolitan Statistical Area)",920,        Military,2744,2689,2641,2520,2285,2206,2123,2035,1909,1912,1937
24420,"Grants Pass, OR (Metropolitan Statistical Area)",,Employment by place of work,,,,,,,,,,,
24420,"Grants Pass, OR (Metropolitan Statistical Area)",10,Total employment (number of jobs),26838,26716,27206,27970,29344,29760,30589,31808,32339,33340,33734
24420,"Grants Pass, OR (Metropolitan Statistical Area)",920,        Military,304,307,297,287,272,267,263,263,248,245,250
24500,"Great Falls, MT (Metropolitan Statistical Area)",,Employment by place of work,,,,,,,,,,,
24500,"Great Falls, MT (Metropolitan Statistical Area)",10,Total employment (number of jobs),43160,44293,44595,44940,46791,47358,47981,47438,48102,47682,47944
24500,"Great Falls, MT (Metropolitan Statistical Area)",920,        Military,4726,4770,4520,4916,4907,4698,4352,3902,3900,3937,3881
24540,"Greeley, CO (Metropolitan Statistical Area)",,Employment by place of work,,,,,,,,,,,
24540,"Greeley, CO (Metropolitan Statistical Area)",10,Total employment (number of jobs),66690,68491,69676,73905,77289,79705,82605,86239,89357,92082,95735
24540,"Greeley, CO (Metropolitan Statistical Area)",920,        Military,545,535,553,522,517,460,485,491,492,465,521
24580,"Green Bay, WI (Metropolitan Statistical Area)",,Employment by place of work,,,,,,,,,,,
24580,"Green Bay, WI (Metropolitan Statistical Area)",10,Total employment (number of jobs),145741,147990,152470,157686,164348,170096,174894,179143,183607,190780,196203
24580,"Green Bay, WI (Metropolitan Statistical Area)",920,        Military,1267,1238,1252,1239,1145,1088,1034,1047,1017,1026,998
24660,"Greensboro-High Point, NC (Metropolitan Statistical Area)",,Employment by place of work,,,,,,,,,,,
24660,"Greensboro-High Point, NC (Metropolitan Statistical Area)",10,Total employment (number of jobs),373827,365866,368982,381473,391593,405535,414861,423430,427270,434398,437861
24660,"Greensboro-High Point, NC (Metropolitan Statistical Area)",920,        Military,2136,2126,2211,2175,2229,2022,2010,1959,1944,1902,1815
24780,"Greenville, NC (Metropolitan Statistical Area)",,Employment by place of work,,,,,,,,,,,
24780,"Greenville, NC (Metropolitan Statistical Area)",10,Total employment (number of jobs),62264,61864,62509,64747,67248,71899,72840,73994,74574,77601,79638
24780,"Greenville, NC (Metropolitan Statistical Area)",920,        Military,422,422,442,441,458,415,414,404,403,399,380
24860,"Greenville-Anderson, SC (Metropolitan Statistical Area)",,Employment by place of work,,,,,,,,,,,
24860,"Greenville-Anderson, SC (Metropolitan Statistical Area)",10,Total employment (number of jobs),364023,358319,358466,372522,383788,398851,409377,418744,427192,437552,448598
24860,"Greenville-Anderson, SC (Metropolitan Statistical Area)",920,        Military,4517,4467,4515,4438,4322,4164,4127,4059,4039,3809,3731
25060,"Gulfport-Biloxi, MS (Metropolitan Statistical Area)",,Employment by place of work,,,,,,,,,,,
25060,"Gulfport-Biloxi, MS (Metropolitan Statistical Area)",10,Total employment (number of jobs),158430,162063,166982,182116,191732,190748,193142,199274,209623,216805,215671
25060,"Gulfport-Biloxi, MS (Metropolitan Statistical Area)",920,        Military,15631,14886,14511,16064,16719,16380,15643,15619,15612,15348,15631
25180,"Hagerstown-Martinsburg, MD-WV (Metropolitan Statistical Area)",,Employment by place of work,,,,,,,,,,,
25180,"Hagerstown-Martinsburg, MD-WV (Metropolitan Statistical Area)",10,Total employment (number of jobs),96039,96187,95973,97861,99511,103577,105519,107820,109543,111434,113751
25180,"Hagerstown-Martinsburg, MD-WV (Metropolitan Statistical Area)",920,        Military,2143,2070,2123,2027,1966,1904,1797,1599,1236,1005,995
25220,"Hammond, LA (Metropolitan Statistical Area)",,Employment by place of work,,,,,,,,,,,
25220,"Hammond, LA (Metropolitan Statistical Area)",10,Total employment (number of jobs),31266,32005,33722,35685,37632,39337,40716,41476,41204,42758,44352
25220,"Hammond, LA (Metropolitan Statistical Area)",920,        Military,524,514,562,602,562,556,544,539,536,541,509
25260,"Hanford-Corcoran, CA (Metropolitan Statistical Area)",,Employment by place of work,,,,,,,,,,,
25260,"Hanford-Corcoran, CA (Metropolitan Statistical Area)",10,Total employment (number of jobs),40087,41203,41535,43577,44229,45163,47583,48573,47999,48316,49518
25260,"Hanford-Corcoran, CA (Metropolitan Statistical Area)",920,        Military,5529,5030,5132,5217,5003,5042,5102,4967,4863,4942,5160
25420,"Harrisburg-Carlisle, PA (Metropolitan Statistical Area)",,Employment by place of work,,,,,,,,,,,
25420,"Harrisburg-Carlisle, PA (Metropolitan Statistical Area)",10,Total employment (number of jobs),327398,329899,332619,336584,345672,353789,360378,364360,370887,373847,377751
25420,"Harrisburg-Carlisle, PA (Metropolitan Statistical Area)",920,        Military,3365,3370,3288,3143,3035,2856,2777,2571,2539,2515,2443
25500,"Harrisonburg, VA (Metropolitan Statistical Area) *",,Employment by place of work,,,,,,,,,,,
25500,"Harrisonburg, VA (Metropolitan Statistical Area) *",10,Total employment (number of jobs),54138,54601,56747,58861,60901,62815,63643,65073,65511,68004,69394
25500,"Harrisonburg, VA (Metropolitan Statistical Area) *",920,        Military,470,469,456,456,434,413,417,410,409,411,410
25540,"Hartford-East Hartford-Middletown, CT (Metropolitan Statistical Area)",,Employment by place of work,,,,,,,,,,,
25540,"Hartford-East Hartford-Middletown, CT (Metropolitan Statistical Area)",10,Total employment (number of jobs),758360,724845,709988,710405,698042,708359,715650,722220,733474,745821,762284
25540,"Hartford-East Hartford-Middletown, CT (Metropolitan Statistical Area)",920,        Military,4439,4401,4106,3689,3389,3145,2958,2873,2842,2843,2882
25620,"Hattiesburg, MS (Metropolitan Statistical Area)",,Employment by place of work,,,,,,,,,,,
25620,"Hattiesburg, MS (Metropolitan Statistical Area)",10,Total employment (number of jobs),57977,58506,59352,61920,65097,68046,69009,71101,73886,76332,77033
25620,"Hattiesburg, MS (Metropolitan Statistical Area)",920,        Military,969,946,1038,1037,1020,1006,1006,1053,1148,1150,1163
25860,"Hickory-Lenoir-Morganton, NC (Metropolitan Statistical Area)",,Employment by place of work,,,,,,,,,,,
25860,"Hickory-Lenoir-Morganton, NC (Metropolitan Statistical Area)",10,Total employment (number of jobs),191322,187870,193366,198101,201756,206522,208510,211062,213060,216340,221379
25860,"Hickory-Lenoir-Morganton, NC (Metropolitan Statistical Area)",920,        Military,1104,1093,1140,1127,1153,1041,1038,1014,999,976,933
25940,"Hilton Head Island-Bluffton, SC (Metropolitan Statistical Area)",,Employment by place of work,,,,,,,,,,,
25940,"Hilton Head Island-Bluffton, SC (Metropolitan Statistical Area)",10,Total employment (number of jobs),61850,60325,61579,63720,66792,71135,74453,78311,81074,84993,88583
25940,"Hilton Head Island-Bluffton, SC (Metropolitan Statistical Area)",920,        Military,11472,10553,10851,10795,10889,11140,11131,11613,11358,11731,11673
25980,"Hinesville, GA (Metropolitan Statistical Area)",,Employment by place of work,,,,,,,,,,,
25980,"Hinesville, GA (Metropolitan Statistical Area)",10,Total employment (number of jobs),24410,25608,29828,29680,30543,32025,32488,32627,32828,32807,34607
25980,"Hinesville, GA (Metropolitan Statistical Area)",920,        Military,11534,12456,16400,15608,15782,16417,15658,15729,15928,15464,15547
26140,"Homosassa Springs, FL (Metropolitan Statistical Area)",,Employment by place of work,,,,,,,,,,,
26140,"Homosassa Springs, FL (Metropolitan Statistical Area)",10,Total employment (number of jobs),29942,30207,30105,31764,33496,34117,35859,36610,38580,40133,41747
26140,"Homosassa Springs, FL (Metropolitan Statistical Area)",920,        Military,274,277,277,265,251,253,253,251,248,244,251
26300,"Hot Springs, AR (Metropolitan Statistical Area)",,Employment by place of work,,,,,,,,,,,
26300,"Hot Springs, AR (Metropolitan Statistical Area)",10,Total employment (number of jobs),35662,36928,38245,40364,41171,43164,43870,45357,45848,46295,47186
26300,"Hot Springs, AR (Metropolitan Statistical Area)",920,        Military,535,531,529,526,508,500,490,485,472,469,465
26380,"Houma-Thibodaux, LA (Metropolitan Statistical Area)",,Employment by place of work,,,,,,,,,,,
26380,"Houma-Thibodaux, LA (Metropolitan Statistical Area)",10,Total employment (number of jobs),75007,75913,73772,77661,79935,82540,86114,92368,97205,95887,98985
26380,"Houma-Thibodaux, LA (Metropolitan Statistical Area)",920,        Military,1132,1115,1201,1258,1162,1140,1111,1102,1098,1101,1027
26420,"Houston-The Woodlands-Sugar Land, TX (Metropolitan Statistical Area)",,Employment by place of work,,,,,,,,,,,
26420,"Houston-The Woodlands-Sugar Land, TX (Metropolitan Statistical Area)",10,Total employment (number of jobs),2171989,2231824,2228085,2271445,2333616,2402453,2471047,2579858,2704046,2735747,2817971
26420,"Houston-The Woodlands-Sugar Land, TX (Metropolitan Statistical Area)",920,        Military,15165,15081,15249,14560,13960,14065,13687,13572,13231,13369,13628
26580,"Huntington-Ashland, WV-KY-OH (Metropolitan Statistical Area)",,Employment by place of work,,,,,,,,,,,
26580,"Huntington-Ashland, WV-KY-OH (Metropolitan Statistical Area)",10,Total employment (number of jobs),151850,151926,155062,156624,160099,164290,165723,168689,171051,172069,172735
26580,"Huntington-Ashland, WV-KY-OH (Metropolitan Statistical Area)",920,        Military,1745,1758,1838,1786,1680,1635,1583,1574,1537,1549,1584
26620,"Huntsville, AL (Metropolitan Statistical Area)",,Employment by place of work,,,,,,,,,,,
26620,"Huntsville, AL (Metropolitan Statistical Area)",10,Total employment (number of jobs),191461,192008,195615,200042,196887,200903,204454,209852,216761,218936,224393
26620,"Huntsville, AL (Metropolitan Statistical Area)",920,        Military,5919,5869,5700,5131,4841,4247,3952,3807,3463,3410,3577
26820,"Idaho Falls, ID (Metropolitan Statistical Area)",,Employment by place of work,,,,,,,,,,,
26820,"Idaho Falls, ID (Metropolitan Statistical Area)",10,Total employment (number of jobs),53055,55402,56340,58099,59318,58985,60883,62038,63214,64963,66613
26820,"Idaho Falls, ID (Metropolitan Statistical Area)",920,        Military,1906,1908,1824,1817,1282,730,472,470,451,443,432
26900,"Indianapolis-Carmel-Anderson, IN (Metropolitan Statistical Area)",,Employment by place of work,,,,,,,,,,,
26900,"Indianapolis-Carmel-Anderson, IN (Metropolitan Statistical Area)",10,Total employment (number of jobs),881268,887840,898464,922306,948056,975060,992151,1015309,1044041,1070835,1099383
26900,"Indianapolis-Carmel-Anderson, IN (Metropolitan Statistical Area)",920,        Military,10209,10195,10073,9846,9079,7781,6824,6643,6507,6556,6752
26980,"Iowa City, IA (Metropolitan Statistical Area)",,Employment by place of work,,,,,,,,,,,
26980,"Iowa City, IA (Metropolitan Statistical Area)",10,Total employment (number of jobs),75272,77243,78669,81316,84043,87281,88742,90147,93857,95422,97843
26980,"Iowa City, IA (Metropolitan Statistical Area)",920,        Military,681,673,675,669,623,631,617,624,618,618,645
27060,"Ithaca, NY (Metropolitan Statistical Area)",,Employment by place of work,,,,,,,,,,,
27060,"Ithaca, NY (Metropolitan Statistical Area)",10,Total employment (number of jobs),60340,60526,59647,59660,60253,60082,58651,58558,57896,61479,62504
27060,"Ithaca, NY (Metropolitan Statistical Area)",920,        Military,330,319,308,292,265,252,237,224,210,211,204
27100,"Jackson, MI (Metropolitan Statistical Area)",,Employment by place of work,,,,,,,,,,,
27100,"Jackson, MI (Metropolitan Statistical Area)",10,Total employment (number of jobs),65679,64640,65537,66378,68008,70813,72489,73186,72741,75602,77800
27100,"Jackson, MI (Metropolitan Statistical Area)",920,        Military,485,472,456,431,383,368,351,335,310,310,312
27140,"Jackson, MS (Metropolitan Statistical Area)",,Employment by place of work,,,,,,,,,,,
27140,"Jackson, MS (Metropolitan Statistical Area)",10,Total employment (number of jobs),261550,264256,269229,279205,288125,296821,303153,309800,316636,319753,322368
27140,"Jackson, MS (Metropolitan Statistical Area)",920,        Military,3904,3842,4188,4144,4057,3970,3867,3878,3835,3750,3748
27180,"Jackson, TN (Metropolitan Statistical Area)",,Employment by place of work,,,,,,,,,,,
27180,"Jackson, TN (Metropolitan Statistical Area)",10,Total employment (number of jobs),83215,83604,87107,89911,94970,96749,96688,100971,102040,103784,105147
27180,"Jackson, TN (Metropolitan Statistical Area)",920,        Military,909,903,853,802,752,714,707,691,655,639,684
27260,"Jacksonville, FL (Metropolitan Statistical Area)",,Employment by place of work,,,,,,,,,,,
27260,"Jacksonville, FL (Metropolitan Statistical Area)",10,Total employment (number of jobs),555661,555630,555070,568743,582196,603371,630841,648513,671238,687819,715920
27260,"Jacksonville, FL (Metropolitan Statistical Area)",920,        Military,40299,39519,34755,32375,29854,29697,31971,30956,28932,25022,24078
27340,"Jacksonville, NC (Metropolitan Statistical Area)",,Employment by place of work,,,,,,,,,,,
27340,"Jacksonville, NC (Metropolitan Statistical Area)",10,Total employment (number of jobs),73735,71053,78921,79122,80724,83029,84330,86093,86108,87777,87507
27340,"Jacksonville, NC (Metropolitan Statistical Area)",920,        Military,33935,30825,38349,37349,37702,37839,37417,37187,36988,37106,35645
27500,"Janesville-Beloit, WI (Metropolitan Statistical Area)",,Employment by place of work,,,,,,,,,,,
27500,"Janesville-Beloit, WI (Metropolitan Statistical Area)",10,Total employment (number of jobs),73269,71991,75226,76394,78980,82349,82642,84076,83619,84649,84977
27500,"Janesville-Beloit, WI (Metropolitan Statistical Area)",920,        Military,681,661,668,653,603,575,542,545,525,527,509
27620,"Jefferson City, MO (Metropolitan Statistical Area)",,Employment by place of work,,,,,,,,,,,
27620,"Jefferson City, MO (Metropolitan Statistical Area)",10,Total employment (number of jobs),75568,76650,77896,79861,82641,85679,88188,90574,92096,93723,95500
27620,"Jefferson City, MO (Metropolitan Statistical Area)",920,        Military,718,720,678,657,612,670,678,664,623,672,567
27740,"Johnson City, TN (Metropolitan Statistical Area)",,Employment by place of work,,,,,,,,,,,
27740,"Johnson City, TN (Metropolitan Statistical Area)",10,Total employment (number of jobs),80870,80820,83910,85376,88631,91968,93587,95673,96099,97479,99329
27740,"Johnson City, TN (Metropolitan Statistical Area)",920,        Military,986,982,925,870,811,770,763,749,710,691,740
27780,"Johnstown, PA (Metropolitan Statistical Area)",,Employment by place of work,,,,,,,,,,,
27780,"Johnstown, PA (Metropolitan Statistical Area)",10,Total employment (number of jobs),71269,70635,70141,70383,71846,73380,73457,73397,74169,75076,75088
27780,"Johnstown, PA (Metropolitan Statistical Area)",920,        Military,740,751,747,718,678,638,598,598,638,645,615
27860,"Jonesboro, AR (Metropolitan Statistical Area)",,Employment by place of work,,,,,,,,,,,
27860,"Jonesboro, AR (Metropolitan Statistical Area)",10,Total employment (number of jobs),49752,49788,51479,52981,53314,56015,56986,57997,59098,60455,61241
27860,"Jonesboro, AR (Metropolitan Statistical Area)",920,        Military,682,668,663,663,635,625,610,600,583,574,565
27900,"Joplin, MO (Metropolitan Statistical Area)",,Employment by place of work,,,,,,,,,,,
27900,"Joplin, MO (Metropolitan Statistical Area)",10,Total employment (number of jobs),77595,78870,81177,84247,88024,90789,93362,95844,98516,99452,100269
27900,"Joplin, MO (Metropolitan Statistical Area)",920,        Military,776,760,731,714,656,716,731,724,686,737,617
27980,"Kahului-Wailuku-Lahaina, HI (Metropolitan Statistical Area)",,Employment by place of work,,,,,,,,,,,
27980,"Kahului-Wailuku-Lahaina, HI (Metropolitan Statistical Area)",10,Total employment (number of jobs),66255,69643,72764,72912,73468,73984,74645,75979,78154,80371,82260
27980,"Kahului-Wailuku-Lahaina, HI (Metropolitan Statistical Area)",920,        Military,939,987,992,1019,1011,978,1018,1024,1132,1113,1111
28020,"Kalamazoo-Portage, MI (Metropolitan Statistical Area)",,Employment by place of work,,,,,,,,,,,
28020,"Kalamazoo-Portage, MI (Metropolitan Statistical Area)",10,Total employment (number of jobs),135706,137208,138198,141216,143279,147040,148677,149366,148671,149974,151273
28020,"Kalamazoo-Portage, MI (Metropolitan Statistical Area)",920,        Military,732,710,689,653,585,561,537,512,476,473,475
28100,"Kankakee, IL (Metropolitan Statistical Area)",,Employment by place of work,,,,,,,,,,,
28100,"Kankakee, IL (Metropolitan Statistical Area)",10,Total employment (number of jobs),45566,47700,45999,47610,50134,52190,51612,52245,53006,53241,54118
28100,"Kankakee, IL (Metropolitan Statistical Area)",920,        Military,336,332,322,308,280,259,249,238,229,225,228
28140,"Kansas City, MO-KS (Metropolitan Statistical Area)",,Employment by place of work,,,,,,,,,,,
28140,"Kansas City, MO-KS (Metropolitan Statistical Area)",10,Total employment (number of jobs),985056,981595,988989,1013149,1037813,1069637,1093386,1131838,1162276,1182542,1202207
28140,"Kansas City, MO-KS (Metropolitan Statistical Area)",920,        Military,14832,14495,14432,13976,13506,13368,13023,12881,12547,12599,11822
28420,"Kennewick-Richland, WA (Metropolitan Statistical Area)",,Employment by place of work,,,,,,,,,,,
28420,"Kennewick-Richland, WA (Metropolitan Statistical Area)",10,Total employment (number of jobs),84264,86871,89400,93769,100015,97934,97910,98810,98097,101094,102447
28420,"Kennewick-Richland, WA (Metropolitan Statistical Area)",920,        Military,804,811,822,818,792,772,748,708,694,703,713
28660,"Killeen-Temple, TX (Metropolitan Statistical Area)",,Employment by place of work,,,,,,,,,,,
28660,"Killeen-Temple, TX (Metropolitan Statistical Area)",10,Total employment (number of jobs),139118,128838,139350,151294,162733,169153,170885,172991,176092,179581,182507
28660,"Killeen-Temple, TX (Metropolitan Statistical Area)",920,        Military,38315,27198,33885,39915,45528,46541,44890,43354,42605,42714,42604
28700,"Kingsport-Bristol, TN-VA (Metropolitan Statistical Area) *",,Employment by place of work,,,,,,,,,,,
28700,"Kingsport-Bristol, TN-VA (Metropolitan Statistical Area) *",10,Total employment (number of jobs),147539,148554,151184,153439,153499,158102,158808,160258,158389,159345,158601
28700,"Kingsport-Bristol, TN-VA (Metropolitan Statistical Area) *",920,        Military,1602,1588,1506,1433,1326,1249,1231,1201,1149,1123,1170
28740,"Kingston, NY (Metropolitan Statistical Area)",,Employment by place of work,,,,,,,,,,,
28740,"Kingston, NY (Metropolitan Statistical Area)",10,Total employment (number of jobs),77348,77826,78504,76404,76405,74331,74388,75635,77766,80901,83102
28740,"Kingston, NY (Metropolitan Statistical Area)",920,        Military,523,512,502,475,425,400,385,377,359,355,353
28940,"Knoxville, TN (Metropolitan Statistical Area)",,Employment by place of work,,,,,,,,,,,
28940,"Knoxville, TN (Metropolitan Statistical Area)",10,Total employment (number of jobs),352518,355057,365916,379540,391671,400565,404060,407962,417918,423353,433435
28940,"Knoxville, TN (Metropolitan Statistical Area)",920,        Military,3927,3917,3723,3512,3303,3153,3139,3100,2901,2828,3058
29020,"Kokomo, IN (Metropolitan Statistical Area)",,Employment by place of work,,,,,,,,,,,
29020,"Kokomo, IN (Metropolitan Statistical Area)",10,Total employment (number of jobs),50562,50375,52015,53683,53788,56546,56874,56082,56595,57213,57398
29020,"Kokomo, IN (Metropolitan Statistical Area)",920,        Military,414,409,399,387,359,337,315,303,291,291,299
29100,"La Crosse-Onalaska, WI-MN (Metropolitan Statistical Area)",,Employment by place of work,,,,,,,,,,,
29100,"La Crosse-Onalaska, WI-MN (Metropolitan Statistical Area)",10,Total employment (number of jobs),72019,73440,75248,77177,79874,81628,83209,85030,86896,87257,88620
29100,"La Crosse-Onalaska, WI-MN (Metropolitan Statistical Area)",920,        Military,598,583,589,572,529,507,474,476,463,463,449
29180,"Lafayette, LA (Metropolitan Statistical Area)",,Employment by place of work,,,,,,,,,,,
29180,"Lafayette, LA (Metropolitan Statistical Area)",10,Total employment (number of jobs),186879,191220,188119,195210,201325,208746,217292,228667,237170,232472,236014
29180,"Lafayette, LA (Metropolitan Statistical Area)",920,        Military,2336,2290,2482,2641,2442,2405,2365,2328,2302,2315,2165
29200,"Lafayette-West Lafayette, IN (Metropolitan Statistical Area)",,Employment by place of work,,,,,,,,,,,
29200,"Lafayette-West Lafayette, IN (Metropolitan Statistical Area)",10,Total employment (number of jobs),93753,95184,96586,98559,100883,104651,106321,108955,112548,115035,116546
29200,"Lafayette-West Lafayette, IN (Metropolitan Statistical Area)",920,        Military,917,916,899,872,809,758,717,699,674,674,696
29340,"Lake Charles, LA (Metropolitan Statistical Area)",,Employment by place of work,,,,,,,,,,,
29340,"Lake Charles, LA (Metropolitan Statistical Area)",10,Total employment (number of jobs),87736,89353,88809,89641,93804,97914,102120,105423,107839,107766,108617
29340,"Lake Charles, LA (Metropolitan Statistical Area)",920,        Military,1098,1078,1149,1210,1118,1107,1091,1067,1054,1055,980
29420,"Lake Havasu City-Kingman, AZ (Metropolitan Statistical Area)",,Employment by place of work,,,,,,,,,,,
29420,"Lake Havasu City-Kingman, AZ (Metropolitan Statistical Area)",10,Total employment (number of jobs),36930,38893,39206,40507,43326,43977,46030,47793,49316,51247,54312
29420,"Lake Havasu City-Kingman, AZ (Metropolitan Statistical Area)",920,        Military,357,369,380,369,361,356,346,346,341,340,360
29460,"Lakeland-Winter Haven, FL (Metropolitan Statistical Area)",,Employment by place of work,,,,,,,,,,,
29460,"Lakeland-Winter Haven, FL (Metropolitan Statistical Area)",10,Total employment (number of jobs),194693,191941,188240,192484,199641,205287,210699,214741,223190,227091,234576
29460,"Lakeland-Winter Haven, FL (Metropolitan Statistical Area)",920,        Military,1189,1189,1183,1122,1066,1065,1057,1048,1033,1013,1040
29540,"Lancaster, PA (Metropolitan Statistical Area)",,Employment by place of work,,,,,,,,,,,
29540,"Lancaster, PA (Metropolitan Statistical Area)",10,Total employment (number of jobs),250269,247396,249064,251472,255573,263269,266835,273421,272593,276989,282826
29540,"Lancaster, PA (Metropolitan Statistical Area)",920,        Military,1878,1939,1951,1900,1808,1691,1606,1554,1537,1537,1485
29620,"Lansing-East Lansing, MI (Metropolitan Statistical Area)",,Employment by place of work,,,,,,,,,,,
29620,"Lansing-East Lansing, MI (Metropolitan Statistical Area)",10,Total employment (number of jobs),272882,273360,274660,274370,282017,294433,299015,298372,297865,302774,306462
29620,"Lansing-East Lansing, MI (Metropolitan Statistical Area)",920,        Military,2002,1925,1897,1843,1705,1679,1595,1547,1461,1438,1436
29700,"Laredo, TX (Metropolitan Statistical Area)",,Employment by place of work,,,,,,,,,,,
29700,"Laredo, TX (Metropolitan Statistical Area)",10,Total employment (number of jobs),53910,57729,60857,65418,69329,68700,70431,75384,78704,81214,85583
29700,"Laredo, TX (Metropolitan Statistical Area)",920,        Military,492,502,524,510,496,509,489,487,477,484,499
29740,"Las Cruces, NM (Metropolitan Statistical Area)",,Employment by place of work,,,,,,,,,,,
29740,"Las Cruces, NM (Metropolitan Statistical Area)",10,Total employment (number of jobs),57771,59961,60744,61738,62238,65557,67010,68290,69944,72267,74836
29740,"Las Cruces, NM (Metropolitan Statistical Area)",920,        Military,783,777,798,810,769,758,713,706,660,661,639
29820,"Las Vegas-Henderson-Paradise, NV (Metropolitan Statistical Area)",,Employment by place of work,,,,,,,,,,,
29820,"Las Vegas-Henderson-Paradise, NV (Metropolitan Statistical Area)",10,Total employment (number of jobs),452016,465549,472519,504060,567840,606312,662190,713369,749408,803146,853137
29820,"Las Vegas-Henderson-Paradise, NV (Metropolitan Statistical Area)",920,        Military,10844,11071,9949,9113,9706,9554,9323,8940,8977,9062,9309
29940,"Lawrence, KS (Metropolitan Statistical Area)",,Employment by place of work,,,,,,,,,,,
29940,"Lawrence, KS (Metropolitan Statistical Area)",10,Total employment (number of jobs),44906,46550,47328,48723,49946,53006,54732,57637,59943,62118,63729
29940,"Lawrence, KS (Metropolitan Statistical Area)",920,        Military,611,638,604,619,611,549,517,513,515,511,521
30020,"Lawton, OK (Metropolitan Statistical Area)",,Employment by place of work,,,,,,,,,,,
30020,"Lawton, OK (Metropolitan Statistical Area)",10,Total employment (number of jobs),62529,60909,65370,64545,63353,64135,64864,64740,64171,64417,64749
30020,"Lawton, OK (Metropolitan Statistical Area)",920,        Military,16456,14360,17054,15963,15065,15542,15281,14757,14294,13946,14005
30140,"Lebanon, PA (Metropolitan Statistical Area)",,Employment by place of work,,,,,,,,,,,
30140,"Lebanon, PA (Metropolitan Statistical Area)",10,Total employment (number of jobs),52552,52326,52293,51088,51472,52277,52193,53347,51923,52886,54561
30140,"Lebanon, PA (Metropolitan Statistical Area)",920,        Military,678,681,687,659,630,598,536,472,443,418,402
30300,"Lewiston, ID-WA (Metropolitan Statistical Area)",,Employment by place of work,,,,,,,,,,,
30300,"Lewiston, ID-WA (Metropolitan Statistical Area)",10,Total employment (number of jobs),26983,27518,28639,29620,31132,31384,32113,33058,33458,33588,34320
30300,"Lewiston, ID-WA (Metropolitan Statistical Area)",920,        Military,309,306,313,305,280,266,255,251,240,237,233
30340,"Lewiston-Auburn, ME (Metropolitan Statistical Area)",,Employment by place of work,,,,,,,,,,,
30340,"Lewiston-Auburn, ME (Metropolitan Statistical Area)",10,Total employment (number of jobs),53181,50918,50835,52166,53466,53265,53134,53271,55697,58684,60420
30340,"Lewiston-Auburn, ME (Metropolitan Statistical Area)",920,        Military,632,603,593,577,483,469,530,534,520,501,503
30460,"Lexington-Fayette, KY (Metropolitan Statistical Area)",,Employment by place of work,,,,,,,,,,,
30460,"Lexington-Fayette, KY (Metropolitan Statistical Area)",10,Total employment (number of jobs),235619,237345,242428,248440,251588,264124,272024,279832,286606,293947,300557
30460,"Lexington-Fayette, KY (Metropolitan Statistical Area)",920,        Military,1655,1627,1673,1664,1551,1478,1450,1442,1403,1384,1420
30620,"Lima, OH (Metropolitan Statistical Area)",,Employment by place of work,,,,,,,,,,,
30620,"Lima, OH (Metropolitan Statistical Area)",10,Total employment (number of jobs),65107,64909,63879,64648,65381,66147,66212,66563,67726,71158,72973
30620,"Lima, OH (Metropolitan Statistical Area)",920,        Military,406,399,387,354,325,319,300,295,282,279,285
30700,"Lincoln, NE (Metropolitan Statistical Area)",,Employment by place of work,,,,,,,,,,,
30700,"Lincoln, NE (Metropolitan Statistical Area)",10,Total employment (number of jobs),155589,156858,158269,162253,169247,172577,177454,180195,184836,189577,193410
30700,"Lincoln, NE (Metropolitan Statistical Area)",920,        Military,1480,1415,1397,1329,1275,1234,1163,1178,1184,1122,1160
30780,"Little Rock-North Little Rock-Conway, AR (Metropolitan Statistical Area)",,Employment by place of work,,,,,,,,,,,
30780,"Little Rock-North Little Rock-Conway, AR (Metropolitan Statistical Area)",10,Total employment (number of jobs),317357,324532,331121,341004,347270,361633,370043,376359,382432,387438,392022
30780,"Little Rock-North Little Rock-Conway, AR (Metropolitan Statistical Area)",920,        Military,9662,9752,9535,8677,8017,8036,8052,7962,7843,7740,7666
30860,"Logan, UT-ID (Metropolitan Statistical Area)",,Employment by place of work,,,,,,,,,,,
30860,"Logan, UT-ID (Metropolitan Statistical Area)",10,Total employment (number of jobs),40769,41907,42939,44894,48049,50269,52531,54389,55955,57125,58582
30860,"Logan, UT-ID (Metropolitan Statistical Area)",920,        Military,630,624,625,618,584,551,556,541,537,524,528
30980,"Longview, TX (Metropolitan Statistical Area)",,Employment by place of work,,,,,,,,,,,
30980,"Longview, TX (Metropolitan Statistical Area)",10,Total employment (number of jobs),119174,121039,121601,123960,127332,130308,133351,137649,140025,140452,143195
30980,"Longview, TX (Metropolitan Statistical Area)",920,        Military,868,848,844,789,744,745,713,694,663,656,655
31020,"Longview, WA (Metropolitan Statistical Area)",,Employment by place of work,,,,,,,,,,,
31020,"Longview, WA (Metropolitan Statistical Area)",10,Total employment (number of jobs),42731,43637,42176,42678,44279,45260,46179,46315,46458,47768,48330
31020,"Longview, WA (Metropolitan Statistical Area)",920,        Military,426,426,424,412,388,374,363,346,339,340,340
31080,"Los Angeles-Long Beach-Anaheim, CA (Metropolitan Statistical Area)",,Employment by place of work,,,,,,,,,,,
31080,"Los Angeles-Long Beach-Anaheim, CA (Metropolitan Statistical Area)",10,Total employment (number of jobs),6881721,6700497,6471123,6397429,6402534,6550063,6656417,6736278,7020536,7121223,7216670
31080,"Los Angeles-Long Beach-Anaheim, CA (Metropolitan Statistical Area)",920,        Military,64367,62432,56699,50532,44262,40477,38133,35075,33111,28105,26582
31140,"Louisville/Jefferson County, KY-IN (Metropolitan Statistical Area)",,Employment by place of work,,,,,,,,,,,
31140,"Louisville/Jefferson County, KY-IN (Metropolitan Statistical Area)",10,Total employment (number of jobs),582395,580133,590254,606018,623373,644754,654083,669931,684771,698297,712388
31140,"Louisville/Jefferson County, KY-IN (Metropolitan Statistical Area)",920,        Military,5108,4916,4876,4716,4417,4223,4070,3998,3869,3820,3910
31180,"Lubbock, TX (Metropolitan Statistical Area)",,Employment by place of work,,,,,,,,,,,
31180,"Lubbock, TX (Metropolitan Statistical Area)",10,Total employment (number of jobs),134323,135650,134968,139393,141802,146373,147374,150419,151104,151946,155675
31180,"Lubbock, TX (Metropolitan Statistical Area)",920,        Military,2757,2457,2265,2098,1982,1920,1620,1092,707,696,699
31340,"Lynchburg, VA (Metropolitan Statistical Area) *",,Employment by place of work,,,,,,,,,,,
31340,"Lynchburg, VA (Metropolitan Statistical Area) *",10,Total employment (number of jobs),115259,114238,114404,117353,120192,122217,123775,125140,125567,128961,131133
31340,"Lynchburg, VA (Metropolitan Statistical Area) *",920,        Military,1093,1079,1043,1022,960,904,893,877,873,867,864
31420,"Macon-Bibb County, GA (Metropolitan Statistical Area)",,Employment by place of work,,,,,,,,,,,
31420,"Macon-Bibb County, GA (Metropolitan Statistical Area)",10,Total employment (number of jobs),108636,106541,107456,111132,113744,118082,121131,122871,123933,125300,126496
31420,"Macon-Bibb County, GA (Metropolitan Statistical Area)",920,        Military,1074,1056,1118,1091,1014,1004,983,967,965,963,864
31460,"Madera, CA (Metropolitan Statistical Area)",,Employment by place of work,,,,,,,,,,,
31460,"Madera, CA (Metropolitan Statistical Area)",10,Total employment (number of jobs),35423,38461,38949,39682,41256,44780,46793,48055,52112,52404,51446
31460,"Madera, CA (Metropolitan Statistical Area)",920,        Military,250,261,260,255,246,234,244,236,236,232,230
31540,"Madison, WI (Metropolitan Statistical Area)",,Employment by place of work,,,,,,,,,,,
31540,"Madison, WI (Metropolitan Statistical Area)",10,Total employment (number of jobs),326175,332549,340984,349725,359601,367663,374687,381856,390131,399716,409450
31540,"Madison, WI (Metropolitan Statistical Area)",920,        Military,2338,2302,2342,2316,2150,2059,1944,1973,1908,1917,1861
31700,"Manchester-Nashua, NH (Metropolitan Statistical Area)",,Employment by place of work,,,,,,,,,,,
31700,"Manchester-Nashua, NH (Metropolitan Statistical Area)",10,Total employment (number of jobs),208783,199944,202042,204282,209544,212713,218719,225406,233399,238338,246068
31700,"Manchester-Nashua, NH (Metropolitan Statistical Area)",920,        Military,1510,1560,1536,1408,1375,1366,1330,1335,1320,1287,1306
31740,"Manhattan, KS (Metropolitan Statistical Area)",,Employment by place of work,,,,,,,,,,,
31740,"Manhattan, KS (Metropolitan Statistical Area)",10,Total employment (number of jobs),67440,65324,69278,69313,70287,70774,68200,68923,69961,70983,72177
31740,"Manhattan, KS (Metropolitan Statistical Area)",920,        Military,15846,13316,16120,15318,15639,14159,10738,10361,10594,10833,10703
31860,"Mankato, MN (Metropolitan Statistical Area)",,Employment by place of work,,,,,,,,,,,
31860,"Mankato, MN (Metropolitan Statistical Area)",10,Total employment (number of jobs),48587,49463,51307,52620,54719,55982,56419,56660,60139,61312,61984
31860,"Mankato, MN (Metropolitan Statistical Area)",920,        Military,467,460,446,416,384,375,356,350,343,338,329
31900,"Mansfield, OH (Metropolitan Statistical Area)",,Employment by place of work,,,,,,,,,,,
31900,"Mansfield, OH (Metropolitan Statistical Area)",10,Total employment (number of jobs),70803,68169,68884,71627,72358,74128,74963,75038,72778,73336,73985
31900,"Mansfield, OH (Metropolitan Statistical Area)",920,        Military,460,457,448,408,378,364,347,343,330,328,335
32580,"McAllen-Edinburg-Mission, TX (Metropolitan Statistical Area)",,Employment by place of work,,,,,,,,,,,
32580,"McAllen-Edinburg-Mission, TX (Metropolitan Statistical Area)",10,Total employment (number of jobs),134822,138175,142423,148166,155816,163571,171626,182919,188244,199684,212033
32580,"McAllen-Edinburg-Mission, TX (Metropolitan Statistical Area)",920,        Military,1419,1434,1478,1452,1429,1471,1438,1436,1407,1431,1476
32780,"Medford, OR (Metropolitan Statistical Area)",,Employment by place of work,,,,,,,,,,,
32780,"Medford, OR (Metropolitan Statistical Area)",10,Total employment (number of jobs),75872,76214,78291,80714,85896,88260,91601,95490,97290,100050,103307
32780,"Medford, OR (Metropolitan Statistical Area)",920,        Military,719,726,714,684,648,634,628,630,596,591,610
32820,"Memphis, TN-MS-AR (Metropolitan Statistical Area)",,Employment by place of work,,,,,,,,,,,
32820,"Memphis, TN-MS-AR (Metropolitan Statistical Area)",10,Total employment (number of jobs),621984,617028,618985,635969,668943,686110,699961,719012,738335,748678,761155
32820,"Memphis, TN-MS-AR (Metropolitan Statistical Area)",920,        Military,17136,16767,15298,14140,13555,12748,11276,6520,6374,6684,7091
32900,"Merced, CA (Metropolitan Statistical Area)",,Employment by place of work,,,,,,,,,,,
32900,"Merced, CA (Metropolitan Statistical Area)",10,Total employment (number of jobs),76728,78038,76943,78232,77678,77043,77229,77931,82507,83851,83061
32900,"Merced, CA (Metropolitan Statistical Area)",920,        Military,5298,5293,4732,4416,3488,1340,422,403,402,394,396
33100,"Miami-Fort Lauderdale-Pompano Beach, FL (Metropolitan Statistical Area)",,Employment by place of work,,,,,,,,,,,
33100,"Miami-Fort Lauderdale-Pompano Beach, FL (Metropolitan Statistical Area)",10,Total employment (number of jobs),2151815,2129237,2133944,2221343,2289282,2367458,2423829,2495838,2580377,2668615,2759068
33100,"Miami-Fort Lauderdale-Pompano Beach, FL (Metropolitan Statistical Area)",920,        Military,18053,18274,17258,13490,12925,12820,12796,12860,13072,13176,13638
33140,"Michigan City-La Porte, IN (Metropolitan Statistical Area)",,Employment by place of work,,,,,,,,,,,
33140,"Michigan City-La Porte, IN (Metropolitan Statistical Area)",10,Total employment (number of jobs),53683,53728,53920,54837,55637,57043,56722,57371,58248,58957,59904
33140,"Michigan City-La Porte, IN (Metropolitan Statistical Area)",920,        Military,570,559,547,527,488,458,429,410,395,395,404
33220,"Midland, MI (Metropolitan Statistical Area)",,Employment by place of work,,,,,,,,,,,
33220,"Midland, MI (Metropolitan Statistical Area)",10,Total employment (number of jobs),41424,41784,43653,43354,43013,43166,44035,44500,44439,45798,47165
33220,"Midland, MI (Metropolitan Statistical Area)",920,        Military,246,240,235,222,200,190,184,176,164,163,163
33260,"Midland, TX (Metropolitan Statistical Area)",,Employment by place of work,,,,,,,,,,,
33260,"Midland, TX (Metropolitan Statistical Area)",10,Total employment (number of jobs),68901,70299,68743,71541,72932,73505,74051,78960,79647,76928,77716
33260,"Midland, TX (Metropolitan Statistical Area)",920,        Military,411,407,407,381,357,355,338,333,321,313,307
33340,"Milwaukee-Waukesha, WI (Metropolitan Statistical Area)",,Employment by place of work,,,,,,,,,,,
33340,"Milwaukee-Waukesha, WI (Metropolitan Statistical Area)",10,Total employment (number of jobs),881288,874176,882783,893226,915146,932863,942951,959068,978150,989784,1004465
33340,"Milwaukee-Waukesha, WI (Metropolitan Statistical Area)",920,        Military,7614,7409,7399,7131,6401,6137,5808,5816,5605,5605,5433
33460,"Minneapolis-St. Paul-Bloomington, MN-WI (Metropolitan Statistical Area)",,Employment by place of work,,,,,,,,,,,
33460,"Minneapolis-St. Paul-Bloomington, MN-WI (Metropolitan Statistical Area)",10,Total employment (number of jobs),1715543,1722420,1750362,1788522,1846637,1905175,1945109,1983236,2041242,2089976,2145458
33460,"Minneapolis-St. Paul-Bloomington, MN-WI (Metropolitan Statistical Area)",920,        Military,15331,15275,14922,14178,13276,13024,12583,12488,12396,12380,12148
33540,"Missoula, MT (Metropolitan Statistical Area)",,Employment by place of work,,,,,,,,,,,
33540,"Missoula, MT (Metropolitan Statistical Area)",10,Total employment (number of jobs),47616,49299,51852,54021,56003,58094,60152,61250,62905,64766,66193
33540,"Missoula, MT (Metropolitan Statistical Area)",920,        Military,626,628,631,606,564,551,532,539,535,538,507
33660,"Mobile, AL (Metropolitan Statistical Area)",,Employment by place of work,,,,,,,,,,,
33660,"Mobile, AL (Metropolitan Statistical Area)",10,Total employment (number of jobs),188862,194884,198235,206561,207998,211105,214968,220306,223312,222875,223778
33660,"Mobile, AL (Metropolitan Statistical Area)",920,        Military,4399,4392,4743,5369,4268,3816,3603,3509,3357,3256,3229
33700,"Modesto, CA (Metropolitan Statistical Area)",,Employment by place of work,,,,,,,,,,,
33700,"Modesto, CA (Metropolitan Statistical Area)",10,Total employment (number of jobs),171839,174223,173045,174101,174328,177970,183775,187933,198000,202754,205267
33700,"Modesto, CA (Metropolitan Statistical Area)",920,        Military,1090,1097,1057,998,934,878,896,856,852,837,839
33740,"Monroe, LA (Metropolitan Statistical Area)",,Employment by place of work,,,,,,,,,,,
33740,"Monroe, LA (Metropolitan Statistical Area)",10,Total employment (number of jobs),86618,87848,89683,92716,92714,96628,98779,99310,101616,103785,106383
33740,"Monroe, LA (Metropolitan Statistical Area)",920,        Military,1197,1168,1265,1334,1219,1194,1162,1129,1101,1092,1016
33780,"Monroe, MI (Metropolitan Statistical Area)",,Employment by place of work,,,,,,,,,,,
33780,"Monroe, MI (Metropolitan Statistical Area)",10,Total employment (number of jobs),45406,46113,46355,46938,48731,50033,50605,52094,53783,56396,58727
33780,"Monroe, MI (Metropolitan Statistical Area)",920,        Military,433,421,407,383,344,332,318,305,285,284,287
33860,"Montgomery, AL (Metropolitan Statistical Area)",,Employment by place of work,,,,,,,,,,,
33860,"Montgomery, AL (Metropolitan Statistical Area)",10,Total employment (number of jobs),170900,171043,175249,179984,183466,189986,194046,197762,201452,205388,206869
33860,"Montgomery, AL (Metropolitan Statistical Area)",920,        Military,7471,7593,7656,7553,7640,7659,7525,7348,7108,6959,6690
34060,"Morgantown, WV (Metropolitan Statistical Area)",,Employment by place of work,,,,,,,,,,,
34060,"Morgantown, WV (Metropolitan Statistical Area)",10,Total employment (number of jobs),53460,54423,56208,56446,58961,59587,59610,59184,59873,60730,62298
34060,"Morgantown, WV (Metropolitan Statistical Area)",920,        Military,597,613,656,642,605,600,584,586,580,594,608
34100,"Morristown, TN (Metropolitan Statistical Area)",,Employment by place of work,,,,,,,,,,,
34100,"Morristown, TN (Metropolitan Statistical Area)",10,Total employment (number of jobs),56431,55722,57641,59658,60298,62073,63041,64050,65468,67470,68923
34100,"Morristown, TN (Metropolitan Statistical Area)",920,        Military,606,603,571,544,509,490,491,489,466,457,494
34580,"Mount Vernon-Anacortes, WA (Metropolitan Statistical Area)",,Employment by place of work,,,,,,,,,,,
34580,"Mount Vernon-Anacortes, WA (Metropolitan Statistical Area)",10,Total employment (number of jobs),42865,44137,44728,45889,48619,49832,51671,52910,53846,56204,58486
34580,"Mount Vernon-Anacortes, WA (Metropolitan Statistical Area)",920,        Military,438,442,446,444,424,409,399,381,368,374,378
34620,"Muncie, IN (Metropolitan Statistical Area)",,Employment by place of work,,,,,,,,,,,
34620,"Muncie, IN (Metropolitan Statistical Area)",10,Total employment (number of jobs),62976,62840,65363,65781,67867,69973,68253,68126,68306,68754,69098
34620,"Muncie, IN (Metropolitan Statistical Area)",920,        Military,623,611,593,568,524,491,457,439,420,417,426
34740,"Muskegon, MI (Metropolitan Statistical Area)",,Employment by place of work,,,,,,,,,,,
34740,"Muskegon, MI (Metropolitan Statistical Area)",10,Total employment (number of jobs),70361,68332,68157,67576,69480,71863,73599,75236,77667,81008,83059
34740,"Muskegon, MI (Metropolitan Statistical Area)",920,        Military,521,509,494,460,411,393,376,359,334,333,334
34820,"Myrtle Beach-Conway-North Myrtle Beach, SC-NC (Metropolitan Statistical Area)",,Employment by place of work,,,,,,,,,,,
34820,"Myrtle Beach-Conway-North Myrtle Beach, SC-NC (Metropolitan Statistical Area)",10,Total employment (number of jobs),107397,108714,109888,111547,118839,128781,135319,144171,149824,155162,158299
34820,"Myrtle Beach-Conway-North Myrtle Beach, SC-NC (Metropolitan Statistical Area)",920,        Military,4523,4529,3278,1367,1298,1263,1284,1286,1304,1259,1253
34900,"Napa, CA (Metropolitan Statistical Area)",,Employment by place of work,,,,,,,,,,,
34900,"Napa, CA (Metropolitan Statistical Area)",10,Total employment (number of jobs),59343,60173,60221,60849,62499,64022,67250,70898,77036,81319,82348
34900,"Napa, CA (Metropolitan Statistical Area)",920,        Military,313,310,298,282,266,250,254,243,241,234,232
34940,"Naples-Marco Island, FL (Metropolitan Statistical Area)",,Employment by place of work,,,,,,,,,,,
34940,"Naples-Marco Island, FL (Metropolitan Statistical Area)",10,Total employment (number of jobs),92101,94434,96093,101102,104131,107407,113188,119660,128002,133485,143309
34940,"Naples-Marco Island, FL (Metropolitan Statistical Area)",920,        Military,447,466,477,472,461,471,482,496,508,515,540
34980,"Nashville-Davidson--Murfreesboro--Franklin, TN (Metropolitan Statistical Area)",,Employment by place of work,,,,,,,,,,,
34980,"Nashville-Davidson--Murfreesboro--Franklin, TN (Metropolitan Statistical Area)",10,Total employment (number of jobs),686367,693187,709895,746416,789780,818516,842907,873293,904136,924626,947537
34980,"Nashville-Davidson--Murfreesboro--Franklin, TN (Metropolitan Statistical Area)",920,        Military,7141,7148,6843,6568,6232,6019,6008,5960,5705,5634,6035
35100,"New Bern, NC (Metropolitan Statistical Area)",,Employment by place of work,,,,,,,,,,,
35100,"New Bern, NC (Metropolitan Statistical Area)",10,Total employment (number of jobs),54413,53677,55701,55763,56340,58223,60554,62242,64020,64804,65818
35100,"New Bern, NC (Metropolitan Statistical Area)",920,        Military,8711,8173,9543,8978,8375,8089,8275,8245,8466,8710,8754
35300,"New Haven-Milford, CT (Metropolitan Statistical Area)",,Employment by place of work,,,,,,,,,,,
35300,"New Haven-Milford, CT (Metropolitan Statistical Area)",10,Total employment (number of jobs),445131,426841,424565,429976,425475,432879,442172,446766,455111,460583,470567
35300,"New Haven-Milford, CT (Metropolitan Statistical Area)",920,        Military,2886,2713,2606,2606,2472,2311,2186,2121,2103,2093,2129
35380,"New Orleans-Metairie, LA (Metropolitan Statistical Area)",,Employment by place of work,,,,,,,,,,,
35380,"New Orleans-Metairie, LA (Metropolitan Statistical Area)",10,Total employment (number of jobs),681627,685564,683945,695199,705084,724157,732972,747596,756651,760569,770060
35380,"New Orleans-Metairie, LA (Metropolitan Statistical Area)",920,        Military,12617,12776,13397,13386,12712,12626,12276,11900,11584,11600,10982
35620,"New York-Newark-Jersey City, NY-NJ-PA (Metropolitan Statistical Area)",,Employment by place of work,,,,,,,,,,,
35620,"New York-Newark-Jersey City, NY-NJ-PA (Metropolitan Statistical Area)",10,Total employment (number of jobs),9344755,9029995,8955065,8981162,8987008,9117756,9249305,9400699,9607048,9842948,10175147
35620,"New York-Newark-Jersey City, NY-NJ-PA (Metropolitan Statistical Area)",920,        Military,62129,61117,60740,57379,52395,49347,46278,44818,43483,43437,42144
35660,"Niles, MI (Metropolitan Statistical Area)",,Employment by place of work,,,,,,,,,,,
35660,"Niles, MI (Metropolitan Statistical Area)",10,Total employment (number of jobs),82670,81364,81260,81681,85310,88048,88373,88512,90479,89527,90418
35660,"Niles, MI (Metropolitan Statistical Area)",920,        Military,564,550,530,482,425,408,387,366,338,336,337
35840,"North Port-Sarasota-Bradenton, FL (Metropolitan Statistical Area)",,Employment by place of work,,,,,,,,,,,
35840,"North Port-Sarasota-Bradenton, FL (Metropolitan Statistical Area)",10,Total employment (number of jobs),246876,251512,257502,269675,286866,309665,304542,317015,321983,329161,353692
35840,"North Port-Sarasota-Bradenton, FL (Metropolitan Statistical Area)",920,        Military,1480,1475,1459,1394,1320,1315,1305,1297,1284,1259,1293
35980,"Norwich-New London, CT (Metropolitan Statistical Area)",,Employment by place of work,,,,,,,,,,,
35980,"Norwich-New London, CT (Metropolitan Statistical Area)",10,Total employment (number of jobs),149439,143950,141923,143783,145989,151338,153594,157056,157246,158947,162098
35980,"Norwich-New London, CT (Metropolitan Statistical Area)",920,        Military,15597,14660,11799,10949,10426,10577,10940,10803,9198,8586,8735
36100,"Ocala, FL (Metropolitan Statistical Area)",,Employment by place of work,,,,,,,,,,,
36100,"Ocala, FL (Metropolitan Statistical Area)",10,Total employment (number of jobs),81784,81874,82420,86980,89626,92766,98351,102369,107202,110338,113425
36100,"Ocala, FL (Metropolitan Statistical Area)",920,        Military,572,579,580,559,539,543,546,549,547,536,554
36140,"Ocean City, NJ (Metropolitan Statistical Area)",,Employment by place of work,,,,,,,,,,,
36140,"Ocean City, NJ (Metropolitan Statistical Area)",10,Total employment (number of jobs),47010,46586,47721,47462,47835,48319,49078,50322,51329,52030,54163
36140,"Ocean City, NJ (Metropolitan Statistical Area)",920,        Military,1641,1838,1641,1527,1419,1520,1524,1499,1464,1521,1453
36220,"Odessa, TX (Metropolitan Statistical Area)",,Employment by place of work,,,,,,,,,,,
36220,"Odessa, TX (Metropolitan Statistical Area)",10,Total employment (number of jobs),57211,58006,56475,56906,58224,58734,59531,61867,64989,60926,62662
36220,"Odessa, TX (Metropolitan Statistical Area)",920,        Military,432,424,422,393,369,364,346,336,323,315,310
36260,"Ogden-Clearfield, UT (Metropolitan Statistical Area)",,Employment by place of work,,,,,,,,,,,
36260,"Ogden-Clearfield, UT (Metropolitan Statistical Area)",10,Total employment (number of jobs),190389,192203,193998,199000,213802,220335,233975,244207,248177,251600,257400
36260,"Ogden-Clearfield, UT (Metropolitan Statistical Area)",920,        Military,8181,8292,7935,7656,7462,7067,6917,6731,6566,6536,6641
36420,"Oklahoma City, OK (Metropolitan Statistical Area)",,Employment by place of work,,,,,,,,,,,
36420,"Oklahoma City, OK (Metropolitan Statistical Area)",10,Total employment (number of jobs),567554,568264,574498,586259,599649,621260,640572,652676,667154,679360,698058
36420,"Oklahoma City, OK (Metropolitan Statistical Area)",920,        Military,13150,13357,13661,14187,13947,14376,14107,13853,13380,13129,12863
36500,"Olympia-Lacey-Tumwater, WA (Metropolitan Statistical Area)",,Employment by place of work,,,,,,,,,,,
36500,"Olympia-Lacey-Tumwater, WA (Metropolitan Statistical Area)",10,Total employment (number of jobs),83933,87571,90233,92374,96701,97945,101394,103918,106533,108667,110972
36500,"Olympia-Lacey-Tumwater, WA (Metropolitan Statistical Area)",920,        Military,937,959,1006,976,950,944,940,777,761,773,787
36540,"Omaha-Council Bluffs, NE-IA (Metropolitan Statistical Area)",,Employment by place of work,,,,,,,,,,,
36540,"Omaha-Council Bluffs, NE-IA (Metropolitan Statistical Area)",10,Total employment (number of jobs),439366,440334,442339,450793,466628,477507,491378,499983,516047,527810,538603
36540,"Omaha-Council Bluffs, NE-IA (Metropolitan Statistical Area)",920,        Military,16920,16648,14988,13404,12832,12653,12536,12233,11778,11110,10900
36740,"Orlando-Kissimmee-Sanford, FL (Metropolitan Statistical Area)",,Employment by place of work,,,,,,,,,,,
36740,"Orlando-Kissimmee-Sanford, FL (Metropolitan Statistical Area)",10,Total employment (number of jobs),739630,737044,755421,788146,813296,840455,885718,935200,987408,1032530,1071873
36740,"Orlando-Kissimmee-Sanford, FL (Metropolitan Statistical Area)",920,        Military,19687,18439,18476,16253,13304,8252,7561,7635,6790,4179,4107
36780,"Oshkosh-Neenah, WI (Metropolitan Statistical Area)",,Employment by place of work,,,,,,,,,,,
36780,"Oshkosh-Neenah, WI (Metropolitan Statistical Area)",10,Total employment (number of jobs),86195,88504,90993,92431,94352,97363,98410,99045,101732,103893,106300
36780,"Oshkosh-Neenah, WI (Metropolitan Statistical Area)",920,        Military,696,685,695,681,628,601,559,567,547,552,534
36980,"Owensboro, KY (Metropolitan Statistical Area)",,Employment by place of work,,,,,,,,,,,
36980,"Owensboro, KY (Metropolitan Statistical Area)",10,Total employment (number of jobs),54954,54878,55861,57276,59266,60800,60962,62246,62960,63701,64172
36980,"Owensboro, KY (Metropolitan Statistical Area)",920,        Military,493,475,481,474,451,436,426,418,402,395,387
37100,"Oxnard-Thousand Oaks-Ventura, CA (Metropolitan Statistical Area)",,Employment by place of work,,,,,,,,,,,
37100,"Oxnard-Thousand Oaks-Ventura, CA (Metropolitan Statistical Area)",10,Total employment (number of jobs),327267,332915,332193,335316,344984,352089,358399,357142,371587,385759,395387
37100,"Oxnard-Thousand Oaks-Ventura, CA (Metropolitan Statistical Area)",920,        Military,8781,8607,8178,7807,7590,7323,7173,6956,6794,7023,7219
37340,"Palm Bay-Melbourne-Titusville, FL (Metropolitan Statistical Area)",,Employment by place of work,,,,,,,,,,,
37340,"Palm Bay-Melbourne-Titusville, FL (Metropolitan Statistical Area)",10,Total employment (number of jobs),202232,203022,203939,206630,209999,211373,215068,223138,230763,234135,242259
37340,"Palm Bay-Melbourne-Titusville, FL (Metropolitan Statistical Area)",920,        Military,4901,5042,5050,4898,4556,4641,4434,3915,3536,3372,3299
37460,"Panama City, FL (Metropolitan Statistical Area)",,Employment by place of work,,,,,,,,,,,
37460,"Panama City, FL (Metropolitan Statistical Area)",10,Total employment (number of jobs),68858,70705,71810,73794,75035,76802,79624,80779,82258,82839,83228
37460,"Panama City, FL (Metropolitan Statistical Area)",920,        Military,5686,5951,5926,5963,5882,5836,5633,5247,4511,4494,4329
37620,"Parkersburg-Vienna, WV (Metropolitan Statistical Area)",,Employment by place of work,,,,,,,,,,,
37620,"Parkersburg-Vienna, WV (Metropolitan Statistical Area)",10,Total employment (number of jobs),48937,48290,49325,50279,51179,51896,52966,53811,53323,53370,54205
37620,"Parkersburg-Vienna, WV (Metropolitan Statistical Area)",920,        Military,509,518,555,539,504,494,478,480,472,485,496
37860,"Pensacola-Ferry Pass-Brent, FL (Metropolitan Statistical Area)",,Employment by place of work,,,,,,,,,,,
37860,"Pensacola-Ferry Pass-Brent, FL (Metropolitan Statistical Area)",10,Total employment (number of jobs),167249,168899,172885,174170,178056,183511,190014,198535,204939,207920,212573
37860,"Pensacola-Ferry Pass-Brent, FL (Metropolitan Statistical Area)",920,        Military,14400,13330,13352,11117,10505,10425,12206,16460,15626,15354,15649
37900,"Peoria, IL (Metropolitan Statistical Area)",,Employment by place of work,,,,,,,,,,,
37900,"Peoria, IL (Metropolitan Statistical Area)",10,Total employment (number of jobs),205682,205854,204409,207988,213758,216727,224699,228340,232754,232531,234823
37900,"Peoria, IL (Metropolitan Statistical Area)",920,        Military,1588,1458,1341,1271,1147,1071,1036,984,943,925,929
37980,"Philadelphia-Camden-Wilmington, PA-NJ-DE-MD (Metropolitan Statistical Area)",,Employment by place of work,,,,,,,,,,,
37980,"Philadelphia-Camden-Wilmington, PA-NJ-DE-MD (Metropolitan Statistical Area)",10,Total employment (number of jobs),2986306,2912895,2891738,2910168,2922050,2963541,2998593,3061561,3127485,3179438,3250559
37980,"Philadelphia-Camden-Wilmington, PA-NJ-DE-MD (Metropolitan Statistical Area)",920,        Military,46676,44388,40200,36071,35124,32965,28769,27544,26660,26513,25274
38060,"Phoenix-Mesa-Chandler, AZ (Metropolitan Statistical Area)",,Employment by place of work,,,,,,,,,,,
38060,"Phoenix-Mesa-Chandler, AZ (Metropolitan Statistical Area)",10,Total employment (number of jobs),1266338,1263249,1271798,1328795,1416403,1508585,1614248,1702231,1791395,1857012,1929164
38060,"Phoenix-Mesa-Chandler, AZ (Metropolitan Statistical Area)",920,        Military,16572,15780,14610,13604,13669,13604,12995,13102,13053,13222,13479
38220,"Pine Bluff, AR (Metropolitan Statistical Area)",,Employment by place of work,,,,,,,,,,,
38220,"Pine Bluff, AR (Metropolitan Statistical Area)",10,Total employment (number of jobs),47603,47185,47356,48353,47473,48926,49406,49381,49260,49241,49436
38220,"Pine Bluff, AR (Metropolitan Statistical Area)",920,        Military,885,867,847,813,779,742,712,680,642,628,609
38300,"Pittsburgh, PA (Metropolitan Statistical Area)",,Employment by place of work,,,,,,,,,,,
38300,"Pittsburgh, PA (Metropolitan Statistical Area)",10,Total employment (number of jobs),1257869,1250192,1259326,1267305,1282644,1296271,1303923,1320252,1332351,1354381,1380946
38300,"Pittsburgh, PA (Metropolitan Statistical Area)",920,        Military,11799,11954,11881,11497,10795,10042,9541,9070,8799,8711,8339
38340,"Pittsfield, MA (Metropolitan Statistical Area)",,Employment by place of work,,,,,,,,,,,
38340,"Pittsfield, MA (Metropolitan Statistical Area)",10,Total employment (number of jobs),77748,73552,73706,75102,75643,75632,76886,77231,78323,79056,79393
38340,"Pittsfield, MA (Metropolitan Statistical Area)",920,        Military,654,676,655,634,537,530,486,457,433,421,419
38540,"Pocatello, ID (Metropolitan Statistical Area)",,Employment by place of work,,,,,,,,,,,
38540,"Pocatello, ID (Metropolitan Statistical Area)",10,Total employment (number of jobs),35462,36230,37488,39239,40991,41626,43451,44125,45342,46228,47657
38540,"Pocatello, ID (Metropolitan Statistical Area)",920,        Military,489,461,464,456,423,407,386,388,368,360,350
38860,"Portland-South Portland, ME (Metropolitan Statistical Area)",,Employment by place of work,,,,,,,,,,,
38860,"Portland-South Portland, ME (Metropolitan Statistical Area)",10,Total employment (number of jobs),285041,273772,274413,276688,283211,285360,290659,299375,307580,313419,323073
38860,"Portland-South Portland, ME (Metropolitan Statistical Area)",920,        Military,7578,7634,6876,6725,6159,5856,6217,6193,5992,6037,5909
38900,"Portland-Vancouver-Hillsboro, OR-WA (Metropolitan Statistical Area)",,Employment by place of work,,,,,,,,,,,
38900,"Portland-Vancouver-Hillsboro, OR-WA (Metropolitan Statistical Area)",10,Total employment (number of jobs),918239,929685,941423,969806,1022108,1065398,1112001,1160405,1188161,1203732,1230760
38900,"Portland-Vancouver-Hillsboro, OR-WA (Metropolitan Statistical Area)",920,        Military,8485,8592,8201,7917,7512,7363,7303,7316,7014,7015,7200
38940,"Port St. Lucie, FL (Metropolitan Statistical Area)",,Employment by place of work,,,,,,,,,,,
38940,"Port St. Lucie, FL (Metropolitan Statistical Area)",10,Total employment (number of jobs),109748,108584,108447,111244,113621,117523,122505,126227,133060,136633,141761
38940,"Port St. Lucie, FL (Metropolitan Statistical Area)",920,        Military,786,792,819,794,763,755,753,744,737,727,741
39100,"Poughkeepsie-Newburgh-Middletown, NY (Metropolitan Statistical Area)",,Employment by place of work,,,,,,,,,,,
39100,"Poughkeepsie-Newburgh-Middletown, NY (Metropolitan Statistical Area)",10,Total employment (number of jobs),279509,273759,273282,269630,272756,270432,274599,277738,282874,293769,301872
39100,"Poughkeepsie-Newburgh-Middletown, NY (Metropolitan Statistical Area)",920,        Military,8125,8156,7809,7575,7156,7110,6801,6819,6948,6840,6852
39150,"Prescott Valley-Prescott, AZ (Metropolitan Statistical Area)",,Employment by place of work,,,,,,,,,,,
39150,"Prescott Valley-Prescott, AZ (Metropolitan Statistical Area)",10,Total employment (number of jobs),42267,44202,46644,49463,55718,57666,60672,64787,67473,66576,69991
39150,"Prescott Valley-Prescott, AZ (Metropolitan Statistical Area)",920,        Military,414,415,421,406,396,390,379,381,380,377,394
39300,"Providence-Warwick, RI-MA (Metropolitan Statistical Area)",,Employment by place of work,,,,,,,,,,,
39300,"Providence-Warwick, RI-MA (Metropolitan Statistical Area)",10,Total employment (number of jobs),786517,749079,760306,772176,778499,784811,791039,802598,815590,832845,855161
39300,"Providence-Warwick, RI-MA (Metropolitan Statistical Area)",920,        Military,16056,16250,15148,14350,12365,12036,11912,11897,11543,11172,11053
39340,"Provo-Orem, UT (Metropolitan Statistical Area)",,Employment by place of work,,,,,,,,,,,
39340,"Provo-Orem, UT (Metropolitan Statistical Area)",10,Total employment (number of jobs),125706,131672,133739,138561,151987,161158,172108,180366,188543,195570,203516
39340,"Provo-Orem, UT (Metropolitan Statistical Area)",920,        Military,2138,2087,2090,2089,1998,1877,1941,1907,1928,1916,1956
39380,"Pueblo, CO (Metropolitan Statistical Area)",,Employment by place of work,,,,,,,,,,,
39380,"Pueblo, CO (Metropolitan Statistical Area)",10,Total employment (number of jobs),55119,54874,55461,56530,59435,61533,64066,66762,69410,70034,70788
39380,"Pueblo, CO (Metropolitan Statistical Area)",920,        Military,522,501,505,466,454,399,412,406,402,372,402
39460,"Punta Gorda, FL (Metropolitan Statistical Area)",,Employment by place of work,,,,,,,,,,,
39460,"Punta Gorda, FL (Metropolitan Statistical Area)",10,Total employment (number of jobs),38654,39216,39827,41205,43349,44270,46679,48085,51813,54226,56385
39460,"Punta Gorda, FL (Metropolitan Statistical Area)",920,        Military,326,334,334,322,309,310,306,304,300,295,305
39540,"Racine, WI (Metropolitan Statistical Area)",,Employment by place of work,,,,,,,,,,,
39540,"Racine, WI (Metropolitan Statistical Area)",10,Total employment (number of jobs),89786,89881,89115,90045,91293,93148,94284,94788,95393,94131,94602
39540,"Racine, WI (Metropolitan Statistical Area)",920,        Military,854,833,843,822,756,719,673,678,654,655,633
39580,"Raleigh-Cary, NC (Metropolitan Statistical Area)",,Employment by place of work,,,,,,,,,,,
39580,"Raleigh-Cary, NC (Metropolitan Statistical Area)",10,Total employment (number of jobs),361542,361975,373756,394846,413368,433235,456366,484256,512369,520966,539376
39580,"Raleigh-Cary, NC (Metropolitan Statistical Area)",920,        Military,2657,2663,2822,2850,2965,2810,2878,2878,2899,2944,2868
39660,"Rapid City, SD (Metropolitan Statistical Area)",,Employment by place of work,,,,,,,,,,,
39660,"Rapid City, SD (Metropolitan Statistical Area)",10,Total employment (number of jobs),64145,65817,67104,68805,71173,71566,71855,72511,74810,77340,79582
39660,"Rapid City, SD (Metropolitan Statistical Area)",920,        Military,7425,7477,6851,6200,5481,4882,4136,3722,3725,3800,3821
39740,"Reading, PA (Metropolitan Statistical Area)",,Employment by place of work,,,,,,,,,,,
39740,"Reading, PA (Metropolitan Statistical Area)",10,Total employment (number of jobs),190057,185735,186648,188584,190821,194899,197093,202003,206229,211470,215764
39740,"Reading, PA (Metropolitan Statistical Area)",920,        Military,1520,1566,1577,1538,1457,1359,1294,1251,1234,1235,1194
39820,"Redding, CA (Metropolitan Statistical Area)",,Employment by place of work,,,,,,,,,,,
39820,"Redding, CA (Metropolitan Statistical Area)",10,Total employment (number of jobs),71727,73820,73116,73197,75586,75741,77057,78613,79004,81009,83530
39820,"Redding, CA (Metropolitan Statistical Area)",920,        Military,419,424,410,387,365,342,346,328,322,310,307
39900,"Reno, NV (Metropolitan Statistical Area)",,Employment by place of work,,,,,,,,,,,
39900,"Reno, NV (Metropolitan Statistical Area)",10,Total employment (number of jobs),175220,174711,175503,182728,192012,200861,209606,218118,225042,227450,237815
39900,"Reno, NV (Metropolitan Statistical Area)",920,        Military,835,801,828,766,725,648,739,712,681,665,686
40060,"Richmond, VA (Metropolitan Statistical Area) *",,Employment by place of work,,,,,,,,,,,
40060,"Richmond, VA (Metropolitan Statistical Area) *",10,Total employment (number of jobs),585331,574522,574986,582854,600918,616799,627762,646047,656552,672006,688877
40060,"Richmond, VA (Metropolitan Statistical Area) *",920,        Military,10642,10154,10732,10573,10353,9916,10099,10026,9963,9551,10321
40140,"Riverside-San Bernardino-Ontario, CA (Metropolitan Statistical Area)",,Employment by place of work,,,,,,,,,,,
40140,"Riverside-San Bernardino-Ontario, CA (Metropolitan Statistical Area)",10,Total employment (number of jobs),1003046,1037939,1035249,1039281,1065322,1099819,1132225,1168111,1244588,1311728,1355540
40140,"Riverside-San Bernardino-Ontario, CA (Metropolitan Statistical Area)",920,        Military,32877,32635,29802,26903,24500,23247,20770,20374,20823,21349,21427
40220,"Roanoke, VA (Metropolitan Statistical Area) *",,Employment by place of work,,,,,,,,,,,
40220,"Roanoke, VA (Metropolitan Statistical Area) *",10,Total employment (number of jobs),166966,164617,166401,169750,175063,179737,183486,183985,191061,190906,194558
40220,"Roanoke, VA (Metropolitan Statistical Area) *",920,        Military,1466,1447,1372,1334,1254,1181,1160,1140,1126,1118,1113
40340,"Rochester, MN (Metropolitan Statistical Area)",,Employment by place of work,,,,,,,,,,,
40340,"Rochester, MN (Metropolitan Statistical Area)",10,Total employment (number of jobs),104645,106918,108570,110560,110937,113113,114704,118626,123856,127906,131560
40340,"Rochester, MN (Metropolitan Statistical Area)",920,        Military,923,921,898,852,784,761,726,722,718,716,705
40380,"Rochester, NY (Metropolitan Statistical Area)",,Employment by place of work,,,,,,,,,,,
40380,"Rochester, NY (Metropolitan Statistical Area)",10,Total employment (number of jobs),589401,591189,592760,601469,607597,606742,607448,611491,617789,627638,637905
40380,"Rochester, NY (Metropolitan Statistical Area)",920,        Military,3323,3210,3152,2984,2690,2518,2391,2290,2174,2136,2096
40420,"Rockford, IL (Metropolitan Statistical Area)",,Employment by place of work,,,,,,,,,,,
40420,"Rockford, IL (Metropolitan Statistical Area)",10,Total employment (number of jobs),167347,165457,165482,168660,175923,184417,186765,188652,191098,192185,194248
40420,"Rockford, IL (Metropolitan Statistical Area)",920,        Military,996,987,957,912,834,780,755,723,702,693,706
40580,"Rocky Mount, NC (Metropolitan Statistical Area)",,Employment by place of work,,,,,,,,,,,
40580,"Rocky Mount, NC (Metropolitan Statistical Area)",10,Total employment (number of jobs),76391,76478,77279,77560,77617,80590,81061,79237,78718,78734,79541
40580,"Rocky Mount, NC (Metropolitan Statistical Area)",920,        Military,504,499,522,514,521,464,458,443,429,415,389
40660,"Rome, GA (Metropolitan Statistical Area)",,Employment by place of work,,,,,,,,,,,
40660,"Rome, GA (Metropolitan Statistical Area)",10,Total employment (number of jobs),44628,44515,45569,47211,49360,49299,49613,50251,49963,49836,50348
40660,"Rome, GA (Metropolitan Statistical Area)",920,        Military,371,365,393,384,361,360,350,348,346,342,314
40900,"Sacramento-Roseville-Folsom, CA (Metropolitan Statistical Area)",,Employment by place of work,,,,,,,,,,,
40900,"Sacramento-Roseville-Folsom, CA (Metropolitan Statistical Area)",10,Total employment (number of jobs),837598,846203,838258,837172,870499,886610,914825,938908,973971,1017726,1041891
40900,"Sacramento-Roseville-Folsom, CA (Metropolitan Statistical Area)",920,        Military,11450,11044,10171,8630,7380,7091,6940,6623,6296,5654,5018
40980,"Saginaw, MI (Metropolitan Statistical Area)",,Employment by place of work,,,,,,,,,,,
40980,"Saginaw, MI (Metropolitan Statistical Area)",10,Total employment (number of jobs),106622,105668,107274,107006,109557,112965,115285,116361,114873,116817,118358
40980,"Saginaw, MI (Metropolitan Statistical Area)",920,        Military,708,683,661,621,552,530,502,474,441,433,431
41060,"St. Cloud, MN (Metropolitan Statistical Area)",,Employment by place of work,,,,,,,,,,,
41060,"St. Cloud, MN (Metropolitan Statistical Area)",10,Total employment (number of jobs),90903,93550,95350,97771,100598,105687,108022,107758,110718,112488,115436
41060,"St. Cloud, MN (Metropolitan Statistical Area)",920,        Military,851,843,826,779,719,702,668,665,657,652,640
41100,"St. George, UT (Metropolitan Statistical Area)",,Employment by place of work,,,,,,,,,,,
41100,"St. George, UT (Metropolitan Statistical Area)",10,Total employment (number of jobs),21258,22774,24084,27249,33162,35711,38801,40701,42689,44820,47299
41100,"St. George, UT (Metropolitan Statistical Area)",920,        Military,385,392,403,416,419,414,443,443,448,452,468
41140,"St. Joseph, MO-KS (Metropolitan Statistical Area)",,Employment by place of work,,,,,,,,,,,
41140,"St. Joseph, MO-KS (Metropolitan Statistical Area)",10,Total employment (number of jobs),60198,59704,59547,60305,60738,62607,62179,63975,65446,67135,68339
41140,"St. Joseph, MO-KS (Metropolitan Statistical Area)",920,        Military,680,659,630,612,556,591,595,581,550,579,490
41180,"St. Louis, MO-IL (Metropolitan Statistical Area)",,Employment by place of work,,,,,,,,,,,
41180,"St. Louis, MO-IL (Metropolitan Statistical Area)",10,Total employment (number of jobs),1464298,1442695,1439015,1468529,1496005,1529685,1555249,1579818,1603406,1620760,1642704
41180,"St. Louis, MO-IL (Metropolitan Statistical Area)",920,        Military,21359,20790,20193,19852,18697,19124,18872,18280,17100,17437,15794
41420,"Salem, OR (Metropolitan Statistical Area)",,Employment by place of work,,,,,,,,,,,
41420,"Salem, OR (Metropolitan Statistical Area)",10,Total employment (number of jobs),146094,147147,149319,154522,161451,165842,172393,176546,178362,181037,183466
41420,"Salem, OR (Metropolitan Statistical Area)",920,        Military,1385,1395,1373,1319,1244,1215,1206,1213,1142,1129,1154
41500,"Salinas, CA (Metropolitan Statistical Area)",,Employment by place of work,,,,,,,,,,,
41500,"Salinas, CA (Metropolitan Statistical Area)",10,Total employment (number of jobs),200058,200838,195598,191239,183917,187617,195179,197557,208782,218234,218487
41500,"Salinas, CA (Metropolitan Statistical Area)",920,        Military,23404,22146,21191,13426,6551,5776,5548,5803,6013,5759,5541
41540,"Salisbury, MD-DE (Metropolitan Statistical Area)",,Employment by place of work,,,,,,,,,,,
41540,"Salisbury, MD-DE (Metropolitan Statistical Area)",10,Total employment (number of jobs),146525,145358,145227,147101,150301,157221,160039,164110,166774,171319,176762
41540,"Salisbury, MD-DE (Metropolitan Statistical Area)",920,        Military,1915,1911,1978,1997,1886,1834,1726,1639,1656,1652,1608
41620,"Salt Lake City, UT (Metropolitan Statistical Area)",,Employment by place of work,,,,,,,,,,,
41620,"Salt Lake City, UT (Metropolitan Statistical Area)",10,Total employment (number of jobs),470479,481251,489997,518184,547370,571123,602150,624849,645322,656570,677903
41620,"Salt Lake City, UT (Metropolitan Statistical Area)",920,        Military,6598,6465,6433,6185,5903,5484,5486,5338,5255,5201,5316
41660,"San Angelo, TX (Metropolitan Statistical Area)",,Employment by place of work,,,,,,,,,,,
41660,"San Angelo, TX (Metropolitan Statistical Area)",10,Total employment (number of jobs),55721,56653,56824,58090,59041,61055,62274,62503,63494,63302,64431
41660,"San Angelo, TX (Metropolitan Statistical Area)",920,        Military,3901,3440,2980,2861,3002,3107,3153,3346,3251,3081,3203
41700,"San Antonio-New Braunfels, TX (Metropolitan Statistical Area)",,Employment by place of work,,,,,,,,,,,
41700,"San Antonio-New Braunfels, TX (Metropolitan Statistical Area)",10,Total employment (number of jobs),723234,736292,752583,780913,813191,847156,872230,908164,931942,954739,980454
41700,"San Antonio-New Braunfels, TX (Metropolitan Statistical Area)",920,        Military,38916,39237,39544,37886,38752,39767,37815,37243,36920,36289,36623
41740,"San Diego-Chula Vista-Carlsbad, CA (Metropolitan Statistical Area)",,Employment by place of work,,,,,,,,,,,
41740,"San Diego-Chula Vista-Carlsbad, CA (Metropolitan Statistical Area)",10,Total employment (number of jobs),1426402,1436665,1406200,1402948,1408463,1440496,1479423,1521768,1608669,1656003,1696594
41740,"San Diego-Chula Vista-Carlsbad, CA (Metropolitan Statistical Area)",920,        Military,143138,142044,135688,131870,121054,116166,112132,104352,102771,104842,107809
41860,"San Francisco-Oakland-Berkeley, CA (Metropolitan Statistical Area)",,Employment by place of work,,,,,,,,,,,
41860,"San Francisco-Oakland-Berkeley, CA (Metropolitan Statistical Area)",10,Total employment (number of jobs),2399266,2388786,2347136,2358677,2385264,2436826,2492590,2550128,2639817,2697881,2770316
41860,"San Francisco-Oakland-Berkeley, CA (Metropolitan Statistical Area)",920,        Military,34439,33302,31291,30495,28368,24365,17743,12097,10796,10022,9564
41940,"San Jose-Sunnyvale-Santa Clara, CA (Metropolitan Statistical Area)",,Employment by place of work,,,,,,,,,,,
41940,"San Jose-Sunnyvale-Santa Clara, CA (Metropolitan Statistical Area)",10,Total employment (number of jobs),1052577,1040251,1017714,1023035,1036627,1075809,1131518,1175557,1221008,1226104,1283119
41940,"San Jose-Sunnyvale-Santa Clara, CA (Metropolitan Statistical Area)",920,        Military,10328,9855,8548,6728,5295,4994,5015,4724,4557,4017,3768
42020,"San Luis Obispo-Paso Robles, CA (Metropolitan Statistical Area)",,Employment by place of work,,,,,,,,,,,
42020,"San Luis Obispo-Paso Robles, CA (Metropolitan Statistical Area)",10,Total employment (number of jobs),106051,110470,110178,109848,112959,116952,120730,125634,131952,137881,138477
42020,"San Luis Obispo-Paso Robles, CA (Metropolitan Statistical Area)",920,        Military,644,634,608,577,539,517,525,508,498,485,483
42100,"Santa Cruz-Watsonville, CA (Metropolitan Statistical Area)",,Employment by place of work,,,,,,,,,,,
42100,"Santa Cruz-Watsonville, CA (Metropolitan Statistical Area)",10,Total employment (number of jobs),125068,129334,126162,128059,129313,133854,136690,136897,145249,146085,145981
42100,"Santa Cruz-Watsonville, CA (Metropolitan Statistical Area)",920,        Military,644,632,607,577,545,512,521,499,499,484,477
42140,"Santa Fe, NM (Metropolitan Statistical Area)",,Employment by place of work,,,,,,,,,,,
42140,"Santa Fe, NM (Metropolitan Statistical Area)",10,Total employment (number of jobs),58372,63309,65129,68364,70827,75227,75777,77163,78737,79221,81236
42140,"Santa Fe, NM (Metropolitan Statistical Area)",920,        Military,518,508,518,516,488,499,473,470,436,446,435
42200,"Santa Maria-Santa Barbara, CA (Metropolitan Statistical Area)",,Employment by place of work,,,,,,,,,,,
42200,"Santa Maria-Santa Barbara, CA (Metropolitan Statistical Area)",10,Total employment (number of jobs),214939,220855,214252,215117,216284,221933,225153,226970,235910,239821,244170
42200,"Santa Maria-Santa Barbara, CA (Metropolitan Statistical Area)",920,        Military,4448,4450,4263,4198,4214,4166,4213,4278,4096,4077,3971
42220,"Santa Rosa-Petaluma, CA (Metropolitan Statistical Area)",,Employment by place of work,,,,,,,,,,,
42220,"Santa Rosa-Petaluma, CA (Metropolitan Statistical Area)",10,Total employment (number of jobs),204435,207198,207086,210765,218474,221033,232015,242030,254209,263310,267725
42220,"Santa Rosa-Petaluma, CA (Metropolitan Statistical Area)",920,        Military,2057,2094,1942,1667,1482,1457,1467,1436,1456,1450,1475
42340,"Savannah, GA (Metropolitan Statistical Area)",,Employment by place of work,,,,,,,,,,,
42340,"Savannah, GA (Metropolitan Statistical Area)",10,Total employment (number of jobs),142254,138590,143404,145860,150429,155080,158374,162397,164741,167970,172243
42340,"Savannah, GA (Metropolitan Statistical Area)",920,        Military,4991,4604,5593,5226,5544,5744,5636,5516,5277,5364,5352
42540,"Scranton--Wilkes-Barre, PA (Metropolitan Statistical Area)",,Employment by place of work,,,,,,,,,,,
42540,"Scranton--Wilkes-Barre, PA (Metropolitan Statistical Area)",10,Total employment (number of jobs),288238,284245,285358,286290,289245,293803,294639,297412,296660,300626,308211
42540,"Scranton--Wilkes-Barre, PA (Metropolitan Statistical Area)",920,        Military,2628,2686,2681,2586,2407,2220,2076,1972,1921,1899,1807
42660,"Seattle-Tacoma-Bellevue, WA (Metropolitan Statistical Area)",,Employment by place of work,,,,,,,,,,,
42660,"Seattle-Tacoma-Bellevue, WA (Metropolitan Statistical Area)",10,Total employment (number of jobs),1653020,1661101,1669827,1687223,1728057,1750246,1807825,1887996,1957069,1997050,2050200
42660,"Seattle-Tacoma-Bellevue, WA (Metropolitan Statistical Area)",920,        Military,41733,38399,37454,38122,37230,37526,36573,38599,38482,38166,38469
42680,"Sebastian-Vero Beach, FL (Metropolitan Statistical Area)",,Employment by place of work,,,,,,,,,,,
42680,"Sebastian-Vero Beach, FL (Metropolitan Statistical Area)",10,Total employment (number of jobs),44005,43445,42812,43672,45180,47392,49354,51903,53805,54638,55510
42680,"Sebastian-Vero Beach, FL (Metropolitan Statistical Area)",920,        Military,263,265,266,253,240,240,238,238,236,233,240
42700,"Sebring-Avon Park, FL (Metropolitan Statistical Area)",,Employment by place of work,,,,,,,,,,,
42700,"Sebring-Avon Park, FL (Metropolitan Statistical Area)",10,Total employment (number of jobs),27382,28117,28451,28985,30386,30952,31677,32801,34156,35518,32853
42700,"Sebring-Avon Park, FL (Metropolitan Statistical Area)",920,        Military,433,366,323,258,191,190,190,189,186,183,186
43100,"Sheboygan, WI (Metropolitan Statistical Area)",,Employment by place of work,,,,,,,,,,,
43100,"Sheboygan, WI (Metropolitan Statistical Area)",10,Total employment (number of jobs),62116,62581,63543,65899,68711,70153,69931,70790,72156,74285,76014
43100,"Sheboygan, WI (Metropolitan Statistical Area)",920,        Military,525,513,515,504,467,446,411,414,401,400,386
43300,"Sherman-Denison, TX (Metropolitan Statistical Area)",,Employment by place of work,,,,,,,,,,,
43300,"Sherman-Denison, TX (Metropolitan Statistical Area)",10,Total employment (number of jobs),49556,49176,48581,48917,50201,52249,53694,56132,55290,56291,57537
43300,"Sherman-Denison, TX (Metropolitan Statistical Area)",920,        Military,346,340,336,316,300,301,293,289,279,280,285
43340,"Shreveport-Bossier City, LA (Metropolitan Statistical Area)",,Employment by place of work,,,,,,,,,,,
43340,"Shreveport-Bossier City, LA (Metropolitan Statistical Area)",10,Total employment (number of jobs),179458,179349,182259,188128,191696,198717,201411,205253,207956,210083,211708
43340,"Shreveport-Bossier City, LA (Metropolitan Statistical Area)",920,        Military,8128,7983,7855,7985,8059,7906,7851,7653,7422,7373,7209
43420,"Sierra Vista-Douglas, AZ (Metropolitan Statistical Area)",,Employment by place of work,,,,,,,,,,,
43420,"Sierra Vista-Douglas, AZ (Metropolitan Statistical Area)",10,Total employment (number of jobs),40361,39034,40872,42304,44449,44987,46281,47434,47790,48312,50495
43420,"Sierra Vista-Douglas, AZ (Metropolitan Statistical Area)",920,        Military,6478,5763,6039,6005,6612,6645,6236,6352,5847,5609,5913
43580,"Sioux City, IA-NE-SD (Metropolitan Statistical Area)",,Employment by place of work,,,,,,,,,,,
43580,"Sioux City, IA-NE-SD (Metropolitan Statistical Area)",10,Total employment (number of jobs),81161,80106,82066,85320,88757,92652,94291,95102,94340,94810,94186
43580,"Sioux City, IA-NE-SD (Metropolitan Statistical Area)",920,        Military,792,777,772,760,711,710,695,698,690,677,691
43620,"Sioux Falls, SD (Metropolitan Statistical Area)",,Employment by place of work,,,,,,,,,,,
43620,"Sioux Falls, SD (Metropolitan Statistical Area)",10,Total employment (number of jobs),105115,109696,113135,116256,122281,125850,129330,132805,136890,142582,147233
43620,"Sioux Falls, SD (Metropolitan Statistical Area)",920,        Military,1312,1266,1303,1297,1249,1239,1229,1262,1299,1332,1362
43780,"South Bend-Mishawaka, IN-MI (Metropolitan Statistical Area)",,Employment by place of work,,,,,,,,,,,
43780,"South Bend-Mishawaka, IN-MI (Metropolitan Statistical Area)",10,Total employment (number of jobs),153679,153036,155304,158330,163946,168659,169345,172747,175639,175066,177109
43780,"South Bend-Mishawaka, IN-MI (Metropolitan Statistical Area)",920,        Military,1492,1464,1427,1384,1287,1225,1152,1107,1066,1058,1083
43900,"Spartanburg, SC (Metropolitan Statistical Area)",,Employment by place of work,,,,,,,,,,,
43900,"Spartanburg, SC (Metropolitan Statistical Area)",10,Total employment (number of jobs),129388,126259,128557,131893,137055,141714,143819,146229,147172,146993,148302
43900,"Spartanburg, SC (Metropolitan Statistical Area)",920,        Military,1642,1628,1638,1600,1562,1495,1468,1432,1411,1324,1292
44060,"Spokane-Spokane Valley, WA (Metropolitan Statistical Area)",,Employment by place of work,,,,,,,,,,,
44060,"Spokane-Spokane Valley, WA (Metropolitan Statistical Area)",10,Total employment (number of jobs),210111,216279,221675,226076,238917,242093,246800,250811,254209,256620,263728
44060,"Spokane-Spokane Valley, WA (Metropolitan Statistical Area)",920,        Military,6346,6434,6275,6254,6176,6203,5911,5576,5311,5092,4969
44100,"Springfield, IL (Metropolitan Statistical Area)",,Employment by place of work,,,,,,,,,,,
44100,"Springfield, IL (Metropolitan Statistical Area)",10,Total employment (number of jobs),125747,125206,126634,125314,128409,130309,131736,131819,133299,134275,137874
44100,"Springfield, IL (Metropolitan Statistical Area)",920,        Military,696,689,665,626,575,529,512,490,467,453,455
44140,"Springfield, MA (Metropolitan Statistical Area)",,Employment by place of work,,,,,,,,,,,
44140,"Springfield, MA (Metropolitan Statistical Area)",10,Total employment (number of jobs),347021,332245,334543,335707,339478,340279,343624,348420,353947,359754,368019
44140,"Springfield, MA (Metropolitan Statistical Area)",920,        Military,3171,3310,3224,3147,2693,2730,2461,2362,2260,2197,2186
44180,"Springfield, MO (Metropolitan Statistical Area)",,Employment by place of work,,,,,,,,,,,
44180,"Springfield, MO (Metropolitan Statistical Area)",10,Total employment (number of jobs),177682,179784,184602,194731,204646,211443,215750,221150,224809,229377,234283
44180,"Springfield, MO (Metropolitan Statistical Area)",920,        Military,1741,1723,1667,1644,1542,1696,1734,1715,1633,1754,1482
44220,"Springfield, OH (Metropolitan Statistical Area)",,Employment by place of work,,,,,,,,,,,
44220,"Springfield, OH (Metropolitan Statistical Area)",10,Total employment (number of jobs),65336,64309,64709,64554,65631,67425,67183,67932,70742,71410,72418
44220,"Springfield, OH (Metropolitan Statistical Area)",920,        Military,542,536,521,475,437,422,400,393,375,371,379
44300,"State College, PA (Metropolitan Statistical Area)",,Employment by place of work,,,,,,,,,,,
44300,"State College, PA (Metropolitan Statistical Area)",10,Total employment (number of jobs),74221,75902,76642,78826,80708,84000,85877,87914,90593,93184,95959
44300,"State College, PA (Metropolitan Statistical Area)",920,        Military,661,679,673,658,616,574,553,539,541,533,503
44420,"Staunton, VA (Metropolitan Statistical Area) *",,Employment by place of work,,,,,,,,,,,
44420,"Staunton, VA (Metropolitan Statistical Area) *",10,Total employment (number of jobs),54582,53191,52582,53648,54075,54791,56133,58271,59935,60837,61784
44420,"Staunton, VA (Metropolitan Statistical Area) *",920,        Military,526,520,495,491,464,427,419,411,408,407,408
44700,"Stockton, CA (Metropolitan Statistical Area)",,Employment by place of work,,,,,,,,,,,
44700,"Stockton, CA (Metropolitan Statistical Area)",10,Total employment (number of jobs),214261,216618,212460,214476,220269,224933,228643,233118,238983,249510,254521
44700,"Stockton, CA (Metropolitan Statistical Area)",920,        Military,1638,1624,1577,1486,1348,1214,1217,1145,1111,1090,1087
44940,"Sumter, SC (Metropolitan Statistical Area)",,Employment by place of work,,,,,,,,,,,
44940,"Sumter, SC (Metropolitan Statistical Area)",10,Total employment (number of jobs),58796,57361,58068,60504,61224,63353,63925,65254,66005,66359,67459
44940,"Sumter, SC (Metropolitan Statistical Area)",920,        Military,6501,6593,6404,6860,6524,6265,6027,5794,5657,5587,5556
45060,"Syracuse, NY (Metropolitan Statistical Area)",,Employment by place of work,,,,,,,,,,,
45060,"Syracuse, NY (Metropolitan Statistical Area)",10,Total employment (number of jobs),374714,368948,367160,367707,369006,365912,367025,366983,366462,374195,378485
45060,"Syracuse, NY (Metropolitan Statistical Area)",920,        Military,2373,2321,2237,2142,1942,1846,1752,1679,1636,1586,1575
45220,"Tallahassee, FL (Metropolitan Statistical Area)",,Employment by place of work,,,,,,,,,,,
45220,"Tallahassee, FL (Metropolitan Statistical Area)",10,Total employment (number of jobs),156015,158565,161167,166471,172345,179081,181936,188091,191646,195883,201044
45220,"Tallahassee, FL (Metropolitan Statistical Area)",920,        Military,915,921,930,912,873,854,840,831,816,820,840
45300,"Tampa-St. Petersburg-Clearwater, FL (Metropolitan Statistical Area)",,Employment by place of work,,,,,,,,,,,
45300,"Tampa-St. Petersburg-Clearwater, FL (Metropolitan Statistical Area)",10,Total employment (number of jobs),1074649,1060636,1062769,1093939,1137326,1178494,1230493,1275654,1341749,1396874,1447354
45300,"Tampa-St. Petersburg-Clearwater, FL (Metropolitan Statistical Area)",920,        Military,13922,14154,13774,12907,10955,10859,11157,11629,11585,11389,11368
45460,"Terre Haute, IN (Metropolitan Statistical Area)",,Employment by place of work,,,,,,,,,,,
45460,"Terre Haute, IN (Metropolitan Statistical Area)",10,Total employment (number of jobs),87578,88827,90986,93098,94999,96947,96041,94695,94792,95514,96655
45460,"Terre Haute, IN (Metropolitan Statistical Area)",920,        Military,964,945,925,897,827,778,732,705,680,674,687
45500,"Texarkana, TX-AR (Metropolitan Statistical Area)",,Employment by place of work,,,,,,,,,,,
45500,"Texarkana, TX-AR (Metropolitan Statistical Area)",10,Total employment (number of jobs),67025,66542,65220,66853,67344,69282,70753,71877,71041,72551,73713
45500,"Texarkana, TX-AR (Metropolitan Statistical Area)",920,        Military,730,703,686,651,619,607,584,568,542,531,528
45540,"The Villages, FL (Metropolitan Statistical Area)",,Employment by place of work,,,,,,,,,,,
45540,"The Villages, FL (Metropolitan Statistical Area)",10,Total employment (number of jobs),9144,9069,9142,9427,9665,10357,11189,11587,12004,12199,12646
45540,"The Villages, FL (Metropolitan Statistical Area)",920,        Military,92,93,94,90,87,91,99,104,106,108,114
45780,"Toledo, OH (Metropolitan Statistical Area)",,Employment by place of work,,,,,,,,,,,
45780,"Toledo, OH (Metropolitan Statistical Area)",10,Total employment (number of jobs),359713,353137,355344,363287,377917,383433,389937,394322,398139,404460,409267
45780,"Toledo, OH (Metropolitan Statistical Area)",920,        Military,2513,2475,2433,2223,2054,1997,1900,1884,1817,1791,1843
45820,"Topeka, KS (Metropolitan Statistical Area)",,Employment by place of work,,,,,,,,,,,
45820,"Topeka, KS (Metropolitan Statistical Area)",10,Total employment (number of jobs),128053,127916,128684,131257,133525,137625,139732,139357,142312,142676,145358
45820,"Topeka, KS (Metropolitan Statistical Area)",920,        Military,1629,1688,1561,1518,1489,1389,1388,1367,1346,1315,1322
45940,"Trenton-Princeton, NJ (Metropolitan Statistical Area)",,Employment by place of work,,,,,,,,,,,
45940,"Trenton-Princeton, NJ (Metropolitan Statistical Area)",10,Total employment (number of jobs),219736,216604,217454,219615,220293,222501,220840,224588,225414,228946,242173
45940,"Trenton-Princeton, NJ (Metropolitan Statistical Area)",920,        Military,1057,1044,1036,932,915,923,896,884,854,867,804
46060,"Tucson, AZ (Metropolitan Statistical Area)",,Employment by place of work,,,,,,,,,,,
46060,"Tucson, AZ (Metropolitan Statistical Area)",10,Total employment (number of jobs),318925,323434,328018,343969,367152,381587,389883,399857,416075,425172,441662
46060,"Tucson, AZ (Metropolitan Statistical Area)",920,        Military,7840,7619,7213,7320,7755,8119,8012,7916,7696,7439,7646
46140,"Tulsa, OK (Metropolitan Statistical Area)",,Employment by place of work,,,,,,,,,,,
46140,"Tulsa, OK (Metropolitan Statistical Area)",10,Total employment (number of jobs),430763,437718,438214,444889,453942,466011,481882,499806,523100,522394,533529
46140,"Tulsa, OK (Metropolitan Statistical Area)",920,        Military,4682,4620,4676,4497,4228,4225,4125,4156,4166,4211,4294
46220,"Tuscaloosa, AL (Metropolitan Statistical Area)",,Employment by place of work,,,,,,,,,,,
46220,"Tuscaloosa, AL (Metropolitan Statistical Area)",10,Total employment (number of jobs),91479,91363,92219,96113,98006,100331,102706,105915,108113,108935,109643
46220,"Tuscaloosa, AL (Metropolitan Statistical Area)",920,        Military,1745,1731,1752,1649,1513,1507,1421,1392,1323,1292,1285
46300,"Twin Falls, ID (Metropolitan Statistical Area)",,Employment by place of work,,,,,,,,,,,
46300,"Twin Falls, ID (Metropolitan Statistical Area)",10,Total employment (number of jobs),38157,38905,39444,40806,42697,44397,45773,47072,48520,48686,50294
46300,"Twin Falls, ID (Metropolitan Statistical Area)",920,        Military,444,427,430,421,392,377,364,368,354,347,339
46340,"Tyler, TX (Metropolitan Statistical Area)",,Employment by place of work,,,,,,,,,,,
46340,"Tyler, TX (Metropolitan Statistical Area)",10,Total employment (number of jobs),85724,87981,88955,91518,94519,97351,99975,104160,105989,107091,110519
46340,"Tyler, TX (Metropolitan Statistical Area)",920,        Military,563,554,554,526,500,503,484,473,453,445,451
46520,"Urban Honolulu, HI (Metropolitan Statistical Area)",,Employment by place of work,,,,,,,,,,,
46520,"Urban Honolulu, HI (Metropolitan Statistical Area)",10,Total employment (number of jobs),558346,569711,570015,566606,560810,556670,553469,550825,551211,546376,552871
46520,"Urban Honolulu, HI (Metropolitan Statistical Area)",920,        Military,64453,64578,62848,60166,58353,55880,53597,52602,51755,50038,49480
46540,"Utica-Rome, NY (Metropolitan Statistical Area)",,Employment by place of work,,,,,,,,,,,
46540,"Utica-Rome, NY (Metropolitan Statistical Area)",10,Total employment (number of jobs),156491,153350,154175,154382,156706,154290,151768,151824,153524,157955,160777
46540,"Utica-Rome, NY (Metropolitan Statistical Area)",920,        Military,5068,5230,4992,4774,4051,1989,863,790,729,696,677
46660,"Valdosta, GA (Metropolitan Statistical Area)",,Employment by place of work,,,,,,,,,,,
46660,"Valdosta, GA (Metropolitan Statistical Area)",10,Total employment (number of jobs),50334,50477,51055,53803,54857,57874,59607,60998,62374,63144,63736
46660,"Valdosta, GA (Metropolitan Statistical Area)",920,        Military,3475,3618,3585,4301,4362,4218,4160,4393,4209,4270,4044
46700,"Vallejo, CA (Metropolitan Statistical Area)",,Employment by place of work,,,,,,,,,,,
46700,"Vallejo, CA (Metropolitan Statistical Area)",10,Total employment (number of jobs),136860,137031,137870,139183,141061,139996,141128,143144,146801,152966,157624
46700,"Vallejo, CA (Metropolitan Statistical Area)",920,        Military,12445,12007,11407,10361,10206,9696,9433,8733,8150,7895,7771
47020,"Victoria, TX (Metropolitan Statistical Area)",,Employment by place of work,,,,,,,,,,,
47020,"Victoria, TX (Metropolitan Statistical Area)",10,Total employment (number of jobs),41598,43505,43216,44707,45882,46454,47280,48767,49732,49907,51226
47020,"Victoria, TX (Metropolitan Statistical Area)",920,        Military,307,303,302,275,261,260,250,244,235,233,233
47220,"Vineland-Bridgeton, NJ (Metropolitan Statistical Area)",,Employment by place of work,,,,,,,,,,,
47220,"Vineland-Bridgeton, NJ (Metropolitan Statistical Area)",10,Total employment (number of jobs),68415,66700,67268,65632,66357,67555,68018,68540,68962,69065,70953
47220,"Vineland-Bridgeton, NJ (Metropolitan Statistical Area)",920,        Military,417,417,418,378,373,376,365,360,345,347,318
47260,"Virginia Beach-Norfolk-Newport News, VA-NC (Metropolitan Statistical Area) *",,Employment by place of work,,,,,,,,,,,
47260,"Virginia Beach-Norfolk-Newport News, VA-NC (Metropolitan Statistical Area) *",10,Total employment (number of jobs),871907,861548,866056,874111,877644,893421,908774,923287,936593,946312,966195
47260,"Virginia Beach-Norfolk-Newport News, VA-NC (Metropolitan Statistical Area) *",920,        Military,142816,140593,137821,131943,125697,123711,117423,110925,106667,108505,110640
47300,"Visalia, CA (Metropolitan Statistical Area)",,Employment by place of work,,,,,,,,,,,
47300,"Visalia, CA (Metropolitan Statistical Area)",10,Total employment (number of jobs),140864,141436,146844,150060,153457,155994,158687,158454,165685,169627,172135
47300,"Visalia, CA (Metropolitan Statistical Area)",920,        Military,888,894,868,833,795,746,757,720,715,694,687
47380,"Waco, TX (Metropolitan Statistical Area)",,Employment by place of work,,,,,,,,,,,
47380,"Waco, TX (Metropolitan Statistical Area)",10,Total employment (number of jobs),104832,107920,109069,112112,115322,119892,121857,124685,126949,129275,130926
47380,"Waco, TX (Metropolitan Statistical Area)",920,        Military,800,800,791,730,697,697,672,661,633,626,631
47460,"Walla Walla, WA (Metropolitan Statistical Area)",,Employment by place of work,,,,,,,,,,,
47460,"Walla Walla, WA (Metropolitan Statistical Area)",10,Total employment (number of jobs),26281,26205,26961,27721,28830,29230,29580,29994,30029,30136,30960
47460,"Walla Walla, WA (Metropolitan Statistical Area)",920,        Military,254,257,260,254,240,229,222,209,202,203,205
47580,"Warner Robins, GA (Metropolitan Statistical Area)",,Employment by place of work,,,,,,,,,,,
47580,"Warner Robins, GA (Metropolitan Statistical Area)",10,Total employment (number of jobs),59384,57733,59815,61219,63745,64981,66642,66472,66900,69607,71651
47580,"Warner Robins, GA (Metropolitan Statistical Area)",920,        Military,4278,4336,4193,4231,4561,4600,4834,4942,4762,4918,5050
47900,"Washington-Arlington-Alexandria, DC-VA-MD-WV (Metropolitan Statistical Area) *",,Employment by place of work,,,,,,,,,,,
47900,"Washington-Arlington-Alexandria, DC-VA-MD-WV (Metropolitan Statistical Area) *",10,Total employment (number of jobs),2934616,2868521,2855896,2902152,2938404,2989498,3035499,3103078,3176675,3262572,3409145
47900,"Washington-Arlington-Alexandria, DC-VA-MD-WV (Metropolitan Statistical Area) *",920,        Military,98018,98202,96466,94194,91696,89865,85475,82461,79960,78702,80138
47940,"Waterloo-Cedar Falls, IA (Metropolitan Statistical Area)",,Employment by place of work,,,,,,,,,,,
47940,"Waterloo-Cedar Falls, IA (Metropolitan Statistical Area)",10,Total employment (number of jobs),91900,93283,94400,95937,96870,99104,100755,103664,105588,104942,106241
47940,"Waterloo-Cedar Falls, IA (Metropolitan Statistical Area)",920,        Military,932,917,908,893,821,819,800,791,781,768,787
48060,"Watertown-Fort Drum, NY (Metropolitan Statistical Area)",,Employment by place of work,,,,,,,,,,,
48060,"Watertown-Fort Drum, NY (Metropolitan Statistical Area)",10,Total employment (number of jobs),59814,58880,58311,57273,58543,58586,58639,58879,59089,60291,61119
48060,"Watertown-Fort Drum, NY (Metropolitan Statistical Area)",920,        Military,10572,10829,10727,10271,10832,11302,10667,10532,10860,10870,11320
48140,"Wausau-Weston, WI (Metropolitan Statistical Area)",,Employment by place of work,,,,,,,,,,,
48140,"Wausau-Weston, WI (Metropolitan Statistical Area)",10,Total employment (number of jobs),80062,82412,84331,85503,87925,90429,92147,94632,97397,99768,101578
48140,"Wausau-Weston, WI (Metropolitan Statistical Area)",920,        Military,693,676,685,671,618,587,552,558,538,540,521
48260,"Weirton-Steubenville, WV-OH (Metropolitan Statistical Area)",,Employment by place of work,,,,,,,,,,,
48260,"Weirton-Steubenville, WV-OH (Metropolitan Statistical Area)",10,Total employment (number of jobs),62123,60857,60156,59913,60141,60826,60868,59452,61710,60934,60717
48260,"Weirton-Steubenville, WV-OH (Metropolitan Statistical Area)",920,        Military,629,628,640,600,555,541,515,508,489,490,498
48300,"Wenatchee, WA (Metropolitan Statistical Area)",,Employment by place of work,,,,,,,,,,,
48300,"Wenatchee, WA (Metropolitan Statistical Area)",10,Total employment (number of jobs),48257,48854,48476,49733,52796,53327,53993,54720,55168,56072,56928
48300,"Wenatchee, WA (Metropolitan Statistical Area)",920,        Military,407,410,415,410,393,384,376,362,356,368,370
48540,"Wheeling, WV-OH (Metropolitan Statistical Area)",,Employment by place of work,,,,,,,,,,,
48540,"Wheeling, WV-OH (Metropolitan Statistical Area)",10,Total employment (number of jobs),72385,72525,71690,72312,74195,75761,76900,77888,79973,79789,80874
48540,"Wheeling, WV-OH (Metropolitan Statistical Area)",920,        Military,757,758,785,744,689,669,645,639,619,621,635
48620,"Wichita, KS (Metropolitan Statistical Area)",,Employment by place of work,,,,,,,,,,,
48620,"Wichita, KS (Metropolitan Statistical Area)",10,Total employment (number of jobs),315938,321194,323115,324933,328341,335285,344401,356914,367762,365827,365971
48620,"Wichita, KS (Metropolitan Statistical Area)",920,        Military,6669,6794,6240,6301,6574,6126,5625,5439,5359,5341,5382
48660,"Wichita Falls, TX (Metropolitan Statistical Area)",,Employment by place of work,,,,,,,,,,,
48660,"Wichita Falls, TX (Metropolitan Statistical Area)",10,Total employment (number of jobs),81730,79063,78932,82583,84658,87085,88384,89491,89655,88964,90930
48660,"Wichita Falls, TX (Metropolitan Statistical Area)",920,        Military,7156,6156,6038,6541,7398,8163,8680,8138,7850,8568,9413
48700,"Williamsport, PA (Metropolitan Statistical Area)",,Employment by place of work,,,,,,,,,,,
48700,"Williamsport, PA (Metropolitan Statistical Area)",10,Total employment (number of jobs),62293,61029,61727,61763,62543,63196,64164,64890,64892,65414,67284
48700,"Williamsport, PA (Metropolitan Statistical Area)",920,        Military,537,551,554,535,503,465,435,416,405,397,379
48900,"Wilmington, NC (Metropolitan Statistical Area)",,Employment by place of work,,,,,,,,,,,
48900,"Wilmington, NC (Metropolitan Statistical Area)",10,Total employment (number of jobs),85684,86116,88808,91851,96120,101327,106945,113067,116103,119821,121732
48900,"Wilmington, NC (Metropolitan Statistical Area)",920,        Military,705,747,799,812,845,786,792,783,777,756,733
49020,"Winchester, VA-WV (Metropolitan Statistical Area) *",,Employment by place of work,,,,,,,,,,,
49020,"Winchester, VA-WV (Metropolitan Statistical Area) *",10,Total employment (number of jobs),50045,49180,50686,52047,53821,55672,57680,58997,61402,62096,64579
49020,"Winchester, VA-WV (Metropolitan Statistical Area) *",920,        Military,453,458,473,449,429,413,410,409,410,414,423
49180,"Winston-Salem, NC (Metropolitan Statistical Area)",,Employment by place of work,,,,,,,,,,,
49180,"Winston-Salem, NC (Metropolitan Statistical Area)",10,Total employment (number of jobs),288314,283093,286803,294537,300829,308135,314617,320761,326706,330837,336834
49180,"Winston-Salem, NC (Metropolitan Statistical Area)",920,        Military,1853,1836,1908,1890,1941,1752,1748,1707,1680,1638,1559
49340,"Worcester, MA-CT (Metropolitan Statistical Area)",,Employment by place of work,,,,,,,,,,,
49340,"Worcester, MA-CT (Metropolitan Statistical Area)",10,Total employment (number of jobs),400251,382147,391834,401887,411296,415200,420409,429799,437985,442402,454078
49340,"Worcester, MA-CT (Metropolitan Statistical Area)",920,        Military,3649,3775,3689,3632,3158,3126,2893,2761,2661,2625,2625
49420,"Yakima, WA (Metropolitan Statistical Area)",,Employment by place of work,,,,,,,,,,,
49420,"Yakima, WA (Metropolitan Statistical Area)",10,Total employment (number of jobs),101956,101599,102197,103901,108409,109268,111266,112404,112073,112619,112920
49420,"Yakima, WA (Metropolitan Statistical Area)",920,        Military,1089,1094,1100,1049,960,985,1004,950,888,866,870
49620,"York-Hanover, PA (Metropolitan Statistical Area)",,Employment by place of work,,,,,,,,,,,
49620,"York-Hanover, PA (Metropolitan Statistical Area)",10,Total employment (number of jobs),191073,188389,188825,190523,193790,198685,201286,204054,200364,204405,210164
49620,"York-Hanover, PA (Metropolitan Statistical Area)",920,        Military,1671,1689,1676,1644,1584,1523,1523,1643,1670,1684,1636
49660,"Youngstown-Warren-Boardman, OH-PA (Metropolitan Statistical Area)",,Employment by place of work,,,,,,,,,,,
49660,"Youngstown-Warren-Boardman, OH-PA (Metropolitan Statistical Area)",10,Total employment (number of jobs),294927,294326,292356,293654,299990,309477,311996,315429,315929,317483,318418
49660,"Youngstown-Warren-Boardman, OH-PA (Metropolitan Statistical Area)",920,        Military,2356,2343,2305,2128,1967,1883,1779,1734,1671,1648,1653
49700,"Yuba City, CA (Metropolitan Statistical Area)",,Employment by place of work,,,,,,,,,,,
49700,"Yuba City, CA (Metropolitan Statistical Area)",10,Total employment (number of jobs),54925,56571,56076,56416,57920,59036,60320,60517,61798,63347,63301
49700,"Yuba City, CA (Metropolitan Statistical Area)",920,        Military,4011,3867,3699,3676,3708,3571,3506,3435,3359,3387,3386
49740,"Yuma, AZ (Metropolitan Statistical Area) *",,Employment by place of work,,,,,,,,,,,
49740,"Yuma, AZ (Metropolitan Statistical Area) *",10,Total employment (number of jobs),50626,53294,54781,55460,57080,59415,63061,63462,66554,66938,67936
49740,"Yuma, AZ (Metropolitan Statistical Area) *",920,        Military,5129,4913,4734,4344,4267,4438,4446,4409,4237,4210,4290
Legend / Footnotes:,,,,,,,,,,,,,,
1/ The estimates of employment for 1969-74 based on 1967 Standard Industrial Classification (SIC). The estimates for 1975-87 are based on the 1972 SIC. The estimates for 1988-2000 are based on the 1987 SIC.,,,,,,,,,,,,,,
"* Cibola, NM was separated from Valencia in June 1981, but in these estimates, Valencia includes Cibola through the end of 1981.",,,,,,,,,,,,,,
"* La Paz County, AZ was separated from Yuma County on January 1, 1983. The Yuma, AZ MSA contains the area that became La Paz County, AZ through 1982 and excludes it beginning with 1983.",,,,,,,,,,,,,,
"* Estimates for 1979 forward reflect Alaska Census Areas as defined by the Census Bureau; those for prior years reflect Alaska Census Divisions as defined in the 1970 Decennial Census. Estimates from 1988 forward separate Aleutian Islands Census Area into Aleutians East Borough and Aleutians West Census Area. Estimates for 1991 forward separate Denali Borough from Yukon-Koyukuk Census Area and Lake and Peninsula Borough from Dillingham Census Area. Estimates from 1993 forward separate Skagway-Yakutat-Angoon Census Area into Skagway-Hoonah-Angoon Census Area and Yakutat Borough. Wade Hampton Census Area was renamed Kusilvak Census Area on July 1, 2015.",,,,,,,,,,,,,,
"* Virginia combination areas consist of one or two independent cities with 1980 populations of less than 100,000 combined with an adjacent county. The county name appears first, followed by the city name(s). Separate estimates for the jurisdictions making up the combination area are not available. Bedford County, VA includes the independent city of Bedford for all years.",,,,,,,,,,,,,,
"Metropolitan Areas are defined (geographically delineated) by the Office of Management and Budget bulletin no. 18-04 issued September 14, 2018.",,,,,,,,,,,,,,
"Last updated: November 14, 2019-- revised statistics for 1969-2000.",,,,,,,,,,,,,,
