CAEMP25N Total Full-Time and Part-Time Employment by NAICS Industry 1/,,,,,,,,,,,,,,,,,,,,,
(Number of jobs) ,,,,,,,,,,,,,,,,,,,,,
Bureau of Economic Analysis ,,,,,,,,,,,,,,,,,,,,,
Micropolitan Statistical Area,,,,,,,,,,,,,,,,,,,,,
GeoFips,GeoName,LineCode,Description,2001,2002,2003,2004,2005,2006,2007,2008,2009,2010,2011,2012,2013,2014,2015,2016,2017,2018
10100,"Aberdeen, SD (Micropolitan Statistical Area)",,Employment by place of work,,,,,,,,,,,,,,,,,,
10100,"Aberdeen, SD (Micropolitan Statistical Area)",10,Total employment (number of jobs),28127,27529,27569,28146,28618,29179,29625,30118,29982,30169,30462,30901,31272,31674,31652,31686,31350,31491
10100,"Aberdeen, SD (Micropolitan Statistical Area)",2002,      Military,269,270,268,264,247,246,248,250,253,260,258,249,247,240,242,237,234,232
10140,"Aberdeen, WA (Micropolitan Statistical Area)",,Employment by place of work,,,,,,,,,,,,,,,,,,
10140,"Aberdeen, WA (Micropolitan Statistical Area)",10,Total employment (number of jobs),30853,31470,31693,32808,33582,33839,34104,33613,31465,30588,30402,29866,29530,29655,29569,29962,30805,31465
10140,"Aberdeen, WA (Micropolitan Statistical Area)",2002,      Military,286,288,296,284,269,261,257,256,262,264,247,241,233,221,224,224,222,228
10220,"Ada, OK (Micropolitan Statistical Area)",,Employment by place of work,,,,,,,,,,,,,,,,,,
10220,"Ada, OK (Micropolitan Statistical Area)",10,Total employment (number of jobs),22010,22257,22401,22258,23288,24572,24837,25074,24791,24557,24830,25434,25230,25535,25738,25843,26003,26373
10220,"Ada, OK (Micropolitan Statistical Area)",2002,      Military,171,167,168,161,149,149,153,161,158,156,152,147,141,139,137,138,136,133
10300,"Adrian, MI (Micropolitan Statistical Area)",,Employment by place of work,,,,,,,,,,,,,,,,,,
10300,"Adrian, MI (Micropolitan Statistical Area)",10,Total employment (number of jobs),44910,44400,44784,43516,43905,43638,43267,41435,39326,38891,38936,39417,39672,40033,39674,39294,39100,39527
10300,"Adrian, MI (Micropolitan Statistical Area)",2002,      Military,192,195,192,190,180,180,181,179,178,180,177,171,162,159,155,149,148,147
10460,"Alamogordo, NM (Micropolitan Statistical Area)",,Employment by place of work,,,,,,,,,,,,,,,,,,
10460,"Alamogordo, NM (Micropolitan Statistical Area)",10,Total employment (number of jobs),26583,26648,27112,28488,28327,27839,28201,28091,27876,28787,28884,28479,28365,27545,27536,28606,28295,28595
10460,"Alamogordo, NM (Micropolitan Statistical Area)",2002,      Military,4008,4141,4193,4288,3837,3723,3721,3525,3734,4614,4776,4561,4527,4217,3890,4003,4168,4415
10620,"Albemarle, NC (Micropolitan Statistical Area)",,Employment by place of work,,,,,,,,,,,,,,,,,,
10620,"Albemarle, NC (Micropolitan Statistical Area)",10,Total employment (number of jobs),26930,26478,26275,26486,27189,27452,27932,27402,26272,25802,26228,26034,26450,26610,26571,26593,26949,27210
10620,"Albemarle, NC (Micropolitan Statistical Area)",2002,      Military,162,162,162,149,140,147,152,154,152,149,154,151,147,144,142,139,136,132
10660,"Albert Lea, MN (Micropolitan Statistical Area)",,Employment by place of work,,,,,,,,,,,,,,,,,,
10660,"Albert Lea, MN (Micropolitan Statistical Area)",10,Total employment (number of jobs),18199,17895,17592,17450,17360,17543,17536,17288,16714,16616,16876,16604,16561,16476,16416,16597,16837,16927
10660,"Albert Lea, MN (Micropolitan Statistical Area)",2002,      Military,126,126,126,128,141,137,142,122,119,120,117,115,113,109,108,106,106,104
10700,"Albertville, AL (Micropolitan Statistical Area)",,Employment by place of work,,,,,,,,,,,,,,,,,,
10700,"Albertville, AL (Micropolitan Statistical Area)",10,Total employment (number of jobs),47077,47275,48023,49687,50941,51440,51598,51198,48088,47681,48572,48468,48833,48493,49838,50394,50967,51781
10700,"Albertville, AL (Micropolitan Statistical Area)",2002,      Military,482,478,475,542,509,517,507,431,447,449,460,439,433,426,421,415,409,399
10760,"Alexander City, AL (Micropolitan Statistical Area)",,Employment by place of work,,,,,,,,,,,,,,,,,,
10760,"Alexander City, AL (Micropolitan Statistical Area)",10,Total employment (number of jobs),22771,21866,21258,21706,22525,22170,21824,21559,20322,19561,19467,19956,19870,20197,20798,21485,21363,21144
10760,"Alexander City, AL (Micropolitan Statistical Area)",2002,      Military,309,300,294,332,307,307,298,250,257,255,256,242,239,233,228,223,218,211
10820,"Alexandria, MN (Micropolitan Statistical Area)",,Employment by place of work,,,,,,,,,,,,,,,,,,
10820,"Alexandria, MN (Micropolitan Statistical Area)",10,Total employment (number of jobs),22783,23401,24064,24782,24989,25220,25435,25543,25077,24852,25136,25448,25954,26143,26524,26458,26812,27175
10820,"Alexandria, MN (Micropolitan Statistical Area)",2002,      Military,129,132,134,139,157,154,162,141,136,138,137,136,132,130,131,130,131,130
10860,"Alice, TX (Micropolitan Statistical Area)",,Employment by place of work,,,,,,,,,,,,,,,,,,
10860,"Alice, TX (Micropolitan Statistical Area)",10,Total employment (number of jobs),24662,24458,25453,26106,26511,27447,28753,29222,28127,28711,31575,33873,33573,33820,32006,28597,28291,29677
10860,"Alice, TX (Micropolitan Statistical Area)",2002,      Military,170,168,166,169,157,150,150,154,151,143,141,144,135,129,124,103,102,100
10940,"Alma, MI (Micropolitan Statistical Area)",,Employment by place of work,,,,,,,,,,,,,,,,,,
10940,"Alma, MI (Micropolitan Statistical Area)",10,Total employment (number of jobs),19175,19161,19315,19909,20042,19431,19134,18679,18033,17886,18318,18344,17880,18074,18113,17715,17421,17588
10940,"Alma, MI (Micropolitan Statistical Area)",2002,      Military,76,76,75,74,70,70,70,69,69,70,69,67,63,61,60,57,56,56
10980,"Alpena, MI (Micropolitan Statistical Area)",,Employment by place of work,,,,,,,,,,,,,,,,,,
10980,"Alpena, MI (Micropolitan Statistical Area)",10,Total employment (number of jobs),17283,17068,16908,16900,16720,16528,16355,16420,15756,15620,15792,15803,15335,15443,15700,15760,15757,15763
10980,"Alpena, MI (Micropolitan Statistical Area)",2002,      Military,64,64,63,65,61,59,58,66,60,59,57,56,52,51,50,47,45,45
11060,"Altus, OK (Micropolitan Statistical Area)",,Employment by place of work,,,,,,,,,,,,,,,,,,
11060,"Altus, OK (Micropolitan Statistical Area)",10,Total employment (number of jobs),15974,16119,16172,16069,15793,15932,15815,15263,14751,14719,14596,14354,14335,14284,14227,14424,14410,14535
11060,"Altus, OK (Micropolitan Statistical Area)",2002,      Military,1929,1919,2011,1981,1808,1740,1674,1497,1476,1469,1432,1435,1441,1391,1320,1354,1384,1410
11140,"Americus, GA (Micropolitan Statistical Area)",,Employment by place of work,,,,,,,,,,,,,,,,,,
11140,"Americus, GA (Micropolitan Statistical Area)",10,Total employment (number of jobs),18591,17827,17927,17955,18002,18417,18022,17872,16682,16519,16741,16793,16713,16956,16859,16703,16640,16713
11140,"Americus, GA (Micropolitan Statistical Area)",2002,      Military,122,125,126,116,113,114,114,116,115,116,108,103,102,99,97,93,90,89
11220,"Amsterdam, NY (Micropolitan Statistical Area)",,Employment by place of work,,,,,,,,,,,,,,,,,,
11220,"Amsterdam, NY (Micropolitan Statistical Area)",10,Total employment (number of jobs),24309,24841,25002,25007,25745,26086,26053,25762,25091,24883,24685,24622,24686,24645,24683,24661,25403,25492
11220,"Amsterdam, NY (Micropolitan Statistical Area)",2002,      Military,93,92,90,86,81,80,80,83,83,81,82,81,80,79,78,77,76,76
11380,"Andrews, TX (Micropolitan Statistical Area)",,Employment by place of work,,,,,,,,,,,,,,,,,,
11380,"Andrews, TX (Micropolitan Statistical Area)",10,Total employment (number of jobs),5947,5930,6141,6102,6289,6733,7042,7481,7222,7668,8278,9075,9849,10447,10359,9732,9997,10578
11380,"Andrews, TX (Micropolitan Statistical Area)",2002,      Military,33,33,33,32,30,30,31,34,35,34,35,35,35,36,36,35,35,35
11420,"Angola, IN (Micropolitan Statistical Area)",,Employment by place of work,,,,,,,,,,,,,,,,,,
11420,"Angola, IN (Micropolitan Statistical Area)",10,Total employment (number of jobs),21106,20177,19806,20297,20205,19816,19907,19163,18377,18640,19124,19658,20142,20640,20805,20644,20793,21229
11420,"Angola, IN (Micropolitan Statistical Area)",2002,      Military,114,110,113,107,105,104,105,111,113,112,112,108,107,106,105,101,100,99
11580,"Arcadia, FL (Micropolitan Statistical Area)",,Employment by place of work,,,,,,,,,,,,,,,,,,
11580,"Arcadia, FL (Micropolitan Statistical Area)",10,Total employment (number of jobs),13153,12293,12414,12497,13256,14002,14331,13775,13323,12928,12687,12093,12522,12940,13115,13314,13682,13886
11580,"Arcadia, FL (Micropolitan Statistical Area)",2002,      Military,63,65,65,59,57,61,61,60,62,63,61,60,60,59,58,58,60,59
11620,"Ardmore, OK (Micropolitan Statistical Area)",,Employment by place of work,,,,,,,,,,,,,,,,,,
11620,"Ardmore, OK (Micropolitan Statistical Area)",10,Total employment (number of jobs),31728,31632,32535,33011,34073,35437,36546,37804,36220,36635,37225,38390,39593,40288,41169,42082,41345,41368
11620,"Ardmore, OK (Micropolitan Statistical Area)",2002,      Military,270,266,267,256,237,237,241,254,249,242,239,228,222,219,215,215,214,210
11660,"Arkadelphia, AR (Micropolitan Statistical Area)",,Employment by place of work,,,,,,,,,,,,,,,,,,
11660,"Arkadelphia, AR (Micropolitan Statistical Area)",10,Total employment (number of jobs),13707,13405,13461,13391,13184,13267,13509,13439,13009,12838,12594,12658,12731,12581,12571,12423,12556,12856
11660,"Arkadelphia, AR (Micropolitan Statistical Area)",2002,      Military,114,111,111,106,122,121,116,101,100,91,89,89,91,89,87,83,80,77
11740,"Ashland, OH (Micropolitan Statistical Area)",,Employment by place of work,,,,,,,,,,,,,,,,,,
11740,"Ashland, OH (Micropolitan Statistical Area)",10,Total employment (number of jobs),26289,25759,25411,25450,25482,25864,26555,25932,24667,24506,24818,25107,25204,25705,26153,26309,26330,26861
11740,"Ashland, OH (Micropolitan Statistical Area)",2002,      Military,137,141,141,138,130,130,128,132,134,132,132,132,132,130,130,130,130,129
11780,"Ashtabula, OH (Micropolitan Statistical Area)",,Employment by place of work,,,,,,,,,,,,,,,,,,
11780,"Ashtabula, OH (Micropolitan Statistical Area)",10,Total employment (number of jobs),45687,45484,45251,45840,45922,45160,45149,44424,41871,41895,42764,42764,42995,42531,42602,42427,42590,43562
11780,"Ashtabula, OH (Micropolitan Statistical Area)",2002,      Military,284,292,293,291,273,271,264,273,275,275,274,274,268,260,260,260,257,246
11820,"Astoria, OR (Micropolitan Statistical Area)",,Employment by place of work,,,,,,,,,,,,,,,,,,
11820,"Astoria, OR (Micropolitan Statistical Area)",10,Total employment (number of jobs),20771,20638,20993,21617,22159,22639,23518,23784,22918,22704,22645,22736,22814,23002,23809,24648,25051,25652
11820,"Astoria, OR (Micropolitan Statistical Area)",2002,      Military,459,477,492,496,483,500,491,490,482,521,531,552,527,491,512,507,513,527
11860,"Atchison, KS (Micropolitan Statistical Area)",,Employment by place of work,,,,,,,,,,,,,,,,,,
11860,"Atchison, KS (Micropolitan Statistical Area)",10,Total employment (number of jobs),9112,9009,8947,9105,9094,9208,9350,9303,8555,8249,8311,8469,8403,8448,8329,7951,8007,8150
11860,"Atchison, KS (Micropolitan Statistical Area)",2002,      Military,75,76,76,73,75,78,74,68,67,67,68,66,65,63,61,59,58,55
11900,"Athens, OH (Micropolitan Statistical Area)",,Employment by place of work,,,,,,,,,,,,,,,,,,
11900,"Athens, OH (Micropolitan Statistical Area)",10,Total employment (number of jobs),27521,27605,27797,28207,28433,28478,28998,28689,28328,28738,29199,29930,29976,30773,31377,31676,32200,31231
11900,"Athens, OH (Micropolitan Statistical Area)",2002,      Military,161,166,167,164,153,154,152,157,157,155,156,155,156,154,155,156,155,154
11940,"Athens, TN (Micropolitan Statistical Area)",,Employment by place of work,,,,,,,,,,,,,,,,,,
11940,"Athens, TN (Micropolitan Statistical Area)",10,Total employment (number of jobs),23495,23567,23957,24333,25123,25927,25861,24524,22826,22415,22725,23834,23644,23931,24465,24831,24839,25265
11940,"Athens, TN (Micropolitan Statistical Area)",2002,      Military,189,189,187,175,169,171,174,179,177,174,175,170,167,164,160,157,152,148
11980,"Athens, TX (Micropolitan Statistical Area)",,Employment by place of work,,,,,,,,,,,,,,,,,,
11980,"Athens, TX (Micropolitan Statistical Area)",10,Total employment (number of jobs),26232,27344,27796,28336,28816,29147,30133,30141,29939,29899,30138,29648,30215,30747,30815,30764,31088,31698
11980,"Athens, TX (Micropolitan Statistical Area)",2002,      Military,185,188,190,191,177,177,177,184,185,180,176,170,164,161,158,158,159,159
12120,"Atmore, AL (Micropolitan Statistical Area)",,Employment by place of work,,,,,,,,,,,,,,,,,,
12120,"Atmore, AL (Micropolitan Statistical Area)",10,Total employment (number of jobs),18089,16938,16597,16650,16968,17157,17261,17150,16812,16806,17174,17076,17262,17612,17940,17914,18013,18034
12120,"Atmore, AL (Micropolitan Statistical Area)",2002,      Military,210,205,200,226,208,207,200,168,172,171,173,164,161,158,155,151,148,143
12140,"Auburn, IN (Micropolitan Statistical Area)",,Employment by place of work,,,,,,,,,,,,,,,,,,
12140,"Auburn, IN (Micropolitan Statistical Area)",10,Total employment (number of jobs),27028,27183,27554,27786,27479,26923,26489,25664,23980,24002,24360,25091,26047,26600,27189,27665,28003,28219
12140,"Auburn, IN (Micropolitan Statistical Area)",2002,      Military,140,136,140,133,130,130,132,139,142,141,142,136,135,133,133,129,128,127
12180,"Auburn, NY (Micropolitan Statistical Area)",,Employment by place of work,,,,,,,,,,,,,,,,,,
12180,"Auburn, NY (Micropolitan Statistical Area)",10,Total employment (number of jobs),33766,34227,34445,35217,34310,34537,35214,35075,34267,34471,34889,34930,34932,35198,35003,34780,34149,34347
12180,"Auburn, NY (Micropolitan Statistical Area)",2002,      Military,150,149,144,137,128,126,124,129,128,125,127,125,123,121,120,117,116,115
12300,"Augusta-Waterville, ME (Micropolitan Statistical Area)",,Employment by place of work,,,,,,,,,,,,,,,,,,
12300,"Augusta-Waterville, ME (Micropolitan Statistical Area)",10,Total employment (number of jobs),74709,75149,74879,75504,75740,77534,78468,78287,76442,75346,75500,75082,76193,76400,76445,77358,77953,78724
12300,"Augusta-Waterville, ME (Micropolitan Statistical Area)",2002,      Military,558,543,521,489,451,443,430,463,403,389,417,423,424,425,437,420,406,397
12380,"Austin, MN (Micropolitan Statistical Area)",,Employment by place of work,,,,,,,,,,,,,,,,,,
12380,"Austin, MN (Micropolitan Statistical Area)",10,Total employment (number of jobs),21515,21290,21325,21436,21759,21814,22083,21979,21814,21675,21723,21724,21731,21743,21779,21796,21797,21646
12380,"Austin, MN (Micropolitan Statistical Area)",2002,      Military,150,151,151,156,172,168,174,151,147,149,149,147,143,140,140,138,139,137
12460,"Bainbridge, GA (Micropolitan Statistical Area)",,Employment by place of work,,,,,,,,,,,,,,,,,,
12460,"Bainbridge, GA (Micropolitan Statistical Area)",10,Total employment (number of jobs),14001,13622,13779,13697,14447,13893,13890,13821,13272,12588,12520,12471,12371,12320,12235,12084,12163,11901
12460,"Bainbridge, GA (Micropolitan Statistical Area)",2002,      Military,93,95,95,88,85,87,86,87,87,87,82,78,77,74,73,71,70,69
12660,"Baraboo, WI (Micropolitan Statistical Area)",,Employment by place of work,,,,,,,,,,,,,,,,,,
12660,"Baraboo, WI (Micropolitan Statistical Area)",10,Total employment (number of jobs),45390,45526,45955,47080,47777,48599,48909,48818,47337,47153,47627,47638,47925,47920,48223,47698,48024,48724
12660,"Baraboo, WI (Micropolitan Statistical Area)",2002,      Military,197,195,195,190,180,185,177,182,180,176,178,177,175,173,172,167,167,166
12680,"Bardstown, KY (Micropolitan Statistical Area)",,Employment by place of work,,,,,,,,,,,,,,,,,,
12680,"Bardstown, KY (Micropolitan Statistical Area)",10,Total employment (number of jobs),18790,19071,19491,20037,20408,20740,20864,20924,19904,19946,20063,20585,20733,21239,21440,21885,22137,22565
12680,"Bardstown, KY (Micropolitan Statistical Area)",2002,      Military,124,127,128,124,126,130,134,137,137,144,145,146,145,143,141,139,134,136
12740,"Barre, VT (Micropolitan Statistical Area)",,Employment by place of work,,,,,,,,,,,,,,,,,,
12740,"Barre, VT (Micropolitan Statistical Area)",10,Total employment (number of jobs),43806,44141,44263,44936,45322,45777,45917,46227,45424,45283,45296,45857,46188,46062,46852,46838,47429,47918
12740,"Barre, VT (Micropolitan Statistical Area)",2002,      Military,459,456,461,449,421,413,411,431,438,449,442,440,435,431,442,427,416,394
12780,"Bartlesville, OK (Micropolitan Statistical Area)",,Employment by place of work,,,,,,,,,,,,,,,,,,
12780,"Bartlesville, OK (Micropolitan Statistical Area)",10,Total employment (number of jobs),25271,24892,25629,25443,26584,27385,28493,29120,28794,28653,28460,29275,29582,29529,29393,28437,27557,27525
12780,"Bartlesville, OK (Micropolitan Statistical Area)",2002,      Military,245,240,239,227,209,210,215,228,222,217,213,204,197,194,192,192,190,186
12860,"Batavia, NY (Micropolitan Statistical Area)",,Employment by place of work,,,,,,,,,,,,,,,,,,
12860,"Batavia, NY (Micropolitan Statistical Area)",10,Total employment (number of jobs),29270,29277,29499,29509,29358,29350,29919,30232,29782,29482,29397,29110,29346,30104,30131,29790,29724,30086
12860,"Batavia, NY (Micropolitan Statistical Area)",2002,      Military,115,114,111,106,99,97,96,100,99,97,98,96,94,93,92,90,89,88
12900,"Batesville, AR (Micropolitan Statistical Area)",,Employment by place of work,,,,,,,,,,,,,,,,,,
12900,"Batesville, AR (Micropolitan Statistical Area)",10,Total employment (number of jobs),28451,27906,27968,28289,28792,28860,28789,28008,27638,27907,27289,26358,26430,26433,26830,27318,27417,27675
12900,"Batesville, AR (Micropolitan Statistical Area)",2002,      Military,273,268,271,261,303,302,293,255,257,238,233,234,241,236,232,224,217,209
13060,"Bay City, TX (Micropolitan Statistical Area)",,Employment by place of work,,,,,,,,,,,,,,,,,,
13060,"Bay City, TX (Micropolitan Statistical Area)",10,Total employment (number of jobs),17041,16172,15686,15513,15431,15315,15939,16314,16564,16632,16374,16089,16414,16631,16835,16172,16663,16917
13060,"Bay City, TX (Micropolitan Statistical Area)",2002,      Military,95,95,94,92,85,84,84,87,87,84,82,79,76,74,73,73,73,71
13100,"Beatrice, NE (Micropolitan Statistical Area)",,Employment by place of work,,,,,,,,,,,,,,,,,,
13100,"Beatrice, NE (Micropolitan Statistical Area)",10,Total employment (number of jobs),14405,14331,14123,14195,14161,14348,14327,13790,13390,13482,13234,13298,13264,13341,13543,13632,13482,13494
13100,"Beatrice, NE (Micropolitan Statistical Area)",2002,      Military,91,92,96,98,89,91,90,96,95,90,88,85,80,78,77,74,74,72
13180,"Beaver Dam, WI (Micropolitan Statistical Area)",,Employment by place of work,,,,,,,,,,,,,,,,,,
13180,"Beaver Dam, WI (Micropolitan Statistical Area)",10,Total employment (number of jobs),45092,43967,44279,44938,45272,45438,46615,46563,44200,43941,44934,45288,45485,46167,46194,46167,46528,47044
13180,"Beaver Dam, WI (Micropolitan Statistical Area)",2002,      Military,290,285,281,273,254,259,244,250,244,237,238,236,230,226,224,215,213,212
13260,"Bedford, IN (Micropolitan Statistical Area)",,Employment by place of work,,,,,,,,,,,,,,,,,,
13260,"Bedford, IN (Micropolitan Statistical Area)",10,Total employment (number of jobs),21311,20821,20395,20253,20271,20603,20304,19468,18192,18071,18451,18477,18748,18729,18812,18830,19416,19835
13260,"Bedford, IN (Micropolitan Statistical Area)",2002,      Military,158,154,157,149,145,144,146,153,156,154,155,149,146,143,142,138,136,134
13300,"Beeville, TX (Micropolitan Statistical Area)",,Employment by place of work,,,,,,,,,,,,,,,,,,
13300,"Beeville, TX (Micropolitan Statistical Area)",10,Total employment (number of jobs),11917,11626,11672,11477,11568,11886,12111,12127,12024,12617,13114,13171,13799,13445,13270,13044,13072,13150
13300,"Beeville, TX (Micropolitan Statistical Area)",2002,      Military,63,62,62,60,55,55,55,58,58,56,56,54,53,52,50,61,113,122
13340,"Bellefontaine, OH (Micropolitan Statistical Area)",,Employment by place of work,,,,,,,,,,,,,,,,,,
13340,"Bellefontaine, OH (Micropolitan Statistical Area)",10,Total employment (number of jobs),27164,26560,26524,26772,26958,26744,27056,26857,24611,24031,24257,24853,25565,26207,26210,26428,26320,26463
13340,"Bellefontaine, OH (Micropolitan Statistical Area)",2002,      Military,125,131,134,131,124,121,119,121,121,118,118,118,117,117,117,118,117,115
13420,"Bemidji, MN (Micropolitan Statistical Area)",,Employment by place of work,,,,,,,,,,,,,,,,,,
13420,"Bemidji, MN (Micropolitan Statistical Area)",10,Total employment (number of jobs),23663,24068,23630,23965,24271,24515,25105,24788,24419,24222,24200,24644,25035,25632,25594,25866,25898,26529
13420,"Bemidji, MN (Micropolitan Statistical Area)",2002,      Military,153,156,159,164,186,182,191,167,162,165,167,165,161,157,157,156,157,156
13500,"Bennettsville, SC (Micropolitan Statistical Area)",,Employment by place of work,,,,,,,,,,,,,,,,,,
13500,"Bennettsville, SC (Micropolitan Statistical Area)",10,Total employment (number of jobs),9896,9745,9742,9801,10009,10148,9660,9531,9131,8818,9082,9336,9457,9308,9151,9069,9055,9279
13500,"Bennettsville, SC (Micropolitan Statistical Area)",2002,      Military,134,133,129,122,116,112,110,114,114,114,110,105,104,101,98,94,92,88
13540,"Bennington, VT (Micropolitan Statistical Area)",,Employment by place of work,,,,,,,,,,,,,,,,,,
13540,"Bennington, VT (Micropolitan Statistical Area)",10,Total employment (number of jobs),25515,25336,24913,25012,25282,25889,25979,25865,24645,24373,24297,24724,24618,24702,24843,24781,25192,25657
13540,"Bennington, VT (Micropolitan Statistical Area)",2002,      Military,263,260,262,253,235,232,233,239,241,250,248,251,250,245,251,241,230,214
13620,"Berlin, NH (Micropolitan Statistical Area)",,Employment by place of work,,,,,,,,,,,,,,,,,,
13620,"Berlin, NH (Micropolitan Statistical Area)",10,Total employment (number of jobs),18668,18603,18860,19111,19066,19021,19208,18788,18198,17955,17588,17359,17402,16915,16782,16826,16915,17034
13620,"Berlin, NH (Micropolitan Statistical Area)",2002,      Military,106,105,108,107,99,95,96,103,109,111,106,103,104,101,98,97,98,95
13660,"Big Rapids, MI (Micropolitan Statistical Area)",,Employment by place of work,,,,,,,,,,,,,,,,,,
13660,"Big Rapids, MI (Micropolitan Statistical Area)",10,Total employment (number of jobs),16651,16681,17406,17559,17680,17769,17878,17625,17259,18013,18221,17867,17714,18029,18351,18574,18381,18421
13660,"Big Rapids, MI (Micropolitan Statistical Area)",2002,      Military,78,79,77,78,74,75,75,74,75,76,75,74,70,69,66,65,64,65
13700,"Big Spring, TX (Micropolitan Statistical Area)",,Employment by place of work,,,,,,,,,,,,,,,,,,
13700,"Big Spring, TX (Micropolitan Statistical Area)",10,Total employment (number of jobs),16312,16216,15867,15480,15275,15725,16402,16790,16102,15826,15885,16404,16867,17144,17148,16907,17185,17822
13700,"Big Spring, TX (Micropolitan Statistical Area)",2002,      Military,72,72,71,69,64,63,64,68,69,67,65,64,64,62,62,61,60,60
13720,"Big Stone Gap, VA (Micropolitan Statistical Area) *",,Employment by place of work,,,,,,,,,,,,,,,,,,
13720,"Big Stone Gap, VA (Micropolitan Statistical Area) *",10,Total employment (number of jobs),22034,22193,22474,22660,22777,22711,22930,22922,23244,23933,24192,22342,21014,20223,19858,18879,18994,18931
13720,"Big Stone Gap, VA (Micropolitan Statistical Area) *",2002,      Military,162,163,161,153,146,142,140,146,144,143,133,131,134,130,128,124,124,124
13940,"Blackfoot, ID (Micropolitan Statistical Area)",,Employment by place of work,,,,,,,,,,,,,,,,,,
13940,"Blackfoot, ID (Micropolitan Statistical Area)",10,Total employment (number of jobs),19910,20131,20097,20173,20357,21300,22161,22180,21835,21672,21620,21730,21582,21695,21677,21784,22373,22591
13940,"Blackfoot, ID (Micropolitan Statistical Area)",2002,      Military,170,171,174,171,162,171,173,177,177,176,175,173,169,164,158,150,146,146
14140,"Bluefield, WV-VA (Micropolitan Statistical Area) *",,Employment by place of work,,,,,,,,,,,,,,,,,,
14140,"Bluefield, WV-VA (Micropolitan Statistical Area) *",10,Total employment (number of jobs),52414,52743,51918,51905,52542,53508,54783,54614,53490,52794,52735,52086,51326,50544,49943,48705,48531,48430
14140,"Bluefield, WV-VA (Micropolitan Statistical Area) *",2002,      Military,519,518,514,505,484,469,472,494,493,484,465,462,458,449,440,432,423,420
14180,"Blytheville, AR (Micropolitan Statistical Area)",,Employment by place of work,,,,,,,,,,,,,,,,,,
14180,"Blytheville, AR (Micropolitan Statistical Area)",10,Total employment (number of jobs),25609,24535,22958,22761,23043,23916,24228,24677,22871,23280,24091,23921,23480,23614,22783,23047,23032,22853
14180,"Blytheville, AR (Micropolitan Statistical Area)",2002,      Military,272,262,255,239,274,269,258,225,227,206,199,199,200,195,190,178,167,157
14220,"Bogalusa, LA (Micropolitan Statistical Area)",,Employment by place of work,,,,,,,,,,,,,,,,,,
14220,"Bogalusa, LA (Micropolitan Statistical Area)",10,Total employment (number of jobs),16886,16730,16354,16066,15826,16512,17048,17084,16776,16521,16030,16324,16613,16940,16937,17393,17572,17675
14220,"Bogalusa, LA (Micropolitan Statistical Area)",2002,      Military,225,222,219,208,199,194,195,199,195,226,220,213,215,211,200,196,193,170
14300,"Bonham, TX (Micropolitan Statistical Area)",,Employment by place of work,,,,,,,,,,,,,,,,,,
14300,"Bonham, TX (Micropolitan Statistical Area)",10,Total employment (number of jobs),12946,12790,12618,12905,13176,12838,12983,13187,13057,12986,13069,13134,13315,13494,13806,14160,14530,15057
14300,"Bonham, TX (Micropolitan Statistical Area)",2002,      Military,71,72,73,73,68,69,70,73,74,71,70,67,64,62,61,61,63,63
14380,"Boone, NC (Micropolitan Statistical Area)",,Employment by place of work,,,,,,,,,,,,,,,,,,
14380,"Boone, NC (Micropolitan Statistical Area)",10,Total employment (number of jobs),28681,28923,28781,29263,30035,31317,32531,32485,31558,31118,31270,31496,31664,32376,33081,33533,34195,34920
14380,"Boone, NC (Micropolitan Statistical Area)",2002,      Military,115,117,119,111,105,113,117,120,118,117,126,123,121,120,120,119,119,116
14420,"Borger, TX (Micropolitan Statistical Area)",,Employment by place of work,,,,,,,,,,,,,,,,,,
14420,"Borger, TX (Micropolitan Statistical Area)",10,Total employment (number of jobs),11044,10428,10258,9957,10388,11067,10858,11370,11462,11293,11236,11476,11286,11319,11462,11357,10926,10738
14420,"Borger, TX (Micropolitan Statistical Area)",2002,      Military,59,58,57,55,50,50,50,52,53,51,49,48,46,44,43,42,42,41
14580,"Bozeman, MT (Micropolitan Statistical Area)",,Employment by place of work,,,,,,,,,,,,,,,,,,
14580,"Bozeman, MT (Micropolitan Statistical Area)",10,Total employment (number of jobs),52737,53528,55487,59028,62607,66180,68838,68980,65716,65353,66996,68562,72001,75086,78591,82137,85867,88812
14580,"Bozeman, MT (Micropolitan Statistical Area)",2002,      Military,383,394,403,404,406,425,437,451,449,447,465,469,468,475,476,473,481,484
14620,"Bradford, PA (Micropolitan Statistical Area)",,Employment by place of work,,,,,,,,,,,,,,,,,,
14620,"Bradford, PA (Micropolitan Statistical Area)",10,Total employment (number of jobs),23114,22636,22406,22267,22455,22732,22828,22793,21350,21290,21738,22125,21459,21276,21123,20789,20657,20822
14620,"Bradford, PA (Micropolitan Statistical Area)",2002,      Military,144,142,141,131,124,125,117,113,110,109,105,107,106,104,103,101,99,97
14660,"Brainerd, MN (Micropolitan Statistical Area)",,Employment by place of work,,,,,,,,,,,,,,,,,,
14660,"Brainerd, MN (Micropolitan Statistical Area)",10,Total employment (number of jobs),50964,51896,52362,54073,55314,56046,56350,55244,53732,53756,53823,53700,54487,55736,55929,56537,57434,58022
14660,"Brainerd, MN (Micropolitan Statistical Area)",2002,      Military,327,336,339,353,397,391,411,357,345,351,355,389,380,368,354,351,352,348
14700,"Branson, MO (Micropolitan Statistical Area)",,Employment by place of work,,,,,,,,,,,,,,,,,,
14700,"Branson, MO (Micropolitan Statistical Area)",10,Total employment (number of jobs),31193,31557,32043,32550,33582,35602,37631,37679,35443,35529,36194,35546,36385,36538,36817,37652,39017,39460
14700,"Branson, MO (Micropolitan Statistical Area)",2002,      Military,160,161,165,172,160,170,192,199,207,181,180,181,182,181,177,180,180,180
14720,"Breckenridge, CO (Micropolitan Statistical Area)",,Employment by place of work,,,,,,,,,,,,,,,,,,
14720,"Breckenridge, CO (Micropolitan Statistical Area)",10,Total employment (number of jobs),25094,24744,24136,24105,24565,25625,26439,26528,25173,24786,25164,25374,26194,27451,28657,29054,29656,30239
14720,"Breckenridge, CO (Micropolitan Statistical Area)",2002,      Military,68,69,71,67,61,63,67,69,72,77,76,75,76,75,77,78,79,75
14780,"Brenham, TX (Micropolitan Statistical Area)",,Employment by place of work,,,,,,,,,,,,,,,,,,
14780,"Brenham, TX (Micropolitan Statistical Area)",10,Total employment (number of jobs),20109,20190,20153,20145,20958,21031,21545,21780,22212,22411,22786,23390,24057,24323,24261,23922,24149,24444
14780,"Brenham, TX (Micropolitan Statistical Area)",2002,      Military,73,74,74,74,69,70,71,75,76,74,72,70,68,66,66,65,65,65
14820,"Brevard, NC (Micropolitan Statistical Area)",,Employment by place of work,,,,,,,,,,,,,,,,,,
14820,"Brevard, NC (Micropolitan Statistical Area)",10,Total employment (number of jobs),14552,14088,13353,13391,14112,14541,15409,15197,14697,14070,13774,13796,13851,14170,14319,14831,15032,15240
14820,"Brevard, NC (Micropolitan Statistical Area)",2002,      Military,81,82,83,77,73,78,80,82,80,80,83,82,80,78,78,76,75,73
15020,"Brookhaven, MS (Micropolitan Statistical Area)",,Employment by place of work,,,,,,,,,,,,,,,,,,
15020,"Brookhaven, MS (Micropolitan Statistical Area)",10,Total employment (number of jobs),16567,16166,16458,16365,16797,17047,16928,16672,16141,16047,16165,16267,16592,16786,17426,17818,18093,18333
15020,"Brookhaven, MS (Micropolitan Statistical Area)",2002,      Military,213,219,221,208,202,208,208,212,213,213,213,214,206,203,201,201,195,194
15060,"Brookings, OR (Micropolitan Statistical Area)",,Employment by place of work,,,,,,,,,,,,,,,,,,
15060,"Brookings, OR (Micropolitan Statistical Area)",10,Total employment (number of jobs),10073,10158,10430,10881,11128,11105,11067,10776,10274,10013,9815,9878,9931,9927,10143,10363,10426,10551
15060,"Brookings, OR (Micropolitan Statistical Area)",2002,      Military,107,116,117,112,110,107,105,104,103,103,104,106,103,100,103,100,101,98
15100,"Brookings, SD (Micropolitan Statistical Area)",,Employment by place of work,,,,,,,,,,,,,,,,,,
15100,"Brookings, SD (Micropolitan Statistical Area)",10,Total employment (number of jobs),20120,19152,19442,20359,20848,21820,22582,23032,22891,22722,23150,23216,23485,24083,24403,24924,24958,25282
15100,"Brookings, SD (Micropolitan Statistical Area)",2002,      Military,190,192,189,188,179,182,184,187,191,196,194,185,183,181,185,183,181,184
15140,"Brownsville, TN (Micropolitan Statistical Area)",,Employment by place of work,,,,,,,,,,,,,,,,,,
15140,"Brownsville, TN (Micropolitan Statistical Area)",10,Total employment (number of jobs),8097,8100,7924,8085,8151,8471,8393,8250,7759,7596,7722,7749,7777,7544,7588,7803,7864,7826
15140,"Brownsville, TN (Micropolitan Statistical Area)",2002,      Military,76,74,73,68,65,64,65,65,64,63,63,60,58,57,55,54,51,49
15220,"Brownwood, TX (Micropolitan Statistical Area)",,Employment by place of work,,,,,,,,,,,,,,,,,,
15220,"Brownwood, TX (Micropolitan Statistical Area)",10,Total employment (number of jobs),21090,20754,20698,20709,21576,22048,22300,22535,22309,21743,21842,22022,22282,22565,22781,22977,23133,23148
15220,"Brownwood, TX (Micropolitan Statistical Area)",2002,      Military,91,92,91,90,84,84,83,87,87,84,82,79,76,73,72,72,72,71
15340,"Bucyrus-Galion, OH (Micropolitan Statistical Area)",,Employment by place of work,,,,,,,,,,,,,,,,,,
15340,"Bucyrus-Galion, OH (Micropolitan Statistical Area)",10,Total employment (number of jobs),22151,21289,20915,20751,20692,20565,20153,19430,18267,17905,18293,18689,18188,18200,18371,18303,18303,17548
15340,"Bucyrus-Galion, OH (Micropolitan Statistical Area)",2002,      Military,124,128,126,124,115,113,110,113,114,112,111,110,109,106,106,106,104,103
15420,"Burley, ID (Micropolitan Statistical Area)",,Employment by place of work,,,,,,,,,,,,,,,,,,
15420,"Burley, ID (Micropolitan Statistical Area)",10,Total employment (number of jobs),22930,22949,21927,21504,21837,22514,23055,23301,22703,22477,23111,23326,24119,24631,25427,25928,26575,26612
15420,"Burley, ID (Micropolitan Statistical Area)",2002,      Military,165,167,166,162,151,158,161,165,166,165,165,165,162,159,154,145,141,141
15460,"Burlington, IA-IL (Micropolitan Statistical Area)",,Employment by place of work,,,,,,,,,,,,,,,,,,
15460,"Burlington, IA-IL (Micropolitan Statistical Area)",10,Total employment (number of jobs),31692,30280,29682,29016,29256,29377,29714,28792,28681,28198,28960,29105,29580,29652,29873,29847,29537,29554
15460,"Burlington, IA-IL (Micropolitan Statistical Area)",2002,      Military,215,212,212,209,197,191,185,189,188,189,186,184,180,176,169,161,159,153
15580,"Butte-Silver Bow, MT (Micropolitan Statistical Area)",,Employment by place of work,,,,,,,,,,,,,,,,,,
15580,"Butte-Silver Bow, MT (Micropolitan Statistical Area)",10,Total employment (number of jobs),18711,18692,18856,19278,19551,19868,20287,20601,20130,20312,20419,20729,20977,20880,21080,21274,21267,21482
15580,"Butte-Silver Bow, MT (Micropolitan Statistical Area)",2002,      Military,195,194,191,188,182,179,176,178,178,177,208,206,203,202,199,170,164,160
15620,"Cadillac, MI (Micropolitan Statistical Area)",,Employment by place of work,,,,,,,,,,,,,,,,,,
15620,"Cadillac, MI (Micropolitan Statistical Area)",10,Total employment (number of jobs),24895,24917,24482,25008,25079,24962,24885,23920,22596,22462,22889,22754,23395,23524,23503,23658,23676,24035
15620,"Cadillac, MI (Micropolitan Statistical Area)",2002,      Military,92,94,93,93,88,89,90,90,90,91,90,87,83,80,79,76,76,76
15660,"Calhoun, GA (Micropolitan Statistical Area)",,Employment by place of work,,,,,,,,,,,,,,,,,,
15660,"Calhoun, GA (Micropolitan Statistical Area)",10,Total employment (number of jobs),25565,25736,26158,26937,28320,28896,28513,27289,25059,25651,26154,26525,25637,26447,26645,26863,28510,29650
15660,"Calhoun, GA (Micropolitan Statistical Area)",2002,      Military,155,163,168,160,160,166,168,174,175,177,169,162,160,157,157,155,153,153
15700,"Cambridge, MD (Micropolitan Statistical Area)",,Employment by place of work,,,,,,,,,,,,,,,,,,
15700,"Cambridge, MD (Micropolitan Statistical Area)",10,Total employment (number of jobs),16156,15954,16350,16821,16960,16871,16926,16511,16178,15909,15816,15713,15838,16076,15965,16192,15837,15935
15700,"Cambridge, MD (Micropolitan Statistical Area)",2002,      Military,116,114,104,95,95,92,93,95,95,96,104,102,103,101,100,101,102,102
15740,"Cambridge, OH (Micropolitan Statistical Area)",,Employment by place of work,,,,,,,,,,,,,,,,,,
15740,"Cambridge, OH (Micropolitan Statistical Area)",10,Total employment (number of jobs),20139,20570,20369,20283,20413,20009,20087,19553,18952,18828,19178,19504,20297,21192,21225,20718,21081,21058
15740,"Cambridge, OH (Micropolitan Statistical Area)",2002,      Military,109,113,113,111,103,103,100,103,104,102,102,102,101,100,99,98,97,97
15780,"Camden, AR (Micropolitan Statistical Area)",,Employment by place of work,,,,,,,,,,,,,,,,,,
15780,"Camden, AR (Micropolitan Statistical Area)",10,Total employment (number of jobs),14327,14255,14060,14185,14261,14136,13885,13754,13678,13772,13747,13293,13091,12896,12952,12913,12852,13048
15780,"Camden, AR (Micropolitan Statistical Area)",2002,      Military,178,174,173,164,188,185,177,152,152,139,135,134,135,131,128,121,115,110
15820,"Campbellsville, KY (Micropolitan Statistical Area)",,Employment by place of work,,,,,,,,,,,,,,,,,,
15820,"Campbellsville, KY (Micropolitan Statistical Area)",10,Total employment (number of jobs),17225,17188,17381,17682,18371,18682,18902,18685,18249,18510,19033,18834,18925,19164,19205,19676,20248,19880
15820,"Campbellsville, KY (Micropolitan Statistical Area)",2002,      Military,112,113,113,106,108,110,110,113,111,116,116,116,114,112,110,108,104,105
15860,"Cañon City, CO (Micropolitan Statistical Area)",,Employment by place of work,,,,,,,,,,,,,,,,,,
15860,"Cañon City, CO (Micropolitan Statistical Area)",10,Total employment (number of jobs),19606,19097,18913,19158,19624,19948,20530,20271,19538,19356,19343,19212,18964,18985,19565,19720,20094,20266
15860,"Cañon City, CO (Micropolitan Statistical Area)",2002,      Military,107,109,108,102,91,93,97,99,100,105,105,102,101,98,98,99,100,97
16100,"Carlsbad-Artesia, NM (Micropolitan Statistical Area)",,Employment by place of work,,,,,,,,,,,,,,,,,,
16100,"Carlsbad-Artesia, NM (Micropolitan Statistical Area)",10,Total employment (number of jobs),25323,25396,25619,25664,26323,27423,28626,29949,29950,30405,31671,32978,34457,35941,36835,35009,35931,39510
16100,"Carlsbad-Artesia, NM (Micropolitan Statistical Area)",2002,      Military,165,162,158,150,137,134,133,140,140,143,148,148,151,152,145,146,145,145
16140,"Carroll, IA (Micropolitan Statistical Area)",,Employment by place of work,,,,,,,,,,,,,,,,,,
16140,"Carroll, IA (Micropolitan Statistical Area)",10,Total employment (number of jobs),16353,16284,16440,16493,16394,16606,16676,16782,16599,16524,16727,16736,16799,16672,16684,16600,16307,16380
16140,"Carroll, IA (Micropolitan Statistical Area)",2002,      Military,98,98,99,98,93,90,86,87,88,88,87,86,83,81,78,75,74,71
16260,"Cedar City, UT (Micropolitan Statistical Area)",,Employment by place of work,,,,,,,,,,,,,,,,,,
16260,"Cedar City, UT (Micropolitan Statistical Area)",10,Total employment (number of jobs),18824,19016,19222,20176,21633,23063,23886,23638,22695,22222,22244,22245,22297,23260,23692,24836,26187,27432
16260,"Cedar City, UT (Micropolitan Statistical Area)",2002,      Military,178,181,187,183,196,201,195,195,205,203,210,205,199,196,198,200,199,205
16340,"Cedartown, GA (Micropolitan Statistical Area)",,Employment by place of work,,,,,,,,,,,,,,,,,,
16340,"Cedartown, GA (Micropolitan Statistical Area)",10,Total employment (number of jobs),14718,14855,15024,15127,15862,16275,16444,16401,15756,15681,16072,16055,16275,16532,16492,15639,15876,16082
16340,"Cedartown, GA (Micropolitan Statistical Area)",2002,      Military,130,135,136,127,125,128,128,132,132,133,126,120,118,115,115,113,112,112
16380,"Celina, OH (Micropolitan Statistical Area)",,Employment by place of work,,,,,,,,,,,,,,,,,,
16380,"Celina, OH (Micropolitan Statistical Area)",10,Total employment (number of jobs),21006,21104,21630,22356,23191,23610,23977,23985,23167,23662,24152,24735,25258,25828,26610,26997,27251,27982
16380,"Celina, OH (Micropolitan Statistical Area)",2002,      Military,109,113,113,111,104,104,101,105,106,104,105,105,104,103,103,102,102,102
16420,"Central City, KY (Micropolitan Statistical Area)",,Employment by place of work,,,,,,,,,,,,,,,,,,
16420,"Central City, KY (Micropolitan Statistical Area)",10,Total employment (number of jobs),12606,12735,12643,12373,12179,12155,12716,12690,12221,12051,13103,12751,12665,12900,12569,12116,12043,11272
16420,"Central City, KY (Micropolitan Statistical Area)",2002,      Military,100,100,99,94,94,95,96,96,95,99,98,98,96,94,92,90,85,86
16460,"Centralia, IL (Micropolitan Statistical Area)",,Employment by place of work,,,,,,,,,,,,,,,,,,
16460,"Centralia, IL (Micropolitan Statistical Area)",10,Total employment (number of jobs),22308,20653,20036,19453,19591,20154,20200,20021,19468,19463,19561,19631,19415,19517,19564,18870,18627,18638
16460,"Centralia, IL (Micropolitan Statistical Area)",2002,      Military,89,90,87,82,76,79,80,80,80,80,78,77,77,75,75,75,76,74
16500,"Centralia, WA (Micropolitan Statistical Area)",,Employment by place of work,,,,,,,,,,,,,,,,,,
16500,"Centralia, WA (Micropolitan Statistical Area)",10,Total employment (number of jobs),33656,33782,33539,34029,35033,35731,36192,35598,33722,33026,32838,32820,33546,33749,33789,34775,35963,36934
16500,"Centralia, WA (Micropolitan Statistical Area)",2002,      Military,249,249,253,249,239,233,228,230,232,233,223,214,207,201,200,201,202,198
16660,"Charleston-Mattoon, IL (Micropolitan Statistical Area)",,Employment by place of work,,,,,,,,,,,,,,,,,,
16660,"Charleston-Mattoon, IL (Micropolitan Statistical Area)",10,Total employment (number of jobs),39146,37695,37070,36369,38202,38150,38361,37074,34539,34923,35043,35511,35472,36396,36161,36342,36831,36626
16660,"Charleston-Mattoon, IL (Micropolitan Statistical Area)",2002,      Military,137,139,136,129,120,124,125,127,127,129,127,124,124,122,121,133,135,134
17060,"Chillicothe, OH (Micropolitan Statistical Area)",,Employment by place of work,,,,,,,,,,,,,,,,,,
17060,"Chillicothe, OH (Micropolitan Statistical Area)",10,Total employment (number of jobs),34786,34929,34489,35146,35138,35303,35431,34723,33698,33456,35037,35552,35240,35988,36480,36434,36856,37904
17060,"Chillicothe, OH (Micropolitan Statistical Area)",2002,      Military,188,195,194,191,180,181,178,185,189,187,187,187,186,182,182,181,181,181
17220,"Clarksburg, WV (Micropolitan Statistical Area)",,Employment by place of work,,,,,,,,,,,,,,,,,,
17220,"Clarksburg, WV (Micropolitan Statistical Area)",10,Total employment (number of jobs),47740,48310,48857,49008,49325,49677,50113,50812,50538,50664,51271,52619,53495,54445,54002,53854,54929,56593
17220,"Clarksburg, WV (Micropolitan Statistical Area)",2002,      Military,488,486,481,481,468,456,460,483,486,478,469,469,462,455,446,433,426,430
17260,"Clarksdale, MS (Micropolitan Statistical Area)",,Employment by place of work,,,,,,,,,,,,,,,,,,
17260,"Clarksdale, MS (Micropolitan Statistical Area)",10,Total employment (number of jobs),13312,12952,12603,12416,12191,12143,11925,11803,11638,11794,11977,11780,11612,11748,11639,11287,11150,11004
17260,"Clarksdale, MS (Micropolitan Statistical Area)",2002,      Military,193,194,192,177,167,166,162,161,160,159,157,157,148,144,141,138,130,126
17340,"Clearlake, CA (Micropolitan Statistical Area)",,Employment by place of work,,,,,,,,,,,,,,,,,,
17340,"Clearlake, CA (Micropolitan Statistical Area)",10,Total employment (number of jobs),22134,23894,23784,24150,24578,25048,25286,24538,23713,22637,22504,22431,23409,23821,24064,24359,24837,25099
17340,"Clearlake, CA (Micropolitan Statistical Area)",2002,      Military,117,117,119,117,111,109,107,110,110,107,102,101,100,98,96,94,94,93
17380,"Cleveland, MS (Micropolitan Statistical Area)",,Employment by place of work,,,,,,,,,,,,,,,,,,
17380,"Cleveland, MS (Micropolitan Statistical Area)",10,Total employment (number of jobs),17120,16482,16018,16082,15998,16834,16763,16494,16367,16696,16659,16562,16458,16658,16671,16606,16361,15998
17380,"Cleveland, MS (Micropolitan Statistical Area)",2002,      Military,245,246,244,223,209,212,208,207,205,203,202,203,195,191,187,185,175,171
17500,"Clewiston, FL (Micropolitan Statistical Area)",,Employment by place of work,,,,,,,,,,,,,,,,,,
17500,"Clewiston, FL (Micropolitan Statistical Area)",10,Total employment (number of jobs),16450,15726,15750,16683,17634,18553,19225,18247,17353,17027,17208,17411,18487,18674,18414,18940,19728,19804
17500,"Clewiston, FL (Micropolitan Statistical Area)",2002,      Military,73,75,75,68,68,72,74,73,74,76,73,71,71,71,71,143,154,153
17540,"Clinton, IA (Micropolitan Statistical Area)",,Employment by place of work,,,,,,,,,,,,,,,,,,
17540,"Clinton, IA (Micropolitan Statistical Area)",10,Total employment (number of jobs),28502,28196,27921,28488,29227,29893,30511,31057,30264,30058,30052,29390,29329,29092,28789,28049,27466,27087
17540,"Clinton, IA (Micropolitan Statistical Area)",2002,      Military,232,232,235,234,223,216,206,209,209,209,207,203,196,191,183,175,172,166
17580,"Clovis, NM (Micropolitan Statistical Area)",,Employment by place of work,,,,,,,,,,,,,,,,,,
17580,"Clovis, NM (Micropolitan Statistical Area)",10,Total employment (number of jobs),21914,22543,23477,23971,24024,24102,23967,23448,24184,24881,25531,26020,26355,26512,26662,26513,26853,26478
17580,"Clovis, NM (Micropolitan Statistical Area)",2002,      Military,3269,3444,3628,3735,3406,3156,2737,2125,2852,3665,4208,4513,4834,4843,4637,4731,4751,4739
17700,"Coffeyville, KS (Micropolitan Statistical Area)",,Employment by place of work,,,,,,,,,,,,,,,,,,
17700,"Coffeyville, KS (Micropolitan Statistical Area)",10,Total employment (number of jobs),21922,21523,21369,21764,21360,22165,22873,22515,21732,21702,21873,22586,22259,22128,21271,20163,19295,19657
17700,"Coffeyville, KS (Micropolitan Statistical Area)",2002,      Military,167,166,164,158,162,170,163,151,147,148,148,143,141,138,132,126,122,115
17740,"Coldwater, MI (Micropolitan Statistical Area)",,Employment by place of work,,,,,,,,,,,,,,,,,,
17740,"Coldwater, MI (Micropolitan Statistical Area)",10,Total employment (number of jobs),21161,20917,20930,20477,20260,20015,19984,19574,18424,18088,18297,18330,18386,18537,18404,18564,19362,20071
17740,"Coldwater, MI (Micropolitan Statistical Area)",2002,      Military,87,88,87,86,80,80,81,80,80,80,79,77,72,71,69,67,66,66
18060,"Columbus, MS (Micropolitan Statistical Area)",,Employment by place of work,,,,,,,,,,,,,,,,,,
18060,"Columbus, MS (Micropolitan Statistical Area)",10,Total employment (number of jobs),34226,33713,33287,32878,33193,34852,35248,34857,33767,33052,34274,35675,36204,35025,34727,35223,35125,35380
18060,"Columbus, MS (Micropolitan Statistical Area)",2002,      Military,1776,1740,1752,1729,1633,1627,1628,1636,1744,1787,1743,1774,1726,1660,1649,1615,1601,1702
18100,"Columbus, NE (Micropolitan Statistical Area)",,Employment by place of work,,,,,,,,,,,,,,,,,,
18100,"Columbus, NE (Micropolitan Statistical Area)",10,Total employment (number of jobs),22680,22147,21817,22107,22480,23409,24605,24510,24134,24289,24561,24879,24672,24512,24630,24261,24785,25045
18100,"Columbus, NE (Micropolitan Statistical Area)",2002,      Military,128,127,131,133,124,127,126,135,138,132,132,128,122,120,117,114,115,112
18180,"Concord, NH (Micropolitan Statistical Area)",,Employment by place of work,,,,,,,,,,,,,,,,,,
18180,"Concord, NH (Micropolitan Statistical Area)",10,Total employment (number of jobs),92524,93745,94718,95260,96185,98021,99036,99497,96888,96264,96606,97361,98585,99751,100841,102456,103728,105234
18180,"Concord, NH (Micropolitan Statistical Area)",2002,      Military,436,440,458,457,427,415,422,454,481,495,489,481,482,472,471,472,489,480
18220,"Connersville, IN (Micropolitan Statistical Area)",,Employment by place of work,,,,,,,,,,,,,,,,,,
18220,"Connersville, IN (Micropolitan Statistical Area)",10,Total employment (number of jobs),12838,12388,11943,11556,11646,10937,10769,9797,9240,8996,8932,8875,8811,8952,8799,8954,8846,9017
18220,"Connersville, IN (Micropolitan Statistical Area)",2002,      Military,87,84,85,80,77,76,77,81,82,81,81,77,76,73,73,70,69,67
18260,"Cookeville, TN (Micropolitan Statistical Area)",,Employment by place of work,,,,,,,,,,,,,,,,,,
18260,"Cookeville, TN (Micropolitan Statistical Area)",10,Total employment (number of jobs),54268,53830,54302,56273,56703,57010,58011,57615,55387,55066,55221,55618,56339,56793,58257,58870,60310,61155
18260,"Cookeville, TN (Micropolitan Statistical Area)",2002,      Military,361,363,359,342,329,335,343,357,356,357,357,347,342,338,331,328,321,317
18300,"Coos Bay, OR (Micropolitan Statistical Area)",,Employment by place of work,,,,,,,,,,,,,,,,,,
18300,"Coos Bay, OR (Micropolitan Statistical Area)",10,Total employment (number of jobs),29341,29524,31555,31799,32692,33011,32842,32044,30644,30173,30328,29870,30204,30505,30796,31076,31491,32137
18300,"Coos Bay, OR (Micropolitan Statistical Area)",2002,      Military,413,423,433,435,418,429,416,410,416,415,416,426,409,384,374,373,390,406
18380,"Cordele, GA (Micropolitan Statistical Area)",,Employment by place of work,,,,,,,,,,,,,,,,,,
18380,"Cordele, GA (Micropolitan Statistical Area)",10,Total employment (number of jobs),10759,10715,10915,11352,11549,11557,11546,11345,10626,10159,10301,10991,11330,11499,11752,11380,11398,11445
18380,"Cordele, GA (Micropolitan Statistical Area)",2002,      Military,74,77,77,71,70,71,71,73,74,74,72,68,67,65,63,62,61,59
18420,"Corinth, MS (Micropolitan Statistical Area)",,Employment by place of work,,,,,,,,,,,,,,,,,,
18420,"Corinth, MS (Micropolitan Statistical Area)",10,Total employment (number of jobs),17340,17007,16663,16998,17419,17197,17299,17141,16581,16743,17929,18378,18363,18569,19168,19212,19694,19947
18420,"Corinth, MS (Micropolitan Statistical Area)",2002,      Military,224,231,233,221,214,221,223,226,227,230,229,230,222,218,217,219,212,210
18460,"Cornelia, GA (Micropolitan Statistical Area)",,Employment by place of work,,,,,,,,,,,,,,,,,,
18460,"Cornelia, GA (Micropolitan Statistical Area)",10,Total employment (number of jobs),18718,19036,19021,19264,19909,19890,20239,20463,19549,19146,19378,19505,19746,20227,20369,20246,20308,20602
18460,"Cornelia, GA (Micropolitan Statistical Area)",2002,      Military,120,125,127,120,120,124,125,130,131,132,125,120,119,117,116,115,114,114
18500,"Corning, NY (Micropolitan Statistical Area)",,Employment by place of work,,,,,,,,,,,,,,,,,,
18500,"Corning, NY (Micropolitan Statistical Area)",10,Total employment (number of jobs),53258,50156,48343,48173,48424,48721,49706,50969,49425,48460,48382,48411,49172,49432,49083,49139,49162,49690
18500,"Corning, NY (Micropolitan Statistical Area)",2002,      Military,190,189,183,175,163,161,159,166,165,162,165,163,160,157,155,158,170,170
18620,"Corsicana, TX (Micropolitan Statistical Area)",,Employment by place of work,,,,,,,,,,,,,,,,,,
18620,"Corsicana, TX (Micropolitan Statistical Area)",10,Total employment (number of jobs),23297,23225,22922,22844,23343,23231,23454,23850,23732,23696,24091,24744,25348,25449,25592,25613,25788,26795
18620,"Corsicana, TX (Micropolitan Statistical Area)",2002,      Military,113,114,113,113,105,106,106,112,112,109,107,103,100,97,95,95,96,96
18660,"Cortland, NY (Micropolitan Statistical Area)",,Employment by place of work,,,,,,,,,,,,,,,,,,
18660,"Cortland, NY (Micropolitan Statistical Area)",10,Total employment (number of jobs),23953,23453,23389,23039,23055,22880,23237,23583,22863,22701,23224,23263,23315,23761,23832,23450,23701,23593
18660,"Cortland, NY (Micropolitan Statistical Area)",2002,      Military,89,89,87,83,78,77,76,79,78,75,78,77,75,74,72,70,69,69
18740,"Coshocton, OH (Micropolitan Statistical Area)",,Employment by place of work,,,,,,,,,,,,,,,,,,
18740,"Coshocton, OH (Micropolitan Statistical Area)",10,Total employment (number of jobs),17982,17631,17585,17181,17088,17077,17081,16700,15556,15773,15719,15775,16256,16062,16564,16104,15757,15910
18740,"Coshocton, OH (Micropolitan Statistical Area)",2002,      Military,99,103,103,101,94,94,91,94,96,94,95,94,94,92,92,92,91,91
18780,"Craig, CO (Micropolitan Statistical Area)",,Employment by place of work,,,,,,,,,,,,,,,,,,
18780,"Craig, CO (Micropolitan Statistical Area)",10,Total employment (number of jobs),7179,7163,7094,7230,7435,7638,7921,8206,8102,7590,7453,7462,7415,7287,7261,7197,7318,7384
18780,"Craig, CO (Micropolitan Statistical Area)",2002,      Military,37,38,38,36,31,32,34,35,36,38,37,35,35,33,33,33,33,32
18820,"Crawfordsville, IN (Micropolitan Statistical Area)",,Employment by place of work,,,,,,,,,,,,,,,,,,
18820,"Crawfordsville, IN (Micropolitan Statistical Area)",10,Total employment (number of jobs),22146,21643,21303,21502,21774,21629,21486,20864,19631,19553,19547,19848,19972,20275,20823,20474,20469,20591
18820,"Crawfordsville, IN (Micropolitan Statistical Area)",2002,      Military,128,124,126,120,118,117,119,125,127,125,127,121,120,118,118,113,113,111
18860,"Crescent City, CA (Micropolitan Statistical Area)",,Employment by place of work,,,,,,,,,,,,,,,,,,
18860,"Crescent City, CA (Micropolitan Statistical Area)",10,Total employment (number of jobs),10146,10080,10341,10673,10823,10944,11206,11294,11006,10568,10474,10303,10541,10502,10631,10910,10875,11068
18860,"Crescent City, CA (Micropolitan Statistical Area)",2002,      Military,55,54,55,56,51,52,50,53,53,54,52,52,51,49,49,49,49,49
18900,"Crossville, TN (Micropolitan Statistical Area)",,Employment by place of work,,,,,,,,,,,,,,,,,,
18900,"Crossville, TN (Micropolitan Statistical Area)",10,Total employment (number of jobs),22347,22592,23458,24046,25204,25884,25958,25772,24720,24462,25086,25596,25701,26129,26546,27318,27378,27460
18900,"Crossville, TN (Micropolitan Statistical Area)",2002,      Military,183,186,186,177,173,178,184,190,189,189,191,186,184,182,179,176,171,167
18980,"Cullman, AL (Micropolitan Statistical Area)",,Employment by place of work,,,,,,,,,,,,,,,,,,
18980,"Cullman, AL (Micropolitan Statistical Area)",10,Total employment (number of jobs),37654,36998,37297,38520,39086,40422,41335,40359,38426,37615,37778,38058,38702,39228,40408,41553,41781,42074
18980,"Cullman, AL (Micropolitan Statistical Area)",2002,      Military,452,443,437,496,463,462,449,379,389,387,393,373,370,366,364,359,354,345
19000,"Cullowhee, NC (Micropolitan Statistical Area)",,Employment by place of work,,,,,,,,,,,,,,,,,,
19000,"Cullowhee, NC (Micropolitan Statistical Area)",10,Total employment (number of jobs),26100,26642,27121,27588,28722,30016,30566,29600,28281,28019,28843,29080,29555,30314,31174,32089,31632,32450
19000,"Cullowhee, NC (Micropolitan Statistical Area)",2002,      Military,124,126,129,120,114,122,126,129,128,126,134,132,129,127,126,124,122,118
19220,"Danville, KY (Micropolitan Statistical Area)",,Employment by place of work,,,,,,,,,,,,,,,,,,
19220,"Danville, KY (Micropolitan Statistical Area)",10,Total employment (number of jobs),29052,28228,27898,28003,28247,28144,28134,27789,26933,26461,26589,26471,26272,25998,26138,26341,26476,26573
19220,"Danville, KY (Micropolitan Statistical Area)",2002,      Military,161,163,162,156,158,161,162,165,163,169,169,169,167,164,160,157,151,153
19260,"Danville, VA (Micropolitan Statistical Area) *",,Employment by place of work,,,,,,,,,,,,,,,,,,
19260,"Danville, VA (Micropolitan Statistical Area) *",10,Total employment (number of jobs),55303,55187,54373,53315,52683,50874,51004,50972,49491,48651,50292,50050,50253,50765,51262,51664,51231,51270
19260,"Danville, VA (Micropolitan Statistical Area) *",2002,      Military,412,413,406,388,367,353,351,366,360,353,328,324,331,323,322,315,315,315
19420,"Dayton, TN (Micropolitan Statistical Area)",,Employment by place of work,,,,,,,,,,,,,,,,,,
19420,"Dayton, TN (Micropolitan Statistical Area)",10,Total employment (number of jobs),14056,14079,14611,15036,14891,15191,15387,15076,14249,13898,14302,14411,14463,14801,14952,15181,14790,14651
19420,"Dayton, TN (Micropolitan Statistical Area)",2002,      Military,107,107,107,101,98,99,102,106,106,105,106,104,102,100,98,96,94,91
19540,"Decatur, IN (Micropolitan Statistical Area)",,Employment by place of work,,,,,,,,,,,,,,,,,,
19540,"Decatur, IN (Micropolitan Statistical Area)",10,Total employment (number of jobs),20014,20082,20337,21068,20780,20502,20403,19266,17947,18599,18831,19077,19365,20038,20390,20534,21063,21391
19540,"Decatur, IN (Micropolitan Statistical Area)",2002,      Military,116,113,115,109,107,106,107,114,117,116,116,111,111,109,110,106,106,105
19580,"Defiance, OH (Micropolitan Statistical Area)",,Employment by place of work,,,,,,,,,,,,,,,,,,
19580,"Defiance, OH (Micropolitan Statistical Area)",10,Total employment (number of jobs),23008,22553,22236,22246,22228,22211,22713,22310,20757,20528,20670,20884,21074,21573,21144,20980,20945,21081
19580,"Defiance, OH (Micropolitan Statistical Area)",2002,      Military,106,109,109,106,99,98,95,99,101,99,99,99,98,96,96,95,95,94
19620,"Del Rio, TX (Micropolitan Statistical Area)",,Employment by place of work,,,,,,,,,,,,,,,,,,
19620,"Del Rio, TX (Micropolitan Statistical Area)",10,Total employment (number of jobs),20322,20817,22362,22485,23123,23687,24079,24266,23891,23766,23521,23389,23328,23885,24464,25194,25450,26195
19620,"Del Rio, TX (Micropolitan Statistical Area)",2002,      Military,1523,1494,1497,1496,1428,1440,1486,1534,1610,1627,1531,1492,1456,1441,1396,1317,1310,1440
19700,"Deming, NM (Micropolitan Statistical Area)",,Employment by place of work,,,,,,,,,,,,,,,,,,
19700,"Deming, NM (Micropolitan Statistical Area)",10,Total employment (number of jobs),8351,8870,9400,9467,10125,10142,10315,10092,9771,9829,9723,9605,9710,9699,9842,9850,9499,9566
19700,"Deming, NM (Micropolitan Statistical Area)",2002,      Military,80,78,77,73,68,66,65,67,66,67,69,68,66,65,61,61,61,60
19760,"DeRidder, LA (Micropolitan Statistical Area)",,Employment by place of work,,,,,,,,,,,,,,,,,,
19760,"DeRidder, LA (Micropolitan Statistical Area)",10,Total employment (number of jobs),12527,12358,12557,12437,12482,12832,13038,13306,13170,13188,13012,13135,13316,13671,13791,13341,13082,13057
19760,"DeRidder, LA (Micropolitan Statistical Area)",2002,      Military,169,166,164,157,151,148,146,147,144,173,169,166,169,165,158,157,154,137
19860,"Dickinson, ND (Micropolitan Statistical Area)",,Employment by place of work,,,,,,,,,,,,,,,,,,
19860,"Dickinson, ND (Micropolitan Statistical Area)",10,Total employment (number of jobs),15994,16106,16255,16517,17148,17682,18136,18888,19195,20880,23437,27621,29784,32683,30543,26783,26728,27451
19860,"Dickinson, ND (Micropolitan Statistical Area)",2002,      Military,186,181,181,172,166,171,173,175,176,181,188,194,194,203,208,195,194,192
19940,"Dixon, IL (Micropolitan Statistical Area)",,Employment by place of work,,,,,,,,,,,,,,,,,,
19940,"Dixon, IL (Micropolitan Statistical Area)",10,Total employment (number of jobs),17565,17284,17550,17804,17997,17715,17750,17394,17167,16786,16696,16540,16714,17011,17008,16806,16879,16982
19940,"Dixon, IL (Micropolitan Statistical Area)",2002,      Military,73,74,74,70,65,68,71,70,70,69,69,66,66,65,64,64,65,63
19980,"Dodge City, KS (Micropolitan Statistical Area)",,Employment by place of work,,,,,,,,,,,,,,,,,,
19980,"Dodge City, KS (Micropolitan Statistical Area)",10,Total employment (number of jobs),19494,19753,19807,19936,19734,19988,20505,21044,21164,21443,21695,22429,22431,22063,22219,22326,22390,22124
19980,"Dodge City, KS (Micropolitan Statistical Area)",2002,      Military,151,151,152,147,151,156,149,138,139,144,148,146,145,143,138,134,131,123
20060,"Douglas, GA (Micropolitan Statistical Area)",,Employment by place of work,,,,,,,,,,,,,,,,,,
20060,"Douglas, GA (Micropolitan Statistical Area)",10,Total employment (number of jobs),24325,24626,24132,24620,24967,24728,24472,24125,22304,21491,22758,22607,23376,24328,25082,25730,26376,27011
20060,"Douglas, GA (Micropolitan Statistical Area)",2002,      Military,151,158,163,154,151,150,150,154,155,155,148,141,140,136,135,137,132,131
20140,"Dublin, GA (Micropolitan Statistical Area)",,Employment by place of work,,,,,,,,,,,,,,,,,,
20140,"Dublin, GA (Micropolitan Statistical Area)",10,Total employment (number of jobs),30104,29562,29122,30179,30441,30788,30894,30525,29155,28702,29120,28178,28622,29106,29535,29940,30142,30761
20140,"Dublin, GA (Micropolitan Statistical Area)",2002,      Military,199,205,209,196,191,194,194,199,200,202,190,182,179,175,172,167,166,164
20180,"DuBois, PA (Micropolitan Statistical Area)",,Employment by place of work,,,,,,,,,,,,,,,,,,
20180,"DuBois, PA (Micropolitan Statistical Area)",10,Total employment (number of jobs),41645,41941,41253,41482,41482,41853,41736,41028,39694,40197,40604,40696,40520,40048,39732,39391,39555,40010
20180,"DuBois, PA (Micropolitan Statistical Area)",2002,      Military,270,266,265,248,236,239,224,215,209,209,203,206,203,199,200,197,193,189
20300,"Dumas, TX (Micropolitan Statistical Area)",,Employment by place of work,,,,,,,,,,,,,,,,,,
20300,"Dumas, TX (Micropolitan Statistical Area)",10,Total employment (number of jobs),11096,10965,10710,10843,10891,11286,11607,12223,12189,12318,12768,12786,12884,12672,12792,13161,13019,13035
20300,"Dumas, TX (Micropolitan Statistical Area)",2002,      Military,51,52,51,51,47,47,47,50,51,51,50,49,46,45,43,43,43,42
20340,"Duncan, OK (Micropolitan Statistical Area)",,Employment by place of work,,,,,,,,,,,,,,,,,,
20340,"Duncan, OK (Micropolitan Statistical Area)",10,Total employment (number of jobs),22246,21725,21709,21581,22536,23300,23996,24635,23412,23649,24269,25041,25307,25278,24679,23007,22421,23135
20340,"Duncan, OK (Micropolitan Statistical Area)",2002,      Military,214,210,208,200,186,187,191,201,196,192,187,178,172,167,165,163,159,155
20420,"Durango, CO (Micropolitan Statistical Area)",,Employment by place of work,,,,,,,,,,,,,,,,,,
20420,"Durango, CO (Micropolitan Statistical Area)",10,Total employment (number of jobs),31863,32262,32909,34263,35438,37142,38770,39392,37834,37081,37081,37479,38404,39353,40044,40974,41612,41803
20420,"Durango, CO (Micropolitan Statistical Area)",2002,      Military,122,126,126,122,111,115,121,125,130,137,137,135,137,134,136,137,137,133
20460,"Durant, OK (Micropolitan Statistical Area)",,Employment by place of work,,,,,,,,,,,,,,,,,,
20460,"Durant, OK (Micropolitan Statistical Area)",10,Total employment (number of jobs),19148,18999,19226,20057,21316,22027,22828,22271,21261,21568,21425,21742,22042,22382,22627,23796,24904,25738
20460,"Durant, OK (Micropolitan Statistical Area)",2002,      Military,186,184,182,177,166,169,173,185,182,179,177,170,166,165,165,167,168,168
20540,"Dyersburg, TN (Micropolitan Statistical Area)",,Employment by place of work,,,,,,,,,,,,,,,,,,
20540,"Dyersburg, TN (Micropolitan Statistical Area)",10,Total employment (number of jobs),22315,22429,22547,23298,23021,23445,24147,23719,21076,21227,20363,20597,20593,21023,21305,21175,21112,21453
20540,"Dyersburg, TN (Micropolitan Statistical Area)",2002,      Military,141,141,139,130,126,126,128,131,130,128,128,125,122,118,116,112,108,104
20580,"Eagle Pass, TX (Micropolitan Statistical Area)",,Employment by place of work,,,,,,,,,,,,,,,,,,
20580,"Eagle Pass, TX (Micropolitan Statistical Area)",10,Total employment (number of jobs),15197,15485,16755,17377,18317,19164,20326,20914,21665,22012,22589,22592,22978,23310,23551,24140,24575,24886
20580,"Eagle Pass, TX (Micropolitan Statistical Area)",2002,      Military,121,123,123,122,114,115,116,123,126,124,122,119,117,115,114,114,114,113
20660,"Easton, MD (Micropolitan Statistical Area)",,Employment by place of work,,,,,,,,,,,,,,,,,,
20660,"Easton, MD (Micropolitan Statistical Area)",10,Total employment (number of jobs),25982,26483,26838,27150,27796,28270,28820,29026,27620,27381,27476,27737,28061,28668,28622,29239,29242,29566
20660,"Easton, MD (Micropolitan Statistical Area)",2002,      Military,119,125,133,125,124,123,125,128,130,129,138,139,138,133,133,133,135,138
20780,"Edwards, CO (Micropolitan Statistical Area)",,Employment by place of work,,,,,,,,,,,,,,,,,,
20780,"Edwards, CO (Micropolitan Statistical Area)",10,Total employment (number of jobs),38331,37601,37016,38300,40277,42359,44542,45385,42244,40796,41171,41713,42821,44063,45691,46803,47606,48927
20780,"Edwards, CO (Micropolitan Statistical Area)",2002,      Military,122,125,127,124,114,120,127,132,138,144,143,139,141,139,140,140,140,135
20820,"Effingham, IL (Micropolitan Statistical Area)",,Employment by place of work,,,,,,,,,,,,,,,,,,
20820,"Effingham, IL (Micropolitan Statistical Area)",10,Total employment (number of jobs),26899,26225,26363,26137,25552,26064,26734,26825,26129,26089,26526,26884,26723,27499,27808,27935,28462,28972
20820,"Effingham, IL (Micropolitan Statistical Area)",2002,      Military,76,77,76,72,67,69,70,71,71,71,70,70,69,68,68,69,71,69
20900,"El Campo, TX (Micropolitan Statistical Area)",,Employment by place of work,,,,,,,,,,,,,,,,,,
20900,"El Campo, TX (Micropolitan Statistical Area)",10,Total employment (number of jobs),21471,21435,21510,21678,21642,21592,22029,22235,22142,21993,22507,23138,23692,24023,23994,23701,24283,24953
20900,"El Campo, TX (Micropolitan Statistical Area)",2002,      Military,104,104,103,101,94,92,92,97,97,95,92,89,86,83,82,82,82,81
20980,"El Dorado, AR (Micropolitan Statistical Area)",,Employment by place of work,,,,,,,,,,,,,,,,,,
20980,"El Dorado, AR (Micropolitan Statistical Area)",10,Total employment (number of jobs),27705,28939,26488,25996,25785,25768,25724,25887,24955,23978,23943,24611,24668,24894,25627,25126,24467,24504
20980,"El Dorado, AR (Micropolitan Statistical Area)",2002,      Military,238,233,232,219,250,246,235,204,204,185,181,180,184,178,176,167,159,150
21020,"Elizabeth City, NC (Micropolitan Statistical Area)",,Employment by place of work,,,,,,,,,,,,,,,,,,
21020,"Elizabeth City, NC (Micropolitan Statistical Area)",10,Total employment (number of jobs),22924,23526,24056,25093,26139,26994,27895,27474,26248,25829,25722,25667,25429,25569,26149,26243,26415,26403
21020,"Elizabeth City, NC (Micropolitan Statistical Area)",2002,      Military,700,712,727,757,816,964,964,913,862,876,887,927,857,901,965,1016,1027,997
21120,"Elk City, OK (Micropolitan Statistical Area)",,Employment by place of work,,,,,,,,,,,,,,,,,,
21120,"Elk City, OK (Micropolitan Statistical Area)",10,Total employment (number of jobs),11026,11051,11245,11656,12089,12929,13840,14807,13937,14130,15363,16916,17438,17680,16502,14903,15446,15780
21120,"Elk City, OK (Micropolitan Statistical Area)",2002,      Military,91,90,89,85,81,83,86,92,91,87,86,85,83,82,81,77,74,72
21180,"Elkins, WV (Micropolitan Statistical Area)",,Employment by place of work,,,,,,,,,,,,,,,,,,
21180,"Elkins, WV (Micropolitan Statistical Area)",10,Total employment (number of jobs),15244,15276,15282,15639,16002,16312,16169,16071,15609,15020,15282,15416,15337,15274,15217,15280,15021,15032
21180,"Elkins, WV (Micropolitan Statistical Area)",2002,      Military,144,144,143,144,140,136,137,144,144,140,138,138,136,133,130,126,124,125
21220,"Elko, NV (Micropolitan Statistical Area)",,Employment by place of work,,,,,,,,,,,,,,,,,,
21220,"Elko, NV (Micropolitan Statistical Area)",10,Total employment (number of jobs),28246,27114,27107,28067,29486,30512,32290,32104,31105,31421,32835,34015,33789,33076,32284,32642,33066,33437
21220,"Elko, NV (Micropolitan Statistical Area)",2002,      Military,91,90,91,90,92,96,104,111,117,126,134,143,149,145,146,145,145,140
21260,"Ellensburg, WA (Micropolitan Statistical Area)",,Employment by place of work,,,,,,,,,,,,,,,,,,
21260,"Ellensburg, WA (Micropolitan Statistical Area)",10,Total employment (number of jobs),17491,17928,18140,18298,18653,19397,20664,20806,20007,20107,20292,20408,20866,20967,21013,21527,22245,22712
21260,"Ellensburg, WA (Micropolitan Statistical Area)",2002,      Military,127,131,133,133,128,125,123,127,129,130,127,122,119,120,122,122,125,121
21380,"Emporia, KS (Micropolitan Statistical Area)",,Employment by place of work,,,,,,,,,,,,,,,,,,
21380,"Emporia, KS (Micropolitan Statistical Area)",10,Total employment (number of jobs),24963,24918,24916,24921,24621,24396,24572,23572,22345,22059,22112,22307,21242,21725,22190,22696,22749,22744
21380,"Emporia, KS (Micropolitan Statistical Area)",2002,      Military,179,180,179,173,179,185,176,162,150,151,154,148,147,142,139,137,134,127
21460,"Enterprise, AL (Micropolitan Statistical Area)",,Employment by place of work,,,,,,,,,,,,,,,,,,
21460,"Enterprise, AL (Micropolitan Statistical Area)",10,Total employment (number of jobs),19038,19085,19303,20051,20570,21420,21951,21236,21273,21164,20996,21132,21121,21243,21611,21991,22397,22669
21460,"Enterprise, AL (Micropolitan Statistical Area)",2002,      Military,254,250,248,287,269,270,268,229,239,241,247,238,233,229,227,223,222,215
21540,"Escanaba, MI (Micropolitan Statistical Area)",,Employment by place of work,,,,,,,,,,,,,,,,,,
21540,"Escanaba, MI (Micropolitan Statistical Area)",10,Total employment (number of jobs),19940,19794,19699,20173,20206,20008,20068,19432,18501,18366,18504,18492,18504,18736,18533,18436,18383,18689
21540,"Escanaba, MI (Micropolitan Statistical Area)",2002,      Military,77,77,75,74,70,69,69,69,69,69,68,66,63,61,60,57,56,56
21580,"Española, NM (Micropolitan Statistical Area)",,Employment by place of work,,,,,,,,,,,,,,,,,,
21580,"Española, NM (Micropolitan Statistical Area)",10,Total employment (number of jobs),15702,16556,17332,17516,16988,17132,17197,17329,16688,16068,15520,15454,15529,15652,15824,15627,15705,15707
21580,"Española, NM (Micropolitan Statistical Area)",2002,      Military,133,130,126,118,109,106,104,107,106,108,111,110,109,107,100,100,100,98
21640,"Eufaula, AL-GA (Micropolitan Statistical Area)",,Employment by place of work,,,,,,,,,,,,,,,,,,
21640,"Eufaula, AL-GA (Micropolitan Statistical Area)",10,Total employment (number of jobs),15729,15393,15045,14593,15080,15031,14673,14256,13592,13239,12984,12924,12803,12603,12690,12286,12321,12456
21640,"Eufaula, AL-GA (Micropolitan Statistical Area)",2002,      Military,173,168,164,180,166,165,158,137,139,136,138,131,128,124,120,117,114,110
21700,"Eureka-Arcata, CA (Micropolitan Statistical Area)",,Employment by place of work,,,,,,,,,,,,,,,,,,
21700,"Eureka-Arcata, CA (Micropolitan Statistical Area)",10,Total employment (number of jobs),68524,69476,69154,69565,69244,70453,70936,70605,68463,67510,67088,67418,68413,69367,70439,71550,72396,74294
21700,"Eureka-Arcata, CA (Micropolitan Statistical Area)",2002,      Military,388,399,415,407,388,402,385,403,401,400,399,404,392,373,373,380,394,387
21740,"Evanston, WY (Micropolitan Statistical Area)",,Employment by place of work,,,,,,,,,,,,,,,,,,
21740,"Evanston, WY (Micropolitan Statistical Area)",10,Total employment (number of jobs),11708,12050,11833,11662,11916,12530,13160,13762,13094,12791,12479,12639,12215,12352,12210,11791,11731,11857
21740,"Evanston, WY (Micropolitan Statistical Area)",2002,      Military,111,110,108,109,110,116,122,122,125,123,120,114,112,110,109,107,107,105
21840,"Fairfield, IA (Micropolitan Statistical Area)",,Employment by place of work,,,,,,,,,,,,,,,,,,
21840,"Fairfield, IA (Micropolitan Statistical Area)",10,Total employment (number of jobs),11507,11096,10933,10973,11297,11395,11625,11782,11190,10824,11001,11178,11356,11432,11612,11658,11602,11937
21840,"Fairfield, IA (Micropolitan Statistical Area)",2002,      Military,73,73,73,73,69,67,64,65,65,65,65,65,65,65,63,61,62,60
21860,"Fairmont, MN (Micropolitan Statistical Area)",,Employment by place of work,,,,,,,,,,,,,,,,,,
21860,"Fairmont, MN (Micropolitan Statistical Area)",10,Total employment (number of jobs),13942,13996,13774,13637,13610,13641,13830,14081,13675,13408,13209,13039,12812,12737,12899,12843,12800,12523
21860,"Fairmont, MN (Micropolitan Statistical Area)",2002,      Military,83,83,83,85,94,90,94,81,78,79,78,76,74,72,71,69,69,68
21900,"Fairmont, WV (Micropolitan Statistical Area)",,Employment by place of work,,,,,,,,,,,,,,,,,,
21900,"Fairmont, WV (Micropolitan Statistical Area)",10,Total employment (number of jobs),26565,26089,26201,26343,27500,27736,28000,27879,27393,27419,27998,28095,27641,27591,26640,25424,25136,24972
21900,"Fairmont, WV (Micropolitan Statistical Area)",2002,      Military,297,295,295,295,285,277,281,291,292,287,281,282,276,273,268,271,272,273
21980,"Fallon, NV (Micropolitan Statistical Area)",,Employment by place of work,,,,,,,,,,,,,,,,,,
21980,"Fallon, NV (Micropolitan Statistical Area)",10,Total employment (number of jobs),12219,12128,12309,12645,13064,13132,13166,13058,12405,11946,11793,11706,11793,11641,11699,11658,11872,12205
21980,"Fallon, NV (Micropolitan Statistical Area)",2002,      Military,1053,1074,1101,1129,1063,960,942,986,899,921,905,808,770,713,696,671,635,538
22060,"Faribault-Northfield, MN (Micropolitan Statistical Area)",,Employment by place of work,,,,,,,,,,,,,,,,,,
22060,"Faribault-Northfield, MN (Micropolitan Statistical Area)",10,Total employment (number of jobs),31535,32131,31966,31936,32269,32749,33401,33170,32909,32459,32102,32390,32863,33388,34070,34848,35174,35671
22060,"Faribault-Northfield, MN (Micropolitan Statistical Area)",2002,      Military,202,206,210,218,246,243,256,223,217,221,220,217,211,208,209,208,209,206
22100,"Farmington, MO (Micropolitan Statistical Area)",,Employment by place of work,,,,,,,,,,,,,,,,,,
22100,"Farmington, MO (Micropolitan Statistical Area)",10,Total employment (number of jobs),25980,26218,27033,28349,29032,29731,30929,30984,30255,29926,29836,29787,30081,30116,30412,30424,31246,31303
22100,"Farmington, MO (Micropolitan Statistical Area)",2002,      Military,214,212,218,226,208,216,237,239,246,214,209,209,210,206,200,202,201,199
22260,"Fergus Falls, MN (Micropolitan Statistical Area)",,Employment by place of work,,,,,,,,,,,,,,,,,,
22260,"Fergus Falls, MN (Micropolitan Statistical Area)",10,Total employment (number of jobs),32280,32287,32555,32968,33542,33416,33997,34004,33413,33452,33971,34082,34339,34605,34644,34954,35178,35359
22260,"Fergus Falls, MN (Micropolitan Statistical Area)",2002,      Military,221,223,224,230,255,249,259,224,215,217,216,213,207,203,203,201,202,200
22280,"Fernley, NV (Micropolitan Statistical Area)",,Employment by place of work,,,,,,,,,,,,,,,,,,
22280,"Fernley, NV (Micropolitan Statistical Area)",10,Total employment (number of jobs),14220,14184,14701,15723,17311,18130,18730,18188,16478,16067,16319,16450,16764,17465,16498,16739,17187,17625
22280,"Fernley, NV (Micropolitan Statistical Area)",2002,      Military,70,74,80,84,92,101,109,118,121,130,136,140,141,138,142,143,145,145
22300,"Findlay, OH (Micropolitan Statistical Area)",,Employment by place of work,,,,,,,,,,,,,,,,,,
22300,"Findlay, OH (Micropolitan Statistical Area)",10,Total employment (number of jobs),50624,50557,49750,50320,50994,52196,52645,52256,49189,50070,50932,51578,52599,53847,54767,55932,56392,56240
22300,"Findlay, OH (Micropolitan Statistical Area)",2002,      Military,191,199,200,197,184,185,181,188,192,189,191,192,191,188,189,189,188,187
22340,"Fitzgerald, GA (Micropolitan Statistical Area)",,Employment by place of work,,,,,,,,,,,,,,,,,,
22340,"Fitzgerald, GA (Micropolitan Statistical Area)",10,Total employment (number of jobs),10144,9857,9468,10007,10207,10193,9670,8890,8070,8094,7933,7840,8092,8286,8310,8303,8000,7895
22340,"Fitzgerald, GA (Micropolitan Statistical Area)",2002,      Military,58,59,59,55,54,55,55,56,56,56,53,51,50,49,48,47,45,44
22580,"Forest City, NC (Micropolitan Statistical Area)",,Employment by place of work,,,,,,,,,,,,,,,,,,
22580,"Forest City, NC (Micropolitan Statistical Area)",10,Total employment (number of jobs),30972,29768,29324,28682,28329,28986,28651,28454,26524,25776,26615,26340,26221,26460,26370,26295,26147,26764
22580,"Forest City, NC (Micropolitan Statistical Area)",2002,      Military,176,177,180,165,156,166,169,171,168,166,174,170,165,160,158,154,149,144
22620,"Forrest City, AR (Micropolitan Statistical Area)",,Employment by place of work,,,,,,,,,,,,,,,,,,
22620,"Forrest City, AR (Micropolitan Statistical Area)",10,Total employment (number of jobs),12286,12413,12167,12032,12195,11991,11619,11468,11496,11592,11864,11665,11491,11443,11067,10937,10876,10883
22620,"Forrest City, AR (Micropolitan Statistical Area)",2002,      Military,141,138,138,130,148,145,139,118,119,108,105,106,107,103,100,94,89,83
22700,"Fort Dodge, IA (Micropolitan Statistical Area)",,Employment by place of work,,,,,,,,,,,,,,,,,,
22700,"Fort Dodge, IA (Micropolitan Statistical Area)",10,Total employment (number of jobs),25228,24335,24246,24142,24465,24632,25059,25181,24172,23331,23260,23073,23646,23643,24391,24560,23587,23540
22700,"Fort Dodge, IA (Micropolitan Statistical Area)",2002,      Military,180,179,180,176,168,164,157,159,158,157,153,150,145,142,134,128,126,121
22780,"Fort Leonard Wood, MO (Micropolitan Statistical Area)",,Employment by place of work,,,,,,,,,,,,,,,,,,
22780,"Fort Leonard Wood, MO (Micropolitan Statistical Area)",10,Total employment (number of jobs),24998,25854,26341,26791,27300,28814,29477,31190,32021,31684,31643,29931,30768,28708,28483,27794,28685,28522
22780,"Fort Leonard Wood, MO (Micropolitan Statistical Area)",2002,      Military,10359,10382,10385,10467,10166,11246,11721,12953,13128,12496,12559,11512,12273,10498,10555,10344,10885,10616
22800,"Fort Madison-Keokuk, IA-IL-MO (Micropolitan Statistical Area)",,Employment by place of work,,,,,,,,,,,,,,,,,,
22800,"Fort Madison-Keokuk, IA-IL-MO (Micropolitan Statistical Area)",10,Total employment (number of jobs),34837,33816,33049,32715,32696,32738,32830,32568,30998,30703,31016,31319,30686,31439,32010,31159,29628,29836
22800,"Fort Madison-Keokuk, IA-IL-MO (Micropolitan Statistical Area)",2002,      Military,281,283,283,281,267,254,233,232,233,229,226,223,218,213,208,199,199,194
22820,"Fort Morgan, CO (Micropolitan Statistical Area)",,Employment by place of work,,,,,,,,,,,,,,,,,,
22820,"Fort Morgan, CO (Micropolitan Statistical Area)",10,Total employment (number of jobs),15135,15072,15560,15339,15519,15534,15595,15707,15628,15686,16422,16403,16438,16937,16797,16763,17185,17572
22820,"Fort Morgan, CO (Micropolitan Statistical Area)",2002,      Military,76,77,78,74,66,67,69,70,72,76,77,74,74,71,71,71,71,68
22840,"Fort Payne, AL (Micropolitan Statistical Area)",,Employment by place of work,,,,,,,,,,,,,,,,,,
22840,"Fort Payne, AL (Micropolitan Statistical Area)",10,Total employment (number of jobs),34381,34033,33754,33993,33581,34456,34785,34600,31643,31294,30835,30454,31126,31295,31276,31601,31832,32641
22840,"Fort Payne, AL (Micropolitan Statistical Area)",2002,      Military,384,377,374,428,399,401,393,332,344,343,349,330,326,321,317,310,305,296
22860,"Fort Polk South, LA (Micropolitan Statistical Area)",,Employment by place of work,,,,,,,,,,,,,,,,,,
22860,"Fort Polk South, LA (Micropolitan Statistical Area)",10,Total employment (number of jobs),25335,25316,25661,26616,26983,26998,27231,27475,27483,28496,29128,28529,27284,26208,25923,25285,25374,25146
22860,"Fort Polk South, LA (Micropolitan Statistical Area)",2002,      Military,8783,8744,9029,9065,8435,7945,8175,8942,8994,9696,9932,9334,9124,8494,8211,7797,7915,7871
23140,"Frankfort, IN (Micropolitan Statistical Area)",,Employment by place of work,,,,,,,,,,,,,,,,,,
23140,"Frankfort, IN (Micropolitan Statistical Area)",10,Total employment (number of jobs),15348,15127,15382,15341,15293,15496,15743,15342,14718,14642,14519,14549,14468,14772,14883,14832,14805,15028
23140,"Frankfort, IN (Micropolitan Statistical Area)",2002,      Military,115,111,112,106,103,103,104,109,111,110,110,105,103,101,100,96,95,94
23180,"Frankfort, KY (Micropolitan Statistical Area)",,Employment by place of work,,,,,,,,,,,,,,,,,,
23180,"Frankfort, KY (Micropolitan Statistical Area)",10,Total employment (number of jobs),45874,45725,45854,46069,46362,46743,47340,45802,44419,44276,44835,45083,45687,46616,47062,47249,47214,47718
23180,"Frankfort, KY (Micropolitan Statistical Area)",2002,      Military,239,236,227,219,221,226,234,243,245,256,252,254,244,237,241,240,233,234
23240,"Fredericksburg, TX (Micropolitan Statistical Area)",,Employment by place of work,,,,,,,,,,,,,,,,,,
23240,"Fredericksburg, TX (Micropolitan Statistical Area)",10,Total employment (number of jobs),13542,13898,14066,14675,15604,16017,16764,17218,17633,17475,18069,18277,18669,19415,19998,20412,20547,21011
23240,"Fredericksburg, TX (Micropolitan Statistical Area)",2002,      Military,52,54,54,55,51,53,54,57,58,57,56,54,53,52,51,52,52,52
23300,"Freeport, IL (Micropolitan Statistical Area)",,Employment by place of work,,,,,,,,,,,,,,,,,,
23300,"Freeport, IL (Micropolitan Statistical Area)",10,Total employment (number of jobs),27815,27605,27121,26639,26572,26684,26793,26997,25933,25066,25371,25172,24567,24300,23928,23380,23988,24434
23300,"Freeport, IL (Micropolitan Statistical Area)",2002,      Military,107,108,106,100,93,95,96,97,97,97,95,93,93,91,90,90,90,88
23340,"Fremont, NE (Micropolitan Statistical Area)",,Employment by place of work,,,,,,,,,,,,,,,,,,
23340,"Fremont, NE (Micropolitan Statistical Area)",10,Total employment (number of jobs),22051,22117,21955,21994,21859,22348,22532,22613,22147,21741,22130,22289,22498,22833,23061,22892,23182,23080
23340,"Fremont, NE (Micropolitan Statistical Area)",2002,      Military,147,147,153,156,143,147,144,155,156,149,148,143,134,132,128,124,124,122
23380,"Fremont, OH (Micropolitan Statistical Area)",,Employment by place of work,,,,,,,,,,,,,,,,,,
23380,"Fremont, OH (Micropolitan Statistical Area)",10,Total employment (number of jobs),32749,32453,32257,32643,32287,32451,32957,32399,30725,31668,32081,32083,32175,32272,32767,33317,33315,33272
23380,"Fremont, OH (Micropolitan Statistical Area)",2002,      Military,165,170,170,167,156,156,151,156,158,155,155,155,153,150,149,149,147,146
23500,"Gaffney, SC (Micropolitan Statistical Area)",,Employment by place of work,,,,,,,,,,,,,,,,,,
23500,"Gaffney, SC (Micropolitan Statistical Area)",10,Total employment (number of jobs),24540,23332,22969,23629,23727,23893,24670,24335,22228,22049,22955,23113,23647,24065,24009,24389,24859,26864
23500,"Gaffney, SC (Micropolitan Statistical Area)",2002,      Military,259,260,254,243,235,229,229,241,241,244,239,232,230,225,222,227,222,208
23620,"Gainesville, TX (Micropolitan Statistical Area)",,Employment by place of work,,,,,,,,,,,,,,,,,,
23620,"Gainesville, TX (Micropolitan Statistical Area)",10,Total employment (number of jobs),20299,19416,20036,20479,21632,22692,24075,25026,23493,24058,24799,25919,25660,25362,25147,24722,24485,24996
23620,"Gainesville, TX (Micropolitan Statistical Area)",2002,      Military,92,93,92,92,86,85,86,90,90,87,85,83,80,78,77,77,78,78
23660,"Galesburg, IL (Micropolitan Statistical Area)",,Employment by place of work,,,,,,,,,,,,,,,,,,
23660,"Galesburg, IL (Micropolitan Statistical Area)",10,Total employment (number of jobs),31281,30146,29359,28284,26880,27214,27307,27212,26980,26760,26713,26701,26499,26669,26455,25986,24838,24643
23660,"Galesburg, IL (Micropolitan Statistical Area)",2002,      Military,113,114,111,104,96,99,100,101,101,101,100,98,97,96,95,95,95,92
23700,"Gallup, NM (Micropolitan Statistical Area)",,Employment by place of work,,,,,,,,,,,,,,,,,,
23700,"Gallup, NM (Micropolitan Statistical Area)",10,Total employment (number of jobs),27753,28474,29712,30726,31287,31727,32767,32166,31372,31042,31012,30545,30071,30077,30166,29058,28859,28710
23700,"Gallup, NM (Micropolitan Statistical Area)",2002,      Military,242,233,223,210,192,185,181,189,186,192,203,199,199,196,186,187,185,182
23780,"Garden City, KS (Micropolitan Statistical Area)",,Employment by place of work,,,,,,,,,,,,,,,,,,
23780,"Garden City, KS (Micropolitan Statistical Area)",10,Total employment (number of jobs),25383,24712,24309,24212,23890,23865,24478,25043,24919,25143,26074,25422,25667,26252,26279,26794,27323,27935
23780,"Garden City, KS (Micropolitan Statistical Area)",2002,      Military,208,205,199,191,193,198,185,170,170,174,177,174,171,169,165,159,156,147
23820,"Gardnerville Ranchos, NV (Micropolitan Statistical Area)",,Employment by place of work,,,,,,,,,,,,,,,,,,
23820,"Gardnerville Ranchos, NV (Micropolitan Statistical Area)",10,Total employment (number of jobs),29036,29285,30303,31571,32071,32063,32438,31364,29041,27687,27724,27640,28573,28803,29730,29906,30283,31136
23820,"Gardnerville Ranchos, NV (Micropolitan Statistical Area)",2002,      Military,83,86,90,92,93,95,100,107,110,117,124,129,129,127,130,130,129,126
23860,"Georgetown, SC (Micropolitan Statistical Area)",,Employment by place of work,,,,,,,,,,,,,,,,,,
23860,"Georgetown, SC (Micropolitan Statistical Area)",10,Total employment (number of jobs),28592,29794,29563,30149,31337,33467,33972,33379,31521,30970,31080,30689,31026,31823,32499,33685,33716,34685
23860,"Georgetown, SC (Micropolitan Statistical Area)",2002,      Military,317,324,320,307,300,296,298,309,306,307,300,296,288,280,279,271,270,268
23940,"Gillette, WY (Micropolitan Statistical Area)",,Employment by place of work,,,,,,,,,,,,,,,,,,
23940,"Gillette, WY (Micropolitan Statistical Area)",10,Total employment (number of jobs),34515,34861,34613,35392,37568,40781,43383,46066,45213,44528,44349,45360,44993,46586,46119,43179,42384,43170
23940,"Gillette, WY (Micropolitan Statistical Area)",2002,      Military,273,278,277,283,291,315,340,342,363,355,349,338,336,333,337,329,316,314
23980,"Glasgow, KY (Micropolitan Statistical Area)",,Employment by place of work,,,,,,,,,,,,,,,,,,
23980,"Glasgow, KY (Micropolitan Statistical Area)",10,Total employment (number of jobs),29713,29225,29210,29905,29839,30056,30189,29541,27144,27280,27990,28785,28461,28170,28250,29099,28889,28894
23980,"Glasgow, KY (Micropolitan Statistical Area)",2002,      Military,159,160,160,153,156,160,163,167,166,171,172,173,171,169,166,165,158,160
24060,"Glenwood Springs, CO (Micropolitan Statistical Area)",,Employment by place of work,,,,,,,,,,,,,,,,,,
24060,"Glenwood Springs, CO (Micropolitan Statistical Area)",10,Total employment (number of jobs),51595,51232,52032,53896,56796,60735,63593,66212,61218,59063,59900,60535,61522,63370,63400,63213,63838,65154
24060,"Glenwood Springs, CO (Micropolitan Statistical Area)",2002,      Military,169,174,176,170,155,163,174,183,193,199,198,195,196,192,193,195,195,188
24100,"Gloversville, NY (Micropolitan Statistical Area)",,Employment by place of work,,,,,,,,,,,,,,,,,,
24100,"Gloversville, NY (Micropolitan Statistical Area)",10,Total employment (number of jobs),23079,23118,22924,23026,22924,23129,23527,23586,22651,22573,22504,22438,22335,21902,22046,22194,22132,21971
24100,"Gloversville, NY (Micropolitan Statistical Area)",2002,      Military,104,103,100,97,90,89,89,93,92,89,92,90,88,86,85,84,83,82
24180,"Granbury, TX (Micropolitan Statistical Area)",,Employment by place of work,,,,,,,,,,,,,,,,,,
24180,"Granbury, TX (Micropolitan Statistical Area)",10,Total employment (number of jobs),16932,17551,18097,18760,19789,20901,22856,24015,23606,23348,25043,26043,27491,28757,28668,28473,28808,29817
24180,"Granbury, TX (Micropolitan Statistical Area)",2002,      Military,107,109,110,111,105,108,110,118,120,117,115,112,110,109,109,111,114,117
24330,"Grand Rapids, MN (Micropolitan Statistical Area)",,Employment by place of work,,,,,,,,,,,,,,,,,,
24330,"Grand Rapids, MN (Micropolitan Statistical Area)",10,Total employment (number of jobs),22104,22469,22273,22298,22690,22787,22756,22461,21922,21819,21889,21911,21772,22092,22354,21741,21704,22247
24330,"Grand Rapids, MN (Micropolitan Statistical Area)",2002,      Military,171,172,173,177,198,192,201,174,169,170,170,168,163,160,159,157,157,153
24380,"Grants, NM (Micropolitan Statistical Area)",,Employment by place of work,,,,,,,,,,,,,,,,,,
24380,"Grants, NM (Micropolitan Statistical Area)",10,Total employment (number of jobs),8736,9312,10172,10285,10584,10758,10916,10255,9994,9982,10028,10295,10234,10323,10334,10332,10083,10037
24380,"Grants, NM (Micropolitan Statistical Area)",2002,      Military,81,80,79,74,69,66,65,67,66,67,69,69,68,67,63,63,63,61
24460,"Great Bend, KS (Micropolitan Statistical Area)",,Employment by place of work,,,,,,,,,,,,,,,,,,
24460,"Great Bend, KS (Micropolitan Statistical Area)",10,Total employment (number of jobs),18535,18500,18041,18148,18297,18579,18894,19556,18889,19277,19145,20005,20653,21069,20335,19951,19365,19486
24460,"Great Bend, KS (Micropolitan Statistical Area)",2002,      Military,129,130,129,123,128,133,127,117,115,116,119,115,114,111,108,104,100,94
24620,"Greeneville, TN (Micropolitan Statistical Area)",,Employment by place of work,,,,,,,,,,,,,,,,,,
24620,"Greeneville, TN (Micropolitan Statistical Area)",10,Total employment (number of jobs),37540,37079,37428,38154,37885,37888,37224,35685,32906,32760,33656,33303,34086,34734,35570,36260,36710,36257
24620,"Greeneville, TN (Micropolitan Statistical Area)",2002,      Military,240,239,238,224,218,220,225,231,230,227,229,221,217,212,208,204,196,190
24700,"Greensburg, IN (Micropolitan Statistical Area)",,Employment by place of work,,,,,,,,,,,,,,,,,,
24700,"Greensburg, IN (Micropolitan Statistical Area)",10,Total employment (number of jobs),16223,16247,16053,16086,16133,16066,15928,15941,14741,14556,15097,16437,16952,17226,17167,17328,17568,17882
24700,"Greensburg, IN (Micropolitan Statistical Area)",2002,      Military,85,83,85,82,80,80,80,85,87,86,87,84,84,83,82,80,80,79
24740,"Greenville, MS (Micropolitan Statistical Area)",,Employment by place of work,,,,,,,,,,,,,,,,,,
24740,"Greenville, MS (Micropolitan Statistical Area)",10,Total employment (number of jobs),28839,27835,27381,27135,26156,25762,26097,26016,24819,24808,25179,24404,24159,24442,24135,23766,23552,23238
24740,"Greenville, MS (Micropolitan Statistical Area)",2002,      Military,414,415,408,378,358,354,344,342,339,335,332,331,315,307,301,297,283,277
24820,"Greenville, OH (Micropolitan Statistical Area)",,Employment by place of work,,,,,,,,,,,,,,,,,,
24820,"Greenville, OH (Micropolitan Statistical Area)",10,Total employment (number of jobs),26997,26659,27250,26907,26441,26165,26407,25925,25141,24956,25132,25928,26118,26197,26788,27120,27057,27372
24820,"Greenville, OH (Micropolitan Statistical Area)",2002,      Military,142,146,146,144,134,134,130,135,137,136,135,135,134,131,131,130,129,128
24900,"Greenwood, MS (Micropolitan Statistical Area)",,Employment by place of work,,,,,,,,,,,,,,,,,,
24900,"Greenwood, MS (Micropolitan Statistical Area)",10,Total employment (number of jobs),22276,22192,21722,21541,21913,22600,23102,22541,21683,21439,21320,21127,21160,21513,21493,21633,22158,22090
24900,"Greenwood, MS (Micropolitan Statistical Area)",2002,      Military,295,298,294,269,255,257,254,256,252,251,248,248,238,233,229,228,218,214
24940,"Greenwood, SC (Micropolitan Statistical Area)",,Employment by place of work,,,,,,,,,,,,,,,,,,
24940,"Greenwood, SC (Micropolitan Statistical Area)",10,Total employment (number of jobs),39088,37899,37419,37674,38273,37446,37855,37570,35975,35817,36654,36782,36755,37341,37468,37272,36830,37424
24940,"Greenwood, SC (Micropolitan Statistical Area)",2002,      Military,318,319,312,298,289,282,281,295,296,299,293,285,282,274,271,264,261,253
24980,"Grenada, MS (Micropolitan Statistical Area)",,Employment by place of work,,,,,,,,,,,,,,,,,,
24980,"Grenada, MS (Micropolitan Statistical Area)",10,Total employment (number of jobs),13729,13785,13706,13852,14043,14055,13766,13632,12459,12545,12885,12987,13137,13747,13836,13984,14091,14122
24980,"Grenada, MS (Micropolitan Statistical Area)",2002,      Military,147,149,149,138,133,137,136,136,136,135,133,134,129,127,126,125,121,120
25100,"Guymon, OK (Micropolitan Statistical Area)",,Employment by place of work,,,,,,,,,,,,,,,,,,
25100,"Guymon, OK (Micropolitan Statistical Area)",10,Total employment (number of jobs),14209,13652,13044,13293,13186,13031,12765,12713,12345,12350,12642,13081,13618,13384,12972,12792,12626,12595
25100,"Guymon, OK (Micropolitan Statistical Area)",2002,      Military,99,96,94,91,83,82,82,88,87,87,87,84,83,80,78,77,75,72
25200,"Hailey, ID (Micropolitan Statistical Area)",,Employment by place of work,,,,,,,,,,,,,,,,,,
25200,"Hailey, ID (Micropolitan Statistical Area)",10,Total employment (number of jobs),19160,19599,20018,20827,21327,21801,22335,22342,20795,19990,20125,20047,19914,20792,21343,21685,22186,22492
25200,"Hailey, ID (Micropolitan Statistical Area)",2002,      Military,83,85,87,87,82,86,87,89,88,85,84,84,83,82,80,76,74,75
25300,"Hannibal, MO (Micropolitan Statistical Area)",,Employment by place of work,,,,,,,,,,,,,,,,,,
25300,"Hannibal, MO (Micropolitan Statistical Area)",10,Total employment (number of jobs),22177,21896,21780,21988,22189,22356,22529,22638,22229,22929,22849,23043,23277,23260,23466,23466,23334,23495
25300,"Hannibal, MO (Micropolitan Statistical Area)",2002,      Military,148,147,148,150,138,142,154,155,157,136,133,133,133,130,126,128,126,125
25460,"Harrison, AR (Micropolitan Statistical Area)",,Employment by place of work,,,,,,,,,,,,,,,,,,
25460,"Harrison, AR (Micropolitan Statistical Area)",10,Total employment (number of jobs),23070,22771,22557,22724,23434,23928,24086,23653,23292,23193,23542,23500,23012,22783,23046,23136,23009,23375
25460,"Harrison, AR (Micropolitan Statistical Area)",2002,      Military,227,224,225,217,254,255,250,218,218,201,197,199,204,199,196,189,182,173
25580,"Hastings, NE (Micropolitan Statistical Area)",,Employment by place of work,,,,,,,,,,,,,,,,,,
25580,"Hastings, NE (Micropolitan Statistical Area)",10,Total employment (number of jobs),20338,19931,19466,19770,19962,20213,20854,20673,20348,19925,19999,20621,20779,20820,20923,21286,21105,21163
25580,"Hastings, NE (Micropolitan Statistical Area)",2002,      Military,122,122,126,128,118,120,118,129,130,124,122,119,114,111,109,106,106,103
25700,"Hays, KS (Micropolitan Statistical Area)",,Employment by place of work,,,,,,,,,,,,,,,,,,
25700,"Hays, KS (Micropolitan Statistical Area)",10,Total employment (number of jobs),22217,22213,21888,21521,21447,21919,22551,23277,23230,23692,23773,24919,25634,25630,25679,25736,25902,26093
25700,"Hays, KS (Micropolitan Statistical Area)",2002,      Military,126,127,127,122,126,132,127,118,117,118,122,120,119,117,114,111,108,102
25720,"Heber, UT (Micropolitan Statistical Area)",,Employment by place of work,,,,,,,,,,,,,,,,,,
25720,"Heber, UT (Micropolitan Statistical Area)",10,Total employment (number of jobs),32122,33039,33728,35830,38883,42090,45347,46292,44226,44267,46272,47753,49423,51902,54601,56903,58318,60038
25720,"Heber, UT (Micropolitan Statistical Area)",2002,      Military,321,324,340,326,343,349,344,338,350,343,354,318,282,282,287,290,289,291
25740,"Helena, MT (Micropolitan Statistical Area)",,Employment by place of work,,,,,,,,,,,,,,,,,,
25740,"Helena, MT (Micropolitan Statistical Area)",10,Total employment (number of jobs),43320,43246,44193,45249,46259,48329,50821,51678,51143,51044,51286,51900,52250,52426,52648,53049,53348,53817
25740,"Helena, MT (Micropolitan Statistical Area)",2002,      Military,364,370,365,360,350,355,364,372,376,376,392,394,386,379,374,361,362,357
25760,"Helena-West Helena, AR (Micropolitan Statistical Area)",,Employment by place of work,,,,,,,,,,,,,,,,,,
25760,"Helena-West Helena, AR (Micropolitan Statistical Area)",10,Total employment (number of jobs),10019,9702,9490,9382,8988,8943,8935,9072,9007,9178,8951,8742,8735,8728,8563,8368,8267,8407
25760,"Helena-West Helena, AR (Micropolitan Statistical Area)",2002,      Military,139,132,131,123,139,133,126,108,106,96,93,91,92,88,85,80,74,69
25780,"Henderson, NC (Micropolitan Statistical Area)",,Employment by place of work,,,,,,,,,,,,,,,,,,
25780,"Henderson, NC (Micropolitan Statistical Area)",10,Total employment (number of jobs),22664,22245,21521,20990,21045,21022,21164,20961,19766,19696,19234,19494,19553,19779,19926,19735,19523,19192
25780,"Henderson, NC (Micropolitan Statistical Area)",2002,      Military,122,123,124,114,107,113,115,115,112,111,116,114,110,107,106,103,99,96
25820,"Hereford, TX (Micropolitan Statistical Area)",,Employment by place of work,,,,,,,,,,,,,,,,,,
25820,"Hereford, TX (Micropolitan Statistical Area)",10,Total employment (number of jobs),8778,8365,8151,8272,8936,8948,9571,9687,9630,9543,9736,9650,9866,9675,9730,9913,9969,10181
25820,"Hereford, TX (Micropolitan Statistical Area)",2002,      Military,46,46,46,46,42,42,43,45,45,44,43,41,40,38,37,37,37,36
25840,"Hermiston-Pendleton, OR (Micropolitan Statistical Area)",,Employment by place of work,,,,,,,,,,,,,,,,,,
25840,"Hermiston-Pendleton, OR (Micropolitan Statistical Area)",10,Total employment (number of jobs),43241,43958,44074,43938,43888,44267,45031,45199,44922,44844,45743,45880,45856,46121,46345,46943,47876,48685
25840,"Hermiston-Pendleton, OR (Micropolitan Statistical Area)",2002,      Military,266,275,276,272,264,258,254,245,253,251,256,248,240,234,226,215,214,208
25880,"Hillsdale, MI (Micropolitan Statistical Area)",,Employment by place of work,,,,,,,,,,,,,,,,,,
25880,"Hillsdale, MI (Micropolitan Statistical Area)",10,Total employment (number of jobs),22066,21659,21334,20549,20406,20052,19778,18443,17192,17163,17928,17961,18555,18556,19096,19256,18870,19372
25880,"Hillsdale, MI (Micropolitan Statistical Area)",2002,      Military,92,93,92,91,86,85,86,85,85,86,85,82,77,75,75,71,70,70
25900,"Hilo, HI (Micropolitan Statistical Area)",,Employment by place of work,,,,,,,,,,,,,,,,,,
25900,"Hilo, HI (Micropolitan Statistical Area)",10,Total employment (number of jobs),81454,83553,85805,89835,95409,99124,103435,100969,96014,94317,95454,96980,99690,101902,104024,105378,107763,109624
25900,"Hilo, HI (Micropolitan Statistical Area)",2002,      Military,1411,1293,1317,1303,1321,1340,1350,1356,1358,1361,1369,1353,1350,1338,1356,1379,1373,1392
26020,"Hobbs, NM (Micropolitan Statistical Area)",,Employment by place of work,,,,,,,,,,,,,,,,,,
26020,"Hobbs, NM (Micropolitan Statistical Area)",10,Total employment (number of jobs),29553,28712,29650,30199,31580,33069,34608,36550,34020,34225,36080,38327,40110,41737,40439,36745,37491,41383
26020,"Hobbs, NM (Micropolitan Statistical Area)",2002,      Military,176,177,173,166,154,152,154,165,167,170,176,178,183,185,178,176,173,172
26090,"Holland, MI (Micropolitan Statistical Area)",,Employment by place of work,,,,,,,,,,,,,,,,,,
26090,"Holland, MI (Micropolitan Statistical Area)",10,Total employment (number of jobs),51026,48650,47230,47718,48511,49556,49924,48903,46006,45661,48413,48513,50656,51815,52960,54457,54576,56298
26090,"Holland, MI (Micropolitan Statistical Area)",2002,      Military,214,219,216,215,206,206,207,208,208,212,209,204,193,192,190,184,184,185
26220,"Hood River, OR (Micropolitan Statistical Area)",,Employment by place of work,,,,,,,,,,,,,,,,,,
26220,"Hood River, OR (Micropolitan Statistical Area)",10,Total employment (number of jobs),13167,13265,13530,14172,14588,15090,15550,15680,15649,15766,15762,15700,16046,16329,16354,16897,17662,18337
26220,"Hood River, OR (Micropolitan Statistical Area)",2002,      Military,64,66,66,64,62,62,60,59,62,62,62,62,61,59,58,56,56,54
26260,"Hope, AR (Micropolitan Statistical Area)",,Employment by place of work,,,,,,,,,,,,,,,,,,
26260,"Hope, AR (Micropolitan Statistical Area)",10,Total employment (number of jobs),15833,15952,15678,15365,15240,15233,15169,14586,14414,14293,14862,15010,14266,14231,14115,14289,14143,14347
26260,"Hope, AR (Micropolitan Statistical Area)",2002,      Military,175,171,171,162,187,184,178,152,153,140,137,137,140,137,133,127,120,115
26340,"Houghton, MI (Micropolitan Statistical Area)",,Employment by place of work,,,,,,,,,,,,,,,,,,
26340,"Houghton, MI (Micropolitan Statistical Area)",10,Total employment (number of jobs),17585,17569,17548,17721,17815,17732,17760,17679,17630,17327,17222,16990,17130,17274,16922,16886,16861,16948
26340,"Houghton, MI (Micropolitan Statistical Area)",2002,      Military,100,105,107,102,99,102,101,97,103,104,103,100,96,92,93,90,91,94
26460,"Hudson, NY (Micropolitan Statistical Area)",,Employment by place of work,,,,,,,,,,,,,,,,,,
26460,"Hudson, NY (Micropolitan Statistical Area)",10,Total employment (number of jobs),29655,29270,29707,30547,30526,30622,30868,30660,30000,29464,29805,30221,30960,31972,32127,32578,32845,33189
26460,"Hudson, NY (Micropolitan Statistical Area)",2002,      Military,117,116,114,109,102,101,100,103,103,100,102,100,98,97,96,93,92,91
26500,"Huntingdon, PA (Micropolitan Statistical Area)",,Employment by place of work,,,,,,,,,,,,,,,,,,
26500,"Huntingdon, PA (Micropolitan Statistical Area)",10,Total employment (number of jobs),18612,18815,18560,18530,18433,18849,19189,19091,18761,18666,18840,18714,18613,18490,18355,18418,18569,18653
26500,"Huntingdon, PA (Micropolitan Statistical Area)",2002,      Military,138,137,138,129,123,125,118,115,112,112,109,111,110,108,107,106,105,103
26540,"Huntington, IN (Micropolitan Statistical Area)",,Employment by place of work,,,,,,,,,,,,,,,,,,
26540,"Huntington, IN (Micropolitan Statistical Area)",10,Total employment (number of jobs),20802,20513,20267,20561,20611,20330,20450,19937,18460,18557,18922,18765,18983,19176,19192,18722,18487,18366
26540,"Huntington, IN (Micropolitan Statistical Area)",2002,      Military,128,125,126,119,116,115,116,121,123,122,122,117,115,112,112,107,106,104
26660,"Huntsville, TX (Micropolitan Statistical Area)",,Employment by place of work,,,,,,,,,,,,,,,,,,
26660,"Huntsville, TX (Micropolitan Statistical Area)",10,Total employment (number of jobs),27865,28043,27972,28483,28763,29109,29792,30590,31728,31776,31384,31784,31722,32440,32584,33621,34000,34542
26660,"Huntsville, TX (Micropolitan Statistical Area)",2002,      Military,120,122,122,122,112,114,114,120,123,126,149,141,138,135,144,140,139,138
26700,"Huron, SD (Micropolitan Statistical Area)",,Employment by place of work,,,,,,,,,,,,,,,,,,
26700,"Huron, SD (Micropolitan Statistical Area)",10,Total employment (number of jobs),12425,12031,11756,11873,11838,12333,12842,13263,13213,13376,13778,14069,13919,13837,13759,13740,13844,14035
26700,"Huron, SD (Micropolitan Statistical Area)",2002,      Military,131,131,128,124,115,114,115,118,122,125,124,120,119,115,116,113,111,112
26740,"Hutchinson, KS (Micropolitan Statistical Area)",,Employment by place of work,,,,,,,,,,,,,,,,,,
26740,"Hutchinson, KS (Micropolitan Statistical Area)",10,Total employment (number of jobs),38681,38593,37483,37422,37170,37627,38071,38740,38282,38308,38213,38073,37788,37895,37630,36789,36707,36915
26740,"Hutchinson, KS (Micropolitan Statistical Area)",2002,      Military,293,293,292,280,289,301,287,267,261,265,269,261,258,253,246,238,232,219
26780,"Hutchinson, MN (Micropolitan Statistical Area)",,Employment by place of work,,,,,,,,,,,,,,,,,,
26780,"Hutchinson, MN (Micropolitan Statistical Area)",10,Total employment (number of jobs),23358,23156,23084,23344,23926,24834,24611,24248,23024,22647,22728,22468,22932,22941,23381,22426,22127,22260
26780,"Hutchinson, MN (Micropolitan Statistical Area)",2002,      Military,137,139,140,145,163,160,167,144,139,140,138,135,130,127,127,125,126,123
26860,"Indiana, PA (Micropolitan Statistical Area)",,Employment by place of work,,,,,,,,,,,,,,,,,,
26860,"Indiana, PA (Micropolitan Statistical Area)",10,Total employment (number of jobs),43536,42573,43035,44158,45063,45693,46496,46744,46556,46790,46864,47810,47545,47226,45742,44012,43787,43682
26860,"Indiana, PA (Micropolitan Statistical Area)",2002,      Military,301,295,295,274,258,261,245,239,233,233,224,228,226,223,221,216,212,208
26940,"Indianola, MS (Micropolitan Statistical Area)",,Employment by place of work,,,,,,,,,,,,,,,,,,
26940,"Indianola, MS (Micropolitan Statistical Area)",10,Total employment (number of jobs),14029,13480,12823,12833,12960,13504,13131,12811,12542,12285,12276,11986,11795,12176,11986,11934,11931,11829
26940,"Indianola, MS (Micropolitan Statistical Area)",2002,      Military,185,186,183,169,160,161,160,159,156,154,153,153,143,139,137,134,128,125
27020,"Iron Mountain, MI-WI (Micropolitan Statistical Area)",,Employment by place of work,,,,,,,,,,,,,,,,,,
27020,"Iron Mountain, MI-WI (Micropolitan Statistical Area)",10,Total employment (number of jobs),19334,19668,19337,19612,19506,19475,19253,19176,18159,18146,18367,18434,18694,18997,18768,18729,18893,19290
27020,"Iron Mountain, MI-WI (Micropolitan Statistical Area)",2002,      Military,73,72,71,70,66,65,65,64,62,62,68,79,74,76,74,70,67,70
27160,"Jackson, OH (Micropolitan Statistical Area)",,Employment by place of work,,,,,,,,,,,,,,,,,,
27160,"Jackson, OH (Micropolitan Statistical Area)",10,Total employment (number of jobs),13986,14422,14532,14746,15424,15200,15052,14612,14233,14079,14036,14042,14175,13956,13854,13491,13731,13851
27160,"Jackson, OH (Micropolitan Statistical Area)",2002,      Military,87,91,91,89,84,84,82,85,86,85,85,84,84,83,82,82,81,81
27220,"Jackson, WY-ID (Micropolitan Statistical Area)",,Employment by place of work,,,,,,,,,,,,,,,,,,
27220,"Jackson, WY-ID (Micropolitan Statistical Area)",10,Total employment (number of jobs),26229,26134,26327,27229,28368,30356,32703,33736,31964,31245,31588,32269,34026,35596,36596,38208,39233,40083
27220,"Jackson, WY-ID (Micropolitan Statistical Area)",2002,      Military,133,135,136,140,141,151,160,163,166,163,162,157,159,159,159,157,158,157
27300,"Jacksonville, IL (Micropolitan Statistical Area)",,Employment by place of work,,,,,,,,,,,,,,,,,,
27300,"Jacksonville, IL (Micropolitan Statistical Area)",10,Total employment (number of jobs),22614,21815,21977,21511,21280,21156,21538,21720,21305,20571,20502,20572,20504,20585,20716,20514,20075,20194
27300,"Jacksonville, IL (Micropolitan Statistical Area)",2002,      Military,85,86,85,80,75,77,78,78,78,78,77,76,74,73,73,73,73,71
27380,"Jacksonville, TX (Micropolitan Statistical Area)",,Employment by place of work,,,,,,,,,,,,,,,,,,
27380,"Jacksonville, TX (Micropolitan Statistical Area)",10,Total employment (number of jobs),22256,22187,22213,21460,21743,21483,21749,21480,20975,20819,21736,21811,21778,21707,21812,22680,22610,23002
27380,"Jacksonville, TX (Micropolitan Statistical Area)",2002,      Military,113,114,114,113,105,106,107,113,114,111,109,105,102,99,98,98,98,98
27420,"Jamestown, ND (Micropolitan Statistical Area)",,Employment by place of work,,,,,,,,,,,,,,,,,,
27420,"Jamestown, ND (Micropolitan Statistical Area)",10,Total employment (number of jobs),14358,13988,13775,13913,14013,14268,14423,14452,14740,14706,14569,14763,15041,15092,15188,15180,14951,14841
27420,"Jamestown, ND (Micropolitan Statistical Area)",2002,      Military,166,162,159,150,143,147,144,144,144,145,145,139,134,129,125,121,123,118
27460,"Jamestown-Dunkirk-Fredonia, NY (Micropolitan Statistical Area)",,Employment by place of work,,,,,,,,,,,,,,,,,,
27460,"Jamestown-Dunkirk-Fredonia, NY (Micropolitan Statistical Area)",10,Total employment (number of jobs),71122,70087,69791,70256,70665,70334,71547,71165,68581,67232,66857,66641,65952,65478,65558,64436,64372,64279
27460,"Jamestown-Dunkirk-Fredonia, NY (Micropolitan Statistical Area)",2002,      Military,260,258,250,237,221,217,213,222,218,211,215,212,207,203,201,196,193,191
27530,"Jasper, AL (Micropolitan Statistical Area)",,Employment by place of work,,,,,,,,,,,,,,,,,,
27530,"Jasper, AL (Micropolitan Statistical Area)",10,Total employment (number of jobs),24472,24385,24706,25189,25669,26195,26665,26595,25765,24871,25468,25634,25635,25797,25700,25204,25102,25540
27530,"Jasper, AL (Micropolitan Statistical Area)",2002,      Military,412,399,389,437,404,400,383,321,327,323,326,308,303,295,290,282,274,264
27540,"Jasper, IN (Micropolitan Statistical Area)",,Employment by place of work,,,,,,,,,,,,,,,,,,
27540,"Jasper, IN (Micropolitan Statistical Area)",10,Total employment (number of jobs),39256,38467,38038,38378,38571,38888,39226,38880,37412,37086,37621,37802,38252,38921,39231,40115,40323,40057
27540,"Jasper, IN (Micropolitan Statistical Area)",2002,      Military,182,178,181,173,169,170,172,181,184,182,184,176,174,171,170,164,164,161
27600,"Jefferson, GA (Micropolitan Statistical Area)",,Employment by place of work,,,,,,,,,,,,,,,,,,
27600,"Jefferson, GA (Micropolitan Statistical Area)",10,Total employment (number of jobs),20738,21063,21626,23935,25852,26542,26255,26441,24650,24360,25140,25971,26584,27790,29558,34215,36743,38117
27600,"Jefferson, GA (Micropolitan Statistical Area)",2002,      Military,146,155,160,155,158,170,179,189,191,194,184,176,176,175,177,178,182,187
27660,"Jennings, LA (Micropolitan Statistical Area)",,Employment by place of work,,,,,,,,,,,,,,,,,,
27660,"Jennings, LA (Micropolitan Statistical Area)",10,Total employment (number of jobs),10750,10962,11489,11428,11712,11980,12336,12639,12358,12266,12452,12560,12884,12915,12741,12579,12669,12670
27660,"Jennings, LA (Micropolitan Statistical Area)",2002,      Military,163,160,157,148,141,138,135,135,132,154,150,146,147,146,138,148,133,117
27700,"Jesup, GA (Micropolitan Statistical Area)",,Employment by place of work,,,,,,,,,,,,,,,,,,
27700,"Jesup, GA (Micropolitan Statistical Area)",10,Total employment (number of jobs),11659,11663,11692,11882,12239,12322,12563,12099,11611,11403,11497,11510,11608,11496,11383,10952,11165,11349
27700,"Jesup, GA (Micropolitan Statistical Area)",2002,      Military,85,88,90,84,83,85,86,89,89,90,86,83,81,79,79,77,76,75
27940,"Juneau, AK (Micropolitan Statistical Area)",,Employment by place of work,,,,,,,,,,,,,,,,,,
27940,"Juneau, AK (Micropolitan Statistical Area)",10,Total employment (number of jobs),22138,22102,22021,22096,22422,23022,23197,23293,22788,23258,23417,23683,23498,23262,23329,23448,23431,23608
27940,"Juneau, AK (Micropolitan Statistical Area)",2002,      Military,398,434,438,432,437,447,442,445,458,472,492,483,472,456,471,467,459,451
28060,"Kalispell, MT (Micropolitan Statistical Area)",,Employment by place of work,,,,,,,,,,,,,,,,,,
28060,"Kalispell, MT (Micropolitan Statistical Area)",10,Total employment (number of jobs),49965,50901,52040,54129,56952,59571,62335,61978,57763,57151,57420,58236,59716,60589,62517,63849,65384,67077
28060,"Kalispell, MT (Micropolitan Statistical Area)",2002,      Military,407,420,422,420,415,430,445,457,457,455,467,468,463,461,452,442,445,443
28180,"Kapaa, HI (Micropolitan Statistical Area)",,Employment by place of work,,,,,,,,,,,,,,,,,,
28180,"Kapaa, HI (Micropolitan Statistical Area)",10,Total employment (number of jobs),36731,36910,38312,39759,40960,42133,43647,43048,40461,40422,40863,41548,42950,43473,44472,44935,45949,46941
28180,"Kapaa, HI (Micropolitan Statistical Area)",2002,      Military,640,596,612,618,610,580,569,570,559,553,571,593,602,609,612,611,608,622
28260,"Kearney, NE (Micropolitan Statistical Area)",,Employment by place of work,,,,,,,,,,,,,,,,,,
28260,"Kearney, NE (Micropolitan Statistical Area)",10,Total employment (number of jobs),35069,35505,35599,36038,36674,37616,38262,37867,37367,37596,38072,38929,39372,39907,40187,40289,40305,41042
28260,"Kearney, NE (Micropolitan Statistical Area)",2002,      Military,193,196,206,211,195,201,200,215,219,211,211,208,198,196,191,190,191,186
28300,"Keene, NH (Micropolitan Statistical Area)",,Employment by place of work,,,,,,,,,,,,,,,,,,
28300,"Keene, NH (Micropolitan Statistical Area)",10,Total employment (number of jobs),43815,44284,44637,45439,46411,46735,46733,46194,45164,44484,44532,44829,45033,44987,45335,45111,44954,45170
28300,"Keene, NH (Micropolitan Statistical Area)",2002,      Military,231,230,240,238,222,213,216,234,250,254,247,245,246,241,235,234,241,236
28340,"Kendallville, IN (Micropolitan Statistical Area)",,Employment by place of work,,,,,,,,,,,,,,,,,,
28340,"Kendallville, IN (Micropolitan Statistical Area)",10,Total employment (number of jobs),25595,25093,24851,24949,25175,24843,24892,23557,21105,21748,22697,22913,23327,23982,24443,23899,24148,24755
28340,"Kendallville, IN (Micropolitan Statistical Area)",2002,      Military,162,157,160,152,148,148,150,158,161,158,159,153,150,148,148,143,141,139
28380,"Kennett, MO (Micropolitan Statistical Area)",,Employment by place of work,,,,,,,,,,,,,,,,,,
28380,"Kennett, MO (Micropolitan Statistical Area)",10,Total employment (number of jobs),14536,14561,14539,14649,14509,14383,14043,13739,13821,13559,13697,14414,14373,14448,14312,13951,13603,13540
28380,"Kennett, MO (Micropolitan Statistical Area)",2002,      Military,132,129,129,130,119,121,131,131,132,113,111,110,110,106,102,102,99,96
28500,"Kerrville, TX (Micropolitan Statistical Area)",,Employment by place of work,,,,,,,,,,,,,,,,,,
28500,"Kerrville, TX (Micropolitan Statistical Area)",10,Total employment (number of jobs),24598,24746,25419,26199,28050,28483,29655,30291,29556,29019,28907,29166,29747,30487,30769,31115,31299,32163
28500,"Kerrville, TX (Micropolitan Statistical Area)",2002,      Military,108,110,111,111,104,106,107,113,115,112,109,105,102,100,99,99,100,100
28540,"Ketchikan, AK (Micropolitan Statistical Area) *",,Employment by place of work,,,,,,,,,,,,,,,,,,
28540,"Ketchikan, AK (Micropolitan Statistical Area) *",10,Total employment (number of jobs),9723,9430,9484,9675,9770,9920,10086,10089,10131,10028,10095,10191,10363,10215,10242,10251,10297,10326
28540,"Ketchikan, AK (Micropolitan Statistical Area) *",2002,      Military,318,339,357,354,348,347,331,335,337,332,270,260,256,245,270,274,290,285
28580,"Key West, FL (Micropolitan Statistical Area)",,Employment by place of work,,,,,,,,,,,,,,,,,,
28580,"Key West, FL (Micropolitan Statistical Area)",10,Total employment (number of jobs),53881,53722,54039,53835,53888,54626,54978,54831,52674,53678,54536,56240,57961,60195,62319,62139,62428,62780
28580,"Key West, FL (Micropolitan Statistical Area)",2002,      Military,1558,1678,1727,1731,1698,1687,1671,1650,1542,1585,1589,1513,1425,1428,1423,1387,1398,1393
28620,"Kill Devil Hills, NC (Micropolitan Statistical Area)",,Employment by place of work,,,,,,,,,,,,,,,,,,
28620,"Kill Devil Hills, NC (Micropolitan Statistical Area)",10,Total employment (number of jobs),25140,26869,27551,28678,29106,29032,29352,28811,27565,27237,27091,28010,28274,28827,29248,29241,29473,29841
28620,"Kill Devil Hills, NC (Micropolitan Statistical Area)",2002,      Military,217,223,241,208,184,182,185,198,196,197,201,206,199,180,188,184,187,188
28780,"Kingsville, TX (Micropolitan Statistical Area)",,Employment by place of work,,,,,,,,,,,,,,,,,,
28780,"Kingsville, TX (Micropolitan Statistical Area)",10,Total employment (number of jobs),14086,14417,15308,15826,16257,16448,16606,17241,17144,16932,17915,17914,18241,18220,17123,16574,16448,16672
28780,"Kingsville, TX (Micropolitan Statistical Area)",2002,      Military,555,546,516,540,492,504,498,508,472,444,423,438,429,410,428,438,440,444
28820,"Kinston, NC (Micropolitan Statistical Area)",,Employment by place of work,,,,,,,,,,,,,,,,,,
28820,"Kinston, NC (Micropolitan Statistical Area)",10,Total employment (number of jobs),35371,35016,34519,34929,35482,34757,35351,34390,32692,32581,34209,34467,35179,34944,35137,35300,35730,35992
28820,"Kinston, NC (Micropolitan Statistical Area)",2002,      Military,164,164,164,150,141,148,150,150,147,145,153,149,145,140,138,132,127,121
28860,"Kirksville, MO (Micropolitan Statistical Area)",,Employment by place of work,,,,,,,,,,,,,,,,,,
28860,"Kirksville, MO (Micropolitan Statistical Area)",10,Total employment (number of jobs),16747,16308,16356,16250,16841,17011,16917,16599,16644,16196,16043,15852,16048,15957,15805,15813,16057,16383
28860,"Kirksville, MO (Micropolitan Statistical Area)",2002,      Military,110,109,109,112,101,104,113,115,116,101,98,98,100,98,95,95,96,96
28900,"Klamath Falls, OR (Micropolitan Statistical Area)",,Employment by place of work,,,,,,,,,,,,,,,,,,
28900,"Klamath Falls, OR (Micropolitan Statistical Area)",10,Total employment (number of jobs),31624,30950,31145,31757,32926,33700,33642,32630,31067,30115,30096,29444,29545,29725,30189,30646,31266,31756
28900,"Klamath Falls, OR (Micropolitan Statistical Area)",2002,      Military,208,218,218,210,204,209,205,199,206,202,198,194,193,186,253,262,255,268
29060,"Laconia, NH (Micropolitan Statistical Area)",,Employment by place of work,,,,,,,,,,,,,,,,,,
29060,"Laconia, NH (Micropolitan Statistical Area)",10,Total employment (number of jobs),36771,36610,37195,38449,38525,38922,39537,38990,37774,36866,36866,37096,37594,37478,37854,37636,37951,38333
29060,"Laconia, NH (Micropolitan Statistical Area)",2002,      Military,186,188,195,195,181,173,175,191,203,208,204,202,201,198,195,196,200,196
29260,"La Grande, OR (Micropolitan Statistical Area)",,Employment by place of work,,,,,,,,,,,,,,,,,,
29260,"La Grande, OR (Micropolitan Statistical Area)",10,Total employment (number of jobs),14831,14607,14577,14690,14564,14836,15039,14707,14354,14350,14311,14206,14197,14414,14433,14320,14499,14747
29260,"La Grande, OR (Micropolitan Statistical Area)",2002,      Military,82,85,85,82,78,74,72,71,72,71,72,70,69,68,66,64,63,61
29300,"LaGrange, GA-AL (Micropolitan Statistical Area)",,Employment by place of work,,,,,,,,,,,,,,,,,,
29300,"LaGrange, GA-AL (Micropolitan Statistical Area)",10,Total employment (number of jobs),55480,54282,53260,53462,53756,53620,53685,51840,49763,52445,55846,57177,59016,60758,62402,63150,63014,63026
29300,"LaGrange, GA-AL (Micropolitan Statistical Area)",2002,      Military,411,410,408,422,401,402,396,369,373,375,368,354,350,344,340,333,328,320
29380,"Lake City, FL (Micropolitan Statistical Area)",,Employment by place of work,,,,,,,,,,,,,,,,,,
29380,"Lake City, FL (Micropolitan Statistical Area)",10,Total employment (number of jobs),25205,25921,26546,27627,29654,30415,31655,31013,29498,28605,28749,28824,29310,30441,31852,32851,32820,33165
29380,"Lake City, FL (Micropolitan Statistical Area)",2002,      Military,119,122,123,112,113,122,125,123,127,129,126,122,121,118,117,116,117,115
29500,"Lamesa, TX (Micropolitan Statistical Area)",,Employment by place of work,,,,,,,,,,,,,,,,,,
29500,"Lamesa, TX (Micropolitan Statistical Area)",10,Total employment (number of jobs),6848,6640,6465,6391,6367,6284,6329,6459,6427,6462,6429,6555,6656,6636,6659,6541,6641,6665
29500,"Lamesa, TX (Micropolitan Statistical Area)",2002,      Military,32,31,30,29,27,27,27,28,28,27,26,25,24,24,23,23,23,22
29660,"Laramie, WY (Micropolitan Statistical Area)",,Employment by place of work,,,,,,,,,,,,,,,,,,
29660,"Laramie, WY (Micropolitan Statistical Area)",10,Total employment (number of jobs),21330,21186,21461,21922,21933,22062,22620,22729,22861,22700,23042,22997,23207,23188,23625,23915,23900,24104
29660,"Laramie, WY (Micropolitan Statistical Area)",2002,      Military,185,184,183,188,188,196,202,203,211,215,215,203,202,200,201,201,201,200
29780,"Las Vegas, NM (Micropolitan Statistical Area)",,Employment by place of work,,,,,,,,,,,,,,,,,,
29780,"Las Vegas, NM (Micropolitan Statistical Area)",10,Total employment (number of jobs),14106,14528,14778,14728,14450,14428,14774,14611,14186,13812,13745,13727,13848,13722,13905,13751,13488,13589
29780,"Las Vegas, NM (Micropolitan Statistical Area)",2002,      Military,111,109,105,99,92,87,86,89,88,89,91,90,89,87,81,81,80,78
29860,"Laurel, MS (Micropolitan Statistical Area)",,Employment by place of work,,,,,,,,,,,,,,,,,,
29860,"Laurel, MS (Micropolitan Statistical Area)",10,Total employment (number of jobs),41939,41326,41103,41659,43051,45714,46615,45883,43744,43432,44173,44513,44357,44964,44314,42907,42877,43440
29860,"Laurel, MS (Micropolitan Statistical Area)",2002,      Military,531,543,547,515,497,508,508,517,517,517,516,521,504,494,494,496,478,477
29900,"Laurinburg, NC (Micropolitan Statistical Area)",,Employment by place of work,,,,,,,,,,,,,,,,,,
29900,"Laurinburg, NC (Micropolitan Statistical Area)",10,Total employment (number of jobs),20991,20036,19515,18898,18848,18622,17620,17258,15921,15405,15486,15052,14935,15233,15232,15286,15201,15326
29900,"Laurinburg, NC (Micropolitan Statistical Area)",2002,      Military,99,98,99,90,85,89,90,90,88,86,90,87,84,81,80,77,75,71
29980,"Lawrenceburg, TN (Micropolitan Statistical Area)",,Employment by place of work,,,,,,,,,,,,,,,,,,
29980,"Lawrenceburg, TN (Micropolitan Statistical Area)",10,Total employment (number of jobs),19967,19327,19658,19621,18862,18157,18446,18272,17508,17234,17523,17391,17141,17353,17452,17117,17192,17748
29980,"Lawrenceburg, TN (Micropolitan Statistical Area)",2002,      Military,153,154,152,142,136,136,139,142,141,141,142,138,135,133,131,129,126,122
30060,"Lebanon, MO (Micropolitan Statistical Area)",,Employment by place of work,,,,,,,,,,,,,,,,,,
30060,"Lebanon, MO (Micropolitan Statistical Area)",10,Total employment (number of jobs),19154,18949,18417,18739,19438,19828,19531,19127,17818,17925,18268,18309,18134,18642,18800,19063,19277,19744
30060,"Lebanon, MO (Micropolitan Statistical Area)",2002,      Military,133,130,133,136,126,132,145,146,148,128,124,123,125,122,119,119,118,118
30100,"Lebanon, NH-VT (Micropolitan Statistical Area)",,Employment by place of work,,,,,,,,,,,,,,,,,,
30100,"Lebanon, NH-VT (Micropolitan Statistical Area)",10,Total employment (number of jobs),133907,135402,136442,138633,139945,141584,143715,143691,139904,138440,138862,139939,140773,141093,141976,143207,144270,145822
30100,"Lebanon, NH-VT (Micropolitan Statistical Area)",2002,      Military,1015,1006,1028,1007,938,920,929,979,1011,1040,1026,1028,1032,1013,1022,1002,986,941
30220,"Levelland, TX (Micropolitan Statistical Area)",,Employment by place of work,,,,,,,,,,,,,,,,,,
30220,"Levelland, TX (Micropolitan Statistical Area)",10,Total employment (number of jobs),11956,11474,11539,11267,11378,11650,12068,12651,12359,12593,13030,13926,14114,14426,14238,13637,13760,14158
30220,"Levelland, TX (Micropolitan Statistical Area)",2002,      Military,56,56,56,55,51,51,51,53,54,51,50,49,48,46,45,44,44,43
30260,"Lewisburg, PA (Micropolitan Statistical Area)",,Employment by place of work,,,,,,,,,,,,,,,,,,
30260,"Lewisburg, PA (Micropolitan Statistical Area)",10,Total employment (number of jobs),22636,21816,21934,21977,22473,22570,22486,22312,21832,21842,21978,22235,22525,22967,23334,23810,24396,24601
30260,"Lewisburg, PA (Micropolitan Statistical Area)",2002,      Military,116,114,116,111,106,109,104,102,100,100,96,97,96,97,100,99,98,96
30280,"Lewisburg, TN (Micropolitan Statistical Area)",,Employment by place of work,,,,,,,,,,,,,,,,,,
30280,"Lewisburg, TN (Micropolitan Statistical Area)",10,Total employment (number of jobs),16408,16178,14223,14447,14402,13751,13400,13108,12064,11738,12049,12256,12230,12737,13102,13058,14602,14744
30280,"Lewisburg, TN (Micropolitan Statistical Area)",2002,      Military,104,104,103,97,94,96,99,103,103,103,104,101,100,98,97,96,96,94
30380,"Lewistown, PA (Micropolitan Statistical Area)",,Employment by place of work,,,,,,,,,,,,,,,,,,
30380,"Lewistown, PA (Micropolitan Statistical Area)",10,Total employment (number of jobs),22041,21305,21196,21247,21762,22102,22205,21820,20943,21046,21320,21534,21890,22044,21925,21933,21782,22119
30380,"Lewistown, PA (Micropolitan Statistical Area)",2002,      Military,156,154,154,145,138,140,132,128,125,125,121,124,123,121,121,120,119,116
30420,"Lexington, NE (Micropolitan Statistical Area)",,Employment by place of work,,,,,,,,,,,,,,,,,,
30420,"Lexington, NE (Micropolitan Statistical Area)",10,Total employment (number of jobs),15577,15361,15345,15485,15184,15612,15831,15825,15837,15866,15816,16049,16205,16469,16428,16322,16391,16568
30420,"Lexington, NE (Micropolitan Statistical Area)",2002,      Military,107,108,112,113,104,106,104,113,113,108,107,103,97,95,92,89,89,87
30580,"Liberal, KS (Micropolitan Statistical Area)",,Employment by place of work,,,,,,,,,,,,,,,,,,
30580,"Liberal, KS (Micropolitan Statistical Area)",10,Total employment (number of jobs),14810,14498,14436,14446,14386,14561,15009,15279,14936,14984,15022,15047,15509,15725,15014,14506,14127,14062
30580,"Liberal, KS (Micropolitan Statistical Area)",2002,      Military,105,107,107,102,104,108,104,97,95,97,100,98,97,95,93,89,85,79
30660,"Lincoln, IL (Micropolitan Statistical Area)",,Employment by place of work,,,,,,,,,,,,,,,,,,
30660,"Lincoln, IL (Micropolitan Statistical Area)",10,Total employment (number of jobs),14127,13677,13049,13145,12944,12861,12951,12844,12547,12456,12635,12620,12303,12445,12422,12451,12384,12552
30660,"Lincoln, IL (Micropolitan Statistical Area)",2002,      Military,59,59,58,55,51,53,53,54,53,54,53,52,51,51,50,50,51,50
30820,"Lock Haven, PA (Micropolitan Statistical Area)",,Employment by place of work,,,,,,,,,,,,,,,,,,
30820,"Lock Haven, PA (Micropolitan Statistical Area)",10,Total employment (number of jobs),16803,16729,16869,17338,17574,17509,17814,17898,17606,17502,18254,18343,18113,17933,17890,18103,18268,18724
30820,"Lock Haven, PA (Micropolitan Statistical Area)",2002,      Military,120,119,119,113,108,110,105,101,99,99,98,103,102,100,100,98,98,97
30900,"Logansport, IN (Micropolitan Statistical Area)",,Employment by place of work,,,,,,,,,,,,,,,,,,
30900,"Logansport, IN (Micropolitan Statistical Area)",10,Total employment (number of jobs),21646,21434,20674,20407,20079,19893,20142,19835,18958,18974,18618,18549,18621,18801,18665,18797,18849,19274
30900,"Logansport, IN (Micropolitan Statistical Area)",2002,      Military,139,134,135,128,123,121,122,128,130,129,129,123,121,119,118,113,112,110
30940,"London, KY (Micropolitan Statistical Area)",,Employment by place of work,,,,,,,,,,,,,,,,,,
30940,"London, KY (Micropolitan Statistical Area)",10,Total employment (number of jobs),62003,61758,61261,62090,63300,63075,64367,64379,62591,62436,63138,63670,63533,64423,64840,66512,67301,67524
30940,"London, KY (Micropolitan Statistical Area)",2002,      Military,468,473,470,446,451,457,463,468,461,478,480,479,472,463,452,443,425,429
31060,"Los Alamos, NM (Micropolitan Statistical Area)",,Employment by place of work,,,,,,,,,,,,,,,,,,
31060,"Los Alamos, NM (Micropolitan Statistical Area)",10,Total employment (number of jobs),19487,20369,21169,21277,21484,21344,20609,19585,19341,19752,19697,19237,18530,18264,18493,18972,19561,19428
31060,"Los Alamos, NM (Micropolitan Statistical Area)",2002,      Military,60,60,60,56,52,52,50,49,49,52,53,52,52,51,47,49,50,50
31220,"Ludington, MI (Micropolitan Statistical Area)",,Employment by place of work,,,,,,,,,,,,,,,,,,
31220,"Ludington, MI (Micropolitan Statistical Area)",10,Total employment (number of jobs),15097,14969,14946,15056,14776,14625,14545,14549,13919,14179,14289,14530,14795,14977,15003,14855,14836,15051
31220,"Ludington, MI (Micropolitan Statistical Area)",2002,      Military,69,67,68,71,70,70,68,67,68,70,68,70,67,63,63,61,58,53
31260,"Lufkin, TX (Micropolitan Statistical Area)",,Employment by place of work,,,,,,,,,,,,,,,,,,
31260,"Lufkin, TX (Micropolitan Statistical Area)",10,Total employment (number of jobs),45279,45313,45508,46310,46453,47914,48390,47990,46537,46238,47150,47441,47928,48635,48715,48256,48358,48265
31260,"Lufkin, TX (Micropolitan Statistical Area)",2002,      Military,199,200,199,197,184,185,188,198,200,194,192,186,180,174,170,169,169,165
31300,"Lumberton, NC (Micropolitan Statistical Area)",,Employment by place of work,,,,,,,,,,,,,,,,,,
31300,"Lumberton, NC (Micropolitan Statistical Area)",10,Total employment (number of jobs),48634,48593,48667,49858,50754,52984,56253,55529,53683,52744,53773,53424,53194,53282,53408,52461,52182,52434
31300,"Lumberton, NC (Micropolitan Statistical Area)",2002,      Military,347,347,351,323,305,322,329,332,327,327,345,339,329,322,316,305,295,284
31380,"Macomb, IL (Micropolitan Statistical Area)",,Employment by place of work,,,,,,,,,,,,,,,,,,
31380,"Macomb, IL (Micropolitan Statistical Area)",10,Total employment (number of jobs),18884,18236,17426,17155,17434,17593,17765,17946,17864,17486,17390,17394,17068,16905,16696,16242,15905,15826
31380,"Macomb, IL (Micropolitan Statistical Area)",2002,      Military,67,69,69,64,60,62,62,62,63,62,62,60,60,60,60,62,59,56
31500,"Madison, IN (Micropolitan Statistical Area)",,Employment by place of work,,,,,,,,,,,,,,,,,,
31500,"Madison, IN (Micropolitan Statistical Area)",10,Total employment (number of jobs),17042,17163,17039,17347,17385,17351,17257,16829,16043,15913,15980,16410,16540,16313,16665,16588,16641,16768
31500,"Madison, IN (Micropolitan Statistical Area)",2002,      Military,106,103,104,99,97,97,98,103,105,103,103,100,98,97,96,93,91,90
31580,"Madisonville, KY (Micropolitan Statistical Area)",,Employment by place of work,,,,,,,,,,,,,,,,,,
31580,"Madisonville, KY (Micropolitan Statistical Area)",10,Total employment (number of jobs),21976,22386,22637,23048,23316,23995,23928,23180,22611,22189,22847,23060,23247,23294,23011,23440,23084,21981
31580,"Madisonville, KY (Micropolitan Statistical Area)",2002,      Military,150,152,151,144,144,146,148,150,148,153,153,152,149,146,142,138,131,132
31620,"Magnolia, AR (Micropolitan Statistical Area)",,Employment by place of work,,,,,,,,,,,,,,,,,,
31620,"Magnolia, AR (Micropolitan Statistical Area)",10,Total employment (number of jobs),12965,12731,12548,12619,12665,12760,12831,12669,12136,12044,12022,12067,11795,11769,11841,11634,11528,11567
31620,"Magnolia, AR (Micropolitan Statistical Area)",2002,      Military,130,128,127,122,140,139,132,114,114,104,101,101,103,100,99,93,88,83
31660,"Malone, NY (Micropolitan Statistical Area)",,Employment by place of work,,,,,,,,,,,,,,,,,,
31660,"Malone, NY (Micropolitan Statistical Area)",10,Total employment (number of jobs),23358,23523,23632,23708,23859,24423,25095,25347,24900,24515,24638,24630,24514,24117,24124,24074,24010,24122
31660,"Malone, NY (Micropolitan Statistical Area)",2002,      Military,85,85,83,79,74,74,73,77,76,74,76,75,75,73,72,70,70,69
31680,"Malvern, AR (Micropolitan Statistical Area)",,Employment by place of work,,,,,,,,,,,,,,,,,,
31680,"Malvern, AR (Micropolitan Statistical Area)",10,Total employment (number of jobs),11020,10719,10554,11190,11614,12216,12031,11631,11429,11591,12127,12189,11977,12194,12443,12688,12654,12515
31680,"Malvern, AR (Micropolitan Statistical Area)",2002,      Military,162,160,161,154,179,179,175,152,153,141,138,139,143,140,138,132,127,121
31820,"Manitowoc, WI (Micropolitan Statistical Area)",,Employment by place of work,,,,,,,,,,,,,,,,,,
31820,"Manitowoc, WI (Micropolitan Statistical Area)",10,Total employment (number of jobs),45585,44431,43620,44407,45135,45191,45527,46201,44263,43539,44426,43972,43797,44460,44083,43981,43846,44172
31820,"Manitowoc, WI (Micropolitan Statistical Area)",2002,      Military,309,303,300,286,268,271,255,265,263,255,256,256,248,242,238,234,231,216
31930,"Marietta, OH (Micropolitan Statistical Area)",,Employment by place of work,,,,,,,,,,,,,,,,,,
31930,"Marietta, OH (Micropolitan Statistical Area)",10,Total employment (number of jobs),33209,33772,33447,33052,33142,33480,34223,34275,32599,32626,32781,33307,33787,34456,35062,34706,34392,34772
31930,"Marietta, OH (Micropolitan Statistical Area)",2002,      Military,166,170,170,167,155,155,150,156,158,155,156,155,154,151,151,150,148,147
31940,"Marinette, WI-MI (Micropolitan Statistical Area)",,Employment by place of work,,,,,,,,,,,,,,,,,,
31940,"Marinette, WI-MI (Micropolitan Statistical Area)",10,Total employment (number of jobs),36590,36258,36513,36878,37038,37024,37175,36609,34206,34135,34511,34908,35355,35252,35097,34251,33801,34268
31940,"Marinette, WI-MI (Micropolitan Statistical Area)",2002,      Military,245,247,251,286,286,195,184,206,168,164,162,161,156,155,152,147,145,143
31980,"Marion, IN (Micropolitan Statistical Area)",,Employment by place of work,,,,,,,,,,,,,,,,,,
31980,"Marion, IN (Micropolitan Statistical Area)",10,Total employment (number of jobs),37365,36854,36101,35114,34839,34420,35195,35244,34142,34284,34319,35125,35260,35375,35328,34740,35086,35464
31980,"Marion, IN (Micropolitan Statistical Area)",2002,      Military,240,231,234,220,211,209,210,220,225,222,221,211,208,202,198,189,186,182
32000,"Marion, NC (Micropolitan Statistical Area)",,Employment by place of work,,,,,,,,,,,,,,,,,,
32000,"Marion, NC (Micropolitan Statistical Area)",10,Total employment (number of jobs),21028,21011,21250,21509,21131,21178,21836,20965,19064,18951,19190,19411,19421,20383,21027,20749,20685,20981
32000,"Marion, NC (Micropolitan Statistical Area)",2002,      Military,117,117,119,109,103,109,111,112,109,108,114,111,109,106,106,103,100,97
32020,"Marion, OH (Micropolitan Statistical Area)",,Employment by place of work,,,,,,,,,,,,,,,,,,
32020,"Marion, OH (Micropolitan Statistical Area)",10,Total employment (number of jobs),34786,34311,33841,34073,34426,34455,34876,34284,31987,31250,31148,31065,30541,30634,30776,30863,30920,31853
32020,"Marion, OH (Micropolitan Statistical Area)",2002,      Military,167,172,172,169,158,157,152,158,160,158,166,180,178,177,177,175,173,174
32100,"Marquette, MI (Micropolitan Statistical Area)",,Employment by place of work,,,,,,,,,,,,,,,,,,
32100,"Marquette, MI (Micropolitan Statistical Area)",10,Total employment (number of jobs),34114,34101,34584,34975,35565,36030,36330,36151,34878,34566,34754,35175,35424,35344,35269,35060,35266,35304
32100,"Marquette, MI (Micropolitan Statistical Area)",2002,      Military,144,147,148,149,142,139,136,137,138,140,139,138,128,124,123,120,122,128
32140,"Marshall, MN (Micropolitan Statistical Area)",,Employment by place of work,,,,,,,,,,,,,,,,,,
32140,"Marshall, MN (Micropolitan Statistical Area)",10,Total employment (number of jobs),19251,18613,18556,18955,19611,19765,19781,19740,19404,19124,19633,19696,20038,20074,19853,19691,19495,19415
32140,"Marshall, MN (Micropolitan Statistical Area)",2002,      Military,96,96,96,98,109,107,112,97,95,96,95,94,91,89,89,89,88,86
32180,"Marshall, MO (Micropolitan Statistical Area)",,Employment by place of work,,,,,,,,,,,,,,,,,,
32180,"Marshall, MO (Micropolitan Statistical Area)",10,Total employment (number of jobs),13272,12708,12844,12895,13138,13068,12777,12759,12489,12142,12278,12180,12451,12469,12343,12197,12004,12242
32180,"Marshall, MO (Micropolitan Statistical Area)",2002,      Military,89,86,86,89,80,82,89,89,92,79,77,78,77,76,73,74,72,71
32260,"Marshalltown, IA (Micropolitan Statistical Area)",,Employment by place of work,,,,,,,,,,,,,,,,,,
32260,"Marshalltown, IA (Micropolitan Statistical Area)",10,Total employment (number of jobs),24167,23589,23438,23543,23679,24153,23950,23597,23137,23031,23204,23094,22765,22774,22661,22579,21645,21471
32260,"Marshalltown, IA (Micropolitan Statistical Area)",2002,      Military,181,181,184,184,175,170,164,167,168,170,170,168,164,160,152,146,145,140
32280,"Martin, TN (Micropolitan Statistical Area)",,Employment by place of work,,,,,,,,,,,,,,,,,,
32280,"Martin, TN (Micropolitan Statistical Area)",10,Total employment (number of jobs),17054,17103,16433,16282,16429,16393,16439,16217,15498,15316,15276,15167,15247,15893,16128,16305,16340,16759
32280,"Martin, TN (Micropolitan Statistical Area)",2002,      Military,130,129,128,118,113,111,112,116,116,114,116,111,108,106,104,100,98,95
32300,"Martinsville, VA (Micropolitan Statistical Area) *",,Employment by place of work,,,,,,,,,,,,,,,,,,
32300,"Martinsville, VA (Micropolitan Statistical Area) *",10,Total employment (number of jobs),40412,37515,37013,36292,36844,37314,36927,34828,32328,31700,31797,31880,32267,31891,31767,31872,31600,32020
32300,"Martinsville, VA (Micropolitan Statistical Area) *",2002,      Military,272,272,266,253,239,230,227,236,231,226,209,206,210,204,203,219,216,211
32340,"Maryville, MO (Micropolitan Statistical Area)",,Employment by place of work,,,,,,,,,,,,,,,,,,
32340,"Maryville, MO (Micropolitan Statistical Area)",10,Total employment (number of jobs),13376,12972,13222,13379,13552,13438,13532,13276,12990,12634,12470,12556,12326,11944,11975,11939,11785,11974
32340,"Maryville, MO (Micropolitan Statistical Area)",2002,      Military,78,77,78,79,72,74,81,81,83,71,70,69,69,67,64,64,63,62
32380,"Mason City, IA (Micropolitan Statistical Area)",,Employment by place of work,,,,,,,,,,,,,,,,,,
32380,"Mason City, IA (Micropolitan Statistical Area)",10,Total employment (number of jobs),36011,35731,35912,36294,37067,37168,36994,36674,35571,35057,35358,35466,34789,34672,34817,35045,35198,35441
32380,"Mason City, IA (Micropolitan Statistical Area)",2002,      Military,248,248,251,248,235,226,217,220,219,219,216,213,208,201,192,185,183,177
32460,"Mayfield, KY (Micropolitan Statistical Area)",,Employment by place of work,,,,,,,,,,,,,,,,,,
32460,"Mayfield, KY (Micropolitan Statistical Area)",10,Total employment (number of jobs),18091,18138,18169,17999,17189,17033,17761,17596,17167,17156,17326,17203,17345,17151,17094,16925,17035,17058
32460,"Mayfield, KY (Micropolitan Statistical Area)",2002,      Military,120,121,120,113,115,116,117,118,117,122,123,123,121,120,116,113,109,110
32500,"Maysville, KY (Micropolitan Statistical Area)",,Employment by place of work,,,,,,,,,,,,,,,,,,
32500,"Maysville, KY (Micropolitan Statistical Area)",10,Total employment (number of jobs),12354,11992,12126,12308,12036,12244,12606,12681,11583,11306,11366,11382,11684,12224,12050,11704,11552,11593
32500,"Maysville, KY (Micropolitan Statistical Area)",2002,      Military,55,55,54,52,52,54,55,56,55,57,57,57,56,54,53,52,50,50
32540,"McAlester, OK (Micropolitan Statistical Area)",,Employment by place of work,,,,,,,,,,,,,,,,,,
32540,"McAlester, OK (Micropolitan Statistical Area)",10,Total employment (number of jobs),21704,22211,21498,21985,22719,23681,24870,25859,24451,24611,24750,24854,23932,23277,23421,23367,23115,23719
32540,"McAlester, OK (Micropolitan Statistical Area)",2002,      Military,217,211,210,201,187,186,189,199,195,189,185,174,169,163,161,159,158,155
32620,"McComb, MS (Micropolitan Statistical Area)",,Employment by place of work,,,,,,,,,,,,,,,,,,
32620,"McComb, MS (Micropolitan Statistical Area)",10,Total employment (number of jobs),19762,19655,19867,20567,20932,21983,22039,22312,21500,20976,20696,20580,20575,20980,21343,21072,21187,21209
32620,"McComb, MS (Micropolitan Statistical Area)",2002,      Military,250,255,255,240,232,244,242,245,246,247,247,246,236,233,232,232,224,224
32660,"McMinnville, TN (Micropolitan Statistical Area)",,Employment by place of work,,,,,,,,,,,,,,,,,,
32660,"McMinnville, TN (Micropolitan Statistical Area)",10,Total employment (number of jobs),19837,19727,19817,19628,19615,19803,19425,19055,17963,17988,18150,18916,19693,19981,20284,19835,19628,19237
32660,"McMinnville, TN (Micropolitan Statistical Area)",2002,      Military,146,145,145,135,129,130,132,135,134,133,134,129,127,125,123,121,118,114
32700,"McPherson, KS (Micropolitan Statistical Area)",,Employment by place of work,,,,,,,,,,,,,,,,,,
32700,"McPherson, KS (Micropolitan Statistical Area)",10,Total employment (number of jobs),20086,20216,20160,20878,21057,21441,21375,21028,20352,20602,20869,21266,21547,21821,22487,21540,21407,21955
32700,"McPherson, KS (Micropolitan Statistical Area)",2002,      Military,134,134,134,130,135,139,134,123,121,122,124,122,121,117,113,109,108,102
32740,"Meadville, PA (Micropolitan Statistical Area)",,Employment by place of work,,,,,,,,,,,,,,,,,,
32740,"Meadville, PA (Micropolitan Statistical Area)",10,Total employment (number of jobs),44304,43445,43017,43285,43996,44490,45144,44880,42925,42842,43338,43868,44572,44870,44206,43642,42978,43283
32740,"Meadville, PA (Micropolitan Statistical Area)",2002,      Military,293,289,289,271,257,261,246,237,232,229,222,226,225,220,219,216,213,208
32860,"Menomonie, WI (Micropolitan Statistical Area)",,Employment by place of work,,,,,,,,,,,,,,,,,,
32860,"Menomonie, WI (Micropolitan Statistical Area)",10,Total employment (number of jobs),22348,22800,23411,23930,24368,24697,24973,24218,23730,23668,24149,24203,24588,24842,24927,25403,25583,25972
32860,"Menomonie, WI (Micropolitan Statistical Area)",2002,      Military,134,132,131,129,121,124,118,122,120,116,116,116,114,112,112,109,110,112
32940,"Meridian, MS (Micropolitan Statistical Area)",,Employment by place of work,,,,,,,,,,,,,,,,,,
32940,"Meridian, MS (Micropolitan Statistical Area)",10,Total employment (number of jobs),53914,53721,53397,53979,54219,55196,55667,55533,52912,52471,54360,55274,57730,56182,55027,54841,54424,53884
32940,"Meridian, MS (Micropolitan Statistical Area)",2002,      Military,2271,2117,1980,2069,1952,1977,1846,2024,1859,1693,1552,1663,1826,1514,1503,1467,1457,1475
33020,"Mexico, MO (Micropolitan Statistical Area)",,Employment by place of work,,,,,,,,,,,,,,,,,,
33020,"Mexico, MO (Micropolitan Statistical Area)",10,Total employment (number of jobs),14242,13562,13079,12990,13395,13509,13908,13698,13160,12943,13258,13241,13168,13135,13236,13239,13084,12856
33020,"Mexico, MO (Micropolitan Statistical Area)",2002,      Military,97,95,96,97,88,91,98,98,99,84,83,82,82,82,79,80,78,77
33060,"Miami, OK (Micropolitan Statistical Area)",,Employment by place of work,,,,,,,,,,,,,,,,,,
33060,"Miami, OK (Micropolitan Statistical Area)",10,Total employment (number of jobs),15474,14908,14566,15229,16236,16431,16707,17155,17282,17024,16223,16348,16305,16103,16347,16685,16546,16756
33060,"Miami, OK (Micropolitan Statistical Area)",2002,      Military,162,157,155,148,137,138,137,141,137,133,130,125,121,117,116,115,113,110
33180,"Middlesborough, KY (Micropolitan Statistical Area)",,Employment by place of work,,,,,,,,,,,,,,,,,,
33180,"Middlesborough, KY (Micropolitan Statistical Area)",10,Total employment (number of jobs),12493,11787,11790,11915,11765,11849,11752,11526,11403,11169,11292,11283,11076,11115,10850,10529,10487,10436
33180,"Middlesborough, KY (Micropolitan Statistical Area)",2002,      Military,95,97,95,89,89,90,90,91,89,93,92,91,89,87,83,81,77,77
33300,"Milledgeville, GA (Micropolitan Statistical Area)",,Employment by place of work,,,,,,,,,,,,,,,,,,
33300,"Milledgeville, GA (Micropolitan Statistical Area)",10,Total employment (number of jobs),25440,25937,26222,26650,26576,27674,27550,27580,25687,23592,23970,23865,23762,23998,23995,24125,24393,24349
33300,"Milledgeville, GA (Micropolitan Statistical Area)",2002,      Military,167,173,175,164,159,160,160,164,165,167,165,162,158,152,157,147,152,151
33380,"Minden, LA (Micropolitan Statistical Area)",,Employment by place of work,,,,,,,,,,,,,,,,,,
33380,"Minden, LA (Micropolitan Statistical Area)",10,Total employment (number of jobs),16546,16686,16924,17104,17775,18278,18620,18909,18172,18347,18259,17776,17462,17705,17642,17158,16764,17272
33380,"Minden, LA (Micropolitan Statistical Area)",2002,      Military,215,211,206,194,184,179,175,175,170,199,194,188,189,184,173,168,163,142
33420,"Mineral Wells, TX (Micropolitan Statistical Area)",,Employment by place of work,,,,,,,,,,,,,,,,,,
33420,"Mineral Wells, TX (Micropolitan Statistical Area)",10,Total employment (number of jobs),12555,12126,12347,12365,12718,13257,13618,14031,13602,13536,13526,13785,14064,14195,14081,14164,14612,14815
33420,"Mineral Wells, TX (Micropolitan Statistical Area)",2002,      Military,69,69,69,68,63,64,64,67,68,64,63,60,58,57,55,55,56,56
33500,"Minot, ND (Micropolitan Statistical Area)",,Employment by place of work,,,,,,,,,,,,,,,,,,
33500,"Minot, ND (Micropolitan Statistical Area)",10,Total employment (number of jobs),44183,43663,43672,44305,44583,45393,46158,47290,47955,49401,51393,55615,57156,57670,56274,53320,52538,53331
33500,"Minot, ND (Micropolitan Statistical Area)",2002,      Military,5013,5213,5347,5372,5088,5024,4894,4893,5112,5678,5759,5836,5930,5719,5781,5833,5912,6036
33580,"Mitchell, SD (Micropolitan Statistical Area)",,Employment by place of work,,,,,,,,,,,,,,,,,,
33580,"Mitchell, SD (Micropolitan Statistical Area)",10,Total employment (number of jobs),15655,15492,15520,15731,16188,16260,16566,16714,16475,16630,17098,17537,17599,17844,17958,17889,17520,17567
33580,"Mitchell, SD (Micropolitan Statistical Area)",2002,      Military,151,152,151,150,140,141,140,140,142,144,143,137,133,131,131,128,124,123
33620,"Moberly, MO (Micropolitan Statistical Area)",,Employment by place of work,,,,,,,,,,,,,,,,,,
33620,"Moberly, MO (Micropolitan Statistical Area)",10,Total employment (number of jobs),13014,13435,13584,13621,13953,14169,14417,14255,13469,13083,13123,13002,13026,13097,13048,13194,12989,13099
33620,"Moberly, MO (Micropolitan Statistical Area)",2002,      Military,91,90,91,94,86,88,96,96,97,83,81,80,80,79,76,77,76,75
33940,"Montrose, CO (Micropolitan Statistical Area)",,Employment by place of work,,,,,,,,,,,,,,,,,,
33940,"Montrose, CO (Micropolitan Statistical Area)",10,Total employment (number of jobs),23124,23222,23974,24935,26121,26909,28062,27825,26497,25535,25048,25110,25276,25687,25912,26655,27389,28251
33940,"Montrose, CO (Micropolitan Statistical Area)",2002,      Military,107,110,111,108,99,103,110,115,120,124,123,119,119,116,115,116,117,114
33980,"Morehead City, NC (Micropolitan Statistical Area)",,Employment by place of work,,,,,,,,,,,,,,,,,,
33980,"Morehead City, NC (Micropolitan Statistical Area)",10,Total employment (number of jobs),30882,31139,31848,33030,34090,35136,35073,34883,33569,32911,32792,33408,33603,34303,34591,35774,36034,36386
33980,"Morehead City, NC (Micropolitan Statistical Area)",2002,      Military,385,405,417,413,420,455,449,456,455,463,382,421,420,392,398,393,396,411
34020,"Morgan City, LA (Micropolitan Statistical Area)",,Employment by place of work,,,,,,,,,,,,,,,,,,
34020,"Morgan City, LA (Micropolitan Statistical Area)",10,Total employment (number of jobs),32969,32278,32234,30674,30723,33359,34305,34537,33629,33142,33334,33900,33948,34353,32807,29855,28312,28608
34020,"Morgan City, LA (Micropolitan Statistical Area)",2002,      Military,367,369,367,358,343,348,344,348,343,391,381,373,373,369,360,347,325,274
34140,"Moscow, ID (Micropolitan Statistical Area)",,Employment by place of work,,,,,,,,,,,,,,,,,,
34140,"Moscow, ID (Micropolitan Statistical Area)",10,Total employment (number of jobs),20181,20454,20767,21132,21272,21360,21852,21892,21276,21021,20914,21080,21215,21255,21740,22068,22595,22809
34140,"Moscow, ID (Micropolitan Statistical Area)",2002,      Military,172,174,190,204,201,195,185,174,164,162,160,161,156,150,146,141,140,141
34180,"Moses Lake, WA (Micropolitan Statistical Area)",,Employment by place of work,,,,,,,,,,,,,,,,,,
34180,"Moses Lake, WA (Micropolitan Statistical Area)",10,Total employment (number of jobs),38623,38753,38907,38494,39168,39755,40990,43040,42382,41733,42768,44593,46250,47486,47587,47599,48552,50073
34180,"Moses Lake, WA (Micropolitan Statistical Area)",2002,      Military,276,277,280,277,265,258,254,261,269,276,268,260,253,249,248,248,247,242
34220,"Moultrie, GA (Micropolitan Statistical Area)",,Employment by place of work,,,,,,,,,,,,,,,,,,
34220,"Moultrie, GA (Micropolitan Statistical Area)",10,Total employment (number of jobs),18663,18005,17451,17961,19008,19899,19958,19955,19132,19062,20058,19924,19605,19573,19686,20360,21007,20519
34220,"Moultrie, GA (Micropolitan Statistical Area)",2002,      Military,140,144,146,137,133,137,137,142,142,145,138,133,132,128,125,123,121,120
34260,"Mountain Home, AR (Micropolitan Statistical Area)",,Employment by place of work,,,,,,,,,,,,,,,,,,
34260,"Mountain Home, AR (Micropolitan Statistical Area)",10,Total employment (number of jobs),19910,19854,19852,20503,21231,21791,22166,21834,20929,20765,20737,20724,20605,20898,21263,21243,21493,21963
34260,"Mountain Home, AR (Micropolitan Statistical Area)",2002,      Military,203,201,203,197,232,234,230,199,201,184,179,179,184,181,179,171,165,159
34300,"Mountain Home, ID (Micropolitan Statistical Area)",,Employment by place of work,,,,,,,,,,,,,,,,,,
34300,"Mountain Home, ID (Micropolitan Statistical Area)",10,Total employment (number of jobs),13680,13694,13487,13733,13678,13767,14082,14076,13564,13197,12674,12493,12735,12840,12618,12886,13359,13589
34300,"Mountain Home, ID (Micropolitan Statistical Area)",2002,      Military,4312,4337,4214,4492,4183,4028,4100,4108,4105,3927,3556,3536,3546,3375,3195,3213,3297,3370
34340,"Mount Airy, NC (Micropolitan Statistical Area)",,Employment by place of work,,,,,,,,,,,,,,,,,,
34340,"Mount Airy, NC (Micropolitan Statistical Area)",10,Total employment (number of jobs),44819,42716,41854,42310,41672,41797,41975,40722,37943,37377,37987,37922,38022,38823,39070,39079,39024,39863
34340,"Mount Airy, NC (Micropolitan Statistical Area)",2002,      Military,200,201,203,185,175,184,187,188,184,182,191,187,180,176,173,168,163,156
34350,"Mount Gay-Shamrock, WV (Micropolitan Statistical Area)",,Employment by place of work,,,,,,,,,,,,,,,,,,
34350,"Mount Gay-Shamrock, WV (Micropolitan Statistical Area)",10,Total employment (number of jobs),13999,13991,13811,13961,14019,14166,13960,14395,14258,14084,14505,14367,13536,13040,12549,11867,12033,12168
34350,"Mount Gay-Shamrock, WV (Micropolitan Statistical Area)",2002,      Military,197,197,195,193,186,181,182,191,192,188,183,181,176,171,164,156,151,151
34380,"Mount Pleasant, MI (Micropolitan Statistical Area)",,Employment by place of work,,,,,,,,,,,,,,,,,,
34380,"Mount Pleasant, MI (Micropolitan Statistical Area)",10,Total employment (number of jobs),35901,35827,35087,36659,38465,38941,40117,39551,37736,37176,37895,38239,38386,38994,39155,39360,39266,39028
34380,"Mount Pleasant, MI (Micropolitan Statistical Area)",2002,      Military,125,128,126,125,120,120,122,122,124,127,126,121,114,114,112,109,108,107
34420,"Mount Pleasant, TX (Micropolitan Statistical Area)",,Employment by place of work,,,,,,,,,,,,,,,,,,
34420,"Mount Pleasant, TX (Micropolitan Statistical Area)",10,Total employment (number of jobs),24602,24801,25341,26133,25877,26188,26583,26678,26016,25865,25820,25611,25606,25366,25565,25738,25967,26156
34420,"Mount Pleasant, TX (Micropolitan Statistical Area)",2002,      Military,99,100,100,101,92,93,96,102,104,103,100,97,94,92,89,89,89,89
34460,"Mount Sterling, KY (Micropolitan Statistical Area)",,Employment by place of work,,,,,,,,,,,,,,,,,,
34460,"Mount Sterling, KY (Micropolitan Statistical Area)",10,Total employment (number of jobs),18889,18622,18950,19102,19230,19582,19730,19417,18498,18733,19414,19701,19680,19662,20143,20069,19619,19647
34460,"Mount Sterling, KY (Micropolitan Statistical Area)",2002,      Military,133,135,135,130,132,136,138,142,141,145,147,147,147,145,143,141,136,138
34500,"Mount Vernon, IL (Micropolitan Statistical Area)",,Employment by place of work,,,,,,,,,,,,,,,,,,
34500,"Mount Vernon, IL (Micropolitan Statistical Area)",10,Total employment (number of jobs),24563,24682,24313,24630,24970,25254,25692,25666,24517,24287,24869,25060,25455,25617,25469,26039,25964,26255
34500,"Mount Vernon, IL (Micropolitan Statistical Area)",2002,      Military,84,85,83,78,73,76,77,77,77,77,76,75,75,73,73,73,73,71
34540,"Mount Vernon, OH (Micropolitan Statistical Area)",,Employment by place of work,,,,,,,,,,,,,,,,,,
34540,"Mount Vernon, OH (Micropolitan Statistical Area)",10,Total employment (number of jobs),26359,26439,26631,27700,28632,29107,29587,29502,28861,28849,28874,29291,29923,30722,31077,31103,31113,31446
34540,"Mount Vernon, OH (Micropolitan Statistical Area)",2002,      Military,141,148,150,149,141,142,140,147,150,149,150,149,148,146,146,146,146,147
34660,"Murray, KY (Micropolitan Statistical Area)",,Employment by place of work,,,,,,,,,,,,,,,,,,
34660,"Murray, KY (Micropolitan Statistical Area)",10,Total employment (number of jobs),21403,20016,20531,21260,21648,22183,22285,22163,21922,21647,21765,21251,22062,22525,22754,22888,22741,23030
34660,"Murray, KY (Micropolitan Statistical Area)",2002,      Military,104,105,105,102,104,107,108,110,109,115,115,116,115,114,111,110,106,109
34700,"Muscatine, IA (Micropolitan Statistical Area)",,Employment by place of work,,,,,,,,,,,,,,,,,,
34700,"Muscatine, IA (Micropolitan Statistical Area)",10,Total employment (number of jobs),27538,26746,26950,27402,28130,28687,28966,28497,26613,26291,26449,26670,27134,28200,28460,28586,28103,28051
34700,"Muscatine, IA (Micropolitan Statistical Area)",2002,      Military,195,196,198,198,189,184,178,181,182,183,181,180,176,173,165,159,158,153
34780,"Muskogee, OK (Micropolitan Statistical Area)",,Employment by place of work,,,,,,,,,,,,,,,,,,
34780,"Muskogee, OK (Micropolitan Statistical Area)",10,Total employment (number of jobs),39938,40151,39092,39091,39698,39985,40078,39858,39665,39756,40337,40259,40566,40471,40535,40078,40168,40225
34780,"Muskogee, OK (Micropolitan Statistical Area)",2002,      Military,338,330,330,314,290,289,292,305,299,292,284,270,259,252,248,247,243,236
34860,"Nacogdoches, TX (Micropolitan Statistical Area)",,Employment by place of work,,,,,,,,,,,,,,,,,,
34860,"Nacogdoches, TX (Micropolitan Statistical Area)",10,Total employment (number of jobs),29917,30239,29893,30452,30528,30993,31243,31971,31866,31980,32405,31926,31627,31664,32010,32634,33001,33494
34860,"Nacogdoches, TX (Micropolitan Statistical Area)",2002,      Military,146,146,146,146,135,134,137,143,146,143,141,136,130,129,128,128,127,127
35020,"Natchez, MS-LA (Micropolitan Statistical Area)",,Employment by place of work,,,,,,,,,,,,,,,,,,
35020,"Natchez, MS-LA (Micropolitan Statistical Area)",10,Total employment (number of jobs),24897,24751,23878,23851,24094,24861,25483,26146,25095,24849,24808,25151,25075,25224,24937,24623,24191,24425
35020,"Natchez, MS-LA (Micropolitan Statistical Area)",2002,      Military,323,326,323,298,281,285,280,280,278,287,279,277,270,281,275,275,265,253
35060,"Natchitoches, LA (Micropolitan Statistical Area)",,Employment by place of work,,,,,,,,,,,,,,,,,,
35060,"Natchitoches, LA (Micropolitan Statistical Area)",10,Total employment (number of jobs),18095,17920,17878,18759,19042,19246,19152,18771,18932,18616,18787,18639,18778,18799,18713,19269,19062,19264
35060,"Natchitoches, LA (Micropolitan Statistical Area)",2002,      Military,197,195,192,184,172,169,165,166,163,190,184,180,181,178,168,164,161,139
35140,"Newberry, SC (Micropolitan Statistical Area)",,Employment by place of work,,,,,,,,,,,,,,,,,,
35140,"Newberry, SC (Micropolitan Statistical Area)",10,Total employment (number of jobs),16419,15722,16292,17026,17169,17533,17945,18091,17112,17063,17664,17445,17360,17440,17697,17905,18042,18775
35140,"Newberry, SC (Micropolitan Statistical Area)",2002,      Military,174,174,170,162,157,153,153,160,160,162,159,154,152,149,147,143,142,138
35220,"New Castle, IN (Micropolitan Statistical Area)",,Employment by place of work,,,,,,,,,,,,,,,,,,
35220,"New Castle, IN (Micropolitan Statistical Area)",10,Total employment (number of jobs),19987,19649,19687,19397,19043,19030,19213,18846,17866,17129,17057,17119,17283,17321,17401,17383,17924,18268
35220,"New Castle, IN (Micropolitan Statistical Area)",2002,      Military,167,161,163,154,149,148,148,156,159,158,157,150,146,144,143,137,136,133
35260,"New Castle, PA (Micropolitan Statistical Area)",,Employment by place of work,,,,,,,,,,,,,,,,,,
35260,"New Castle, PA (Micropolitan Statistical Area)",10,Total employment (number of jobs),42658,42333,42637,42496,42222,42161,42945,42005,40741,40875,40948,41110,41444,42013,41193,39746,39415,40612
35260,"New Castle, PA (Micropolitan Statistical Area)",2002,      Military,310,305,305,286,271,273,258,249,243,241,232,236,233,229,228,230,239,235
35420,"New Philadelphia-Dover, OH (Micropolitan Statistical Area)",,Employment by place of work,,,,,,,,,,,,,,,,,,
35420,"New Philadelphia-Dover, OH (Micropolitan Statistical Area)",10,Total employment (number of jobs),47567,47442,47752,47873,47961,48658,48215,48160,45924,45930,47112,48222,49013,49842,50428,49876,50669,50550
35420,"New Philadelphia-Dover, OH (Micropolitan Statistical Area)",2002,      Military,245,254,254,251,234,234,228,237,241,236,237,237,236,233,233,232,230,229
35440,"Newport, OR (Micropolitan Statistical Area)",,Employment by place of work,,,,,,,,,,,,,,,,,,
35440,"Newport, OR (Micropolitan Statistical Area)",10,Total employment (number of jobs),23941,24120,24394,25332,25822,26282,26815,26570,25452,25064,24811,24821,24853,25177,25372,25610,26204,26591
35440,"Newport, OR (Micropolitan Statistical Area)",2002,      Military,206,217,220,208,208,211,204,205,210,207,207,215,207,194,214,215,217,205
35460,"Newport, TN (Micropolitan Statistical Area)",,Employment by place of work,,,,,,,,,,,,,,,,,,
35460,"Newport, TN (Micropolitan Statistical Area)",10,Total employment (number of jobs),12174,12201,12157,12496,12677,12578,12485,12334,11685,11305,11464,11677,11594,11656,11535,11357,11598,11790
35460,"Newport, TN (Micropolitan Statistical Area)",2002,      Military,129,129,129,120,116,117,119,123,122,120,120,116,114,111,108,106,103,100
35580,"New Ulm, MN (Micropolitan Statistical Area)",,Employment by place of work,,,,,,,,,,,,,,,,,,
35580,"New Ulm, MN (Micropolitan Statistical Area)",10,Total employment (number of jobs),19315,18947,18773,18997,19150,19286,19209,19263,18892,18511,18619,18542,18913,18712,18986,18618,18491,18768
35580,"New Ulm, MN (Micropolitan Statistical Area)",2002,      Military,102,102,101,103,114,111,115,99,95,96,94,92,89,87,87,86,85,83
35700,"Nogales, AZ (Micropolitan Statistical Area)",,Employment by place of work,,,,,,,,,,,,,,,,,,
35700,"Nogales, AZ (Micropolitan Statistical Area)",10,Total employment (number of jobs),16600,16161,16567,16978,18484,19258,20029,19597,18983,19015,19501,19283,19947,20605,21014,20436,20206,20583
35700,"Nogales, AZ (Micropolitan Statistical Area)",2002,      Military,90,90,94,93,95,95,97,100,106,104,104,102,102,99,100,101,100,100
35740,"Norfolk, NE (Micropolitan Statistical Area)",,Employment by place of work,,,,,,,,,,,,,,,,,,
35740,"Norfolk, NE (Micropolitan Statistical Area)",10,Total employment (number of jobs),34963,34668,35064,35218,35027,34038,33735,33809,33767,33816,34060,34363,34824,35193,35333,35232,35184,35917
35740,"Norfolk, NE (Micropolitan Statistical Area)",2002,      Military,201,202,209,212,195,198,189,203,205,197,196,189,180,176,171,165,167,161
35820,"North Platte, NE (Micropolitan Statistical Area)",,Employment by place of work,,,,,,,,,,,,,,,,,,
35820,"North Platte, NE (Micropolitan Statistical Area)",10,Total employment (number of jobs),21638,21495,21871,22446,22940,23454,24004,23978,23475,23615,23476,23606,23485,23528,23730,23660,23328,23223
35820,"North Platte, NE (Micropolitan Statistical Area)",2002,      Military,146,146,152,158,147,150,148,160,160,153,151,146,139,135,131,128,126,123
35860,"North Vernon, IN (Micropolitan Statistical Area)",,Employment by place of work,,,,,,,,,,,,,,,,,,
35860,"North Vernon, IN (Micropolitan Statistical Area)",10,Total employment (number of jobs),11890,11247,11362,11428,11233,11211,11382,10806,10133,10268,10317,10253,10200,10248,10245,10166,10262,10649
35860,"North Vernon, IN (Micropolitan Statistical Area)",2002,      Military,96,94,95,91,89,89,90,95,97,96,95,91,90,88,87,84,83,81
35900,"North Wilkesboro, NC (Micropolitan Statistical Area)",,Employment by place of work,,,,,,,,,,,,,,,,,,
35900,"North Wilkesboro, NC (Micropolitan Statistical Area)",10,Total employment (number of jobs),33711,32755,32603,33265,33319,32912,33143,32178,30776,29806,30381,30319,30361,30333,30575,31604,31796,31576
35900,"North Wilkesboro, NC (Micropolitan Statistical Area)",2002,      Military,186,188,190,174,164,173,177,177,173,171,179,176,170,166,163,159,154,149
35940,"Norwalk, OH (Micropolitan Statistical Area)",,Employment by place of work,,,,,,,,,,,,,,,,,,
35940,"Norwalk, OH (Micropolitan Statistical Area)",10,Total employment (number of jobs),34340,33006,32125,31918,31833,31576,30606,29483,27593,27793,27999,28348,28003,27914,28393,28670,28834,29262
35940,"Norwalk, OH (Micropolitan Statistical Area)",2002,      Military,161,167,166,163,152,152,148,154,155,153,153,152,151,148,147,147,146,146
36020,"Oak Harbor, WA (Micropolitan Statistical Area)",,Employment by place of work,,,,,,,,,,,,,,,,,,
36020,"Oak Harbor, WA (Micropolitan Statistical Area)",10,Total employment (number of jobs),32082,33338,33898,34780,35351,36465,36806,35890,33483,32637,32288,32158,32518,33135,33689,34443,35312,35951
36020,"Oak Harbor, WA (Micropolitan Statistical Area)",2002,      Military,8044,8337,8552,8636,8638,8812,8370,7954,6533,6264,6218,5970,5869,5874,6027,6075,5995,6005
36300,"Ogdensburg-Massena, NY (Micropolitan Statistical Area)",,Employment by place of work,,,,,,,,,,,,,,,,,,
36300,"Ogdensburg-Massena, NY (Micropolitan Statistical Area)",10,Total employment (number of jobs),49298,49241,48651,48590,49210,49114,49532,49623,48008,46947,46944,46498,46714,47011,46999,46813,46988,47659
36300,"Ogdensburg-Massena, NY (Micropolitan Statistical Area)",2002,      Military,214,212,209,199,189,188,186,192,193,189,211,269,279,265,265,262,261,258
36340,"Oil City, PA (Micropolitan Statistical Area)",,Employment by place of work,,,,,,,,,,,,,,,,,,
36340,"Oil City, PA (Micropolitan Statistical Area)",10,Total employment (number of jobs),28091,27166,27081,26841,27003,27167,27048,26797,26087,26390,26572,26475,25735,25597,25173,24531,24404,24478
36340,"Oil City, PA (Micropolitan Statistical Area)",2002,      Military,187,184,184,172,163,165,155,150,146,145,140,142,140,137,136,134,131,127
36380,"Okeechobee, FL (Micropolitan Statistical Area)",,Employment by place of work,,,,,,,,,,,,,,,,,,
36380,"Okeechobee, FL (Micropolitan Statistical Area)",10,Total employment (number of jobs),13074,13189,13638,14005,14817,15339,15653,14976,14797,14667,14661,14888,15153,15289,15578,15620,16466,16258
36380,"Okeechobee, FL (Micropolitan Statistical Area)",2002,      Military,74,76,76,69,69,73,74,73,75,76,74,71,71,69,68,68,68,67
36460,"Olean, NY (Micropolitan Statistical Area)",,Employment by place of work,,,,,,,,,,,,,,,,,,
36460,"Olean, NY (Micropolitan Statistical Area)",10,Total employment (number of jobs),40981,40922,41250,41598,40885,40554,40819,40694,39963,39366,39092,38886,38764,38474,38454,38485,38077,37944
36460,"Olean, NY (Micropolitan Statistical Area)",2002,      Military,163,162,156,149,138,136,133,136,135,133,140,152,150,148,148,136,122,124
36580,"Oneonta, NY (Micropolitan Statistical Area)",,Employment by place of work,,,,,,,,,,,,,,,,,,
36580,"Oneonta, NY (Micropolitan Statistical Area)",10,Total employment (number of jobs),32075,32480,32546,33094,33495,33942,34059,33882,33287,33230,33409,33473,33543,33534,33421,33193,33047,33444
36580,"Oneonta, NY (Micropolitan Statistical Area)",2002,      Military,110,110,108,103,97,96,95,98,97,95,95,95,93,91,90,88,87,86
36620,"Ontario, OR-ID (Micropolitan Statistical Area)",,Employment by place of work,,,,,,,,,,,,,,,,,,
36620,"Ontario, OR-ID (Micropolitan Statistical Area)",10,Total employment (number of jobs),26508,26073,25997,26198,26442,26726,27629,27427,26754,26579,26677,26181,26281,26419,26702,27400,28108,28333
36620,"Ontario, OR-ID (Micropolitan Statistical Area)",2002,      Military,177,180,181,175,167,171,172,170,170,167,165,164,160,156,151,144,141,139
36660,"Opelousas, LA (Micropolitan Statistical Area)",,Employment by place of work,,,,,,,,,,,,,,,,,,
36660,"Opelousas, LA (Micropolitan Statistical Area)",10,Total employment (number of jobs),30039,30663,32406,33369,34042,35122,35695,35770,35870,36211,36413,36251,36760,36974,37086,36613,36462,36746
36660,"Opelousas, LA (Micropolitan Statistical Area)",2002,      Military,453,442,431,404,380,374,365,365,354,410,399,390,396,390,369,362,355,309
36700,"Orangeburg, SC (Micropolitan Statistical Area)",,Employment by place of work,,,,,,,,,,,,,,,,,,
36700,"Orangeburg, SC (Micropolitan Statistical Area)",10,Total employment (number of jobs),44107,43577,42670,42440,42658,43252,44656,43882,41636,40769,41537,40989,40975,40195,39750,39028,39373,39757
36700,"Orangeburg, SC (Micropolitan Statistical Area)",2002,      Military,441,440,430,411,397,386,384,402,401,401,392,379,373,360,351,338,331,318
36820,"Oskaloosa, IA (Micropolitan Statistical Area)",,Employment by place of work,,,,,,,,,,,,,,,,,,
36820,"Oskaloosa, IA (Micropolitan Statistical Area)",10,Total employment (number of jobs),11591,11228,11045,11417,11541,11724,11642,11584,11174,11125,11489,11515,11500,11638,11588,11551,11270,11429
36820,"Oskaloosa, IA (Micropolitan Statistical Area)",2002,      Military,103,103,103,104,100,96,93,94,94,94,94,92,90,88,84,81,80,77
36830,"Othello, WA (Micropolitan Statistical Area)",,Employment by place of work,,,,,,,,,,,,,,,,,,
36830,"Othello, WA (Micropolitan Statistical Area)",10,Total employment (number of jobs),8663,8614,8630,8353,8452,8392,8366,8597,8446,8514,8548,8731,9059,9184,9327,9234,9319,9585
36830,"Othello, WA (Micropolitan Statistical Area)",2002,      Military,59,59,60,58,56,54,54,55,57,58,56,54,53,52,51,51,51,49
36837,"Ottawa, IL (Micropolitan Statistical Area)",,Employment by place of work,,,,,,,,,,,,,,,,,,
36837,"Ottawa, IL (Micropolitan Statistical Area)",10,Total employment (number of jobs),79532,77037,75821,76105,76967,77303,78580,77901,74873,74187,75007,74582,74615,74847,74880,74435,74212,74390
36837,"Ottawa, IL (Micropolitan Statistical Area)",2002,      Military,331,336,330,314,293,305,311,313,313,314,309,305,301,296,293,295,297,289
36840,"Ottawa, KS (Micropolitan Statistical Area)",,Employment by place of work,,,,,,,,,,,,,,,,,,
36840,"Ottawa, KS (Micropolitan Statistical Area)",10,Total employment (number of jobs),13706,14111,14238,14236,14205,14259,14788,14394,13863,13434,13522,13656,13768,14057,14158,14293,14203,14138
36840,"Ottawa, KS (Micropolitan Statistical Area)",2002,      Military,117,119,119,116,119,125,120,111,108,110,112,109,107,104,102,99,98,93
36900,"Ottumwa, IA (Micropolitan Statistical Area)",,Employment by place of work,,,,,,,,,,,,,,,,,,
36900,"Ottumwa, IA (Micropolitan Statistical Area)",10,Total employment (number of jobs),20432,20716,20851,20917,20839,20668,21010,20782,20019,19929,20017,20021,20247,20271,20284,20239,20153,20309
36900,"Ottumwa, IA (Micropolitan Statistical Area)",2002,      Military,167,167,169,168,161,156,148,150,149,151,150,147,144,141,135,129,128,124
36940,"Owatonna, MN (Micropolitan Statistical Area)",,Employment by place of work,,,,,,,,,,,,,,,,,,
36940,"Owatonna, MN (Micropolitan Statistical Area)",10,Total employment (number of jobs),25457,24989,24748,25471,25928,26548,27092,27483,26104,26005,26744,27493,27334,27664,27666,27515,26829,26983
36940,"Owatonna, MN (Micropolitan Statistical Area)",2002,      Military,133,135,136,141,159,156,164,142,138,139,138,135,132,130,130,128,129,126
37060,"Oxford, MS (Micropolitan Statistical Area)",,Employment by place of work,,,,,,,,,,,,,,,,,,
37060,"Oxford, MS (Micropolitan Statistical Area)",10,Total employment (number of jobs),22535,23088,23273,23698,25072,26690,27165,27268,26355,26268,27220,28314,29295,30731,31989,34363,35593,36735
37060,"Oxford, MS (Micropolitan Statistical Area)",2002,      Military,249,258,268,260,255,263,266,275,275,284,294,297,289,289,297,303,303,300
37120,"Ozark, AL (Micropolitan Statistical Area)",,Employment by place of work,,,,,,,,,,,,,,,,,,
37120,"Ozark, AL (Micropolitan Statistical Area)",10,Total employment (number of jobs),27053,27099,26906,26903,26842,27391,27986,27840,27517,27464,27361,26912,25989,25560,25356,25904,26193,26438
37120,"Ozark, AL (Micropolitan Statistical Area)",2002,      Military,4583,4690,4550,4404,4257,4269,4425,4480,4510,4239,4029,4012,3830,3816,3759,3733,3769,3765
37140,"Paducah, KY-IL (Micropolitan Statistical Area)",,Employment by place of work,,,,,,,,,,,,,,,,,,
37140,"Paducah, KY-IL (Micropolitan Statistical Area)",10,Total employment (number of jobs),61460,60930,60768,61077,61885,62066,63722,62576,60200,59744,60510,60306,60081,60365,60891,60942,60588,60247
37140,"Paducah, KY-IL (Micropolitan Statistical Area)",2002,      Military,323,322,321,309,309,313,315,322,319,333,331,331,325,320,310,306,296,298
37220,"Pahrump, NV (Micropolitan Statistical Area)",,Employment by place of work,,,,,,,,,,,,,,,,,,
37220,"Pahrump, NV (Micropolitan Statistical Area)",10,Total employment (number of jobs),12992,13458,14301,15660,16781,17684,17749,16636,15485,14938,15047,15041,15140,15257,15279,15550,15933,16534
37220,"Pahrump, NV (Micropolitan Statistical Area)",2002,      Military,75,78,77,78,84,101,115,135,149,173,171,120,119,115,118,117,117,117
37260,"Palatka, FL (Micropolitan Statistical Area)",,Employment by place of work,,,,,,,,,,,,,,,,,,
37260,"Palatka, FL (Micropolitan Statistical Area)",10,Total employment (number of jobs),23667,24028,25671,24834,25840,26218,26211,25070,23977,24103,23629,22748,22647,22993,22780,22983,23359,23414
37260,"Palatka, FL (Micropolitan Statistical Area)",2002,      Military,150,154,152,137,136,144,146,144,146,148,144,138,136,132,129,127,129,127
37300,"Palestine, TX (Micropolitan Statistical Area)",,Employment by place of work,,,,,,,,,,,,,,,,,,
37300,"Palestine, TX (Micropolitan Statistical Area)",10,Total employment (number of jobs),24575,24156,24212,24251,24351,24791,25183,25700,25418,25534,25764,26655,27378,28014,28263,28655,28407,28670
37300,"Palestine, TX (Micropolitan Statistical Area)",2002,      Military,104,105,105,103,97,98,99,105,106,102,100,96,92,89,87,87,87,86
37420,"Pampa, TX (Micropolitan Statistical Area)",,Employment by place of work,,,,,,,,,,,,,,,,,,
37420,"Pampa, TX (Micropolitan Statistical Area)",10,Total employment (number of jobs),11597,11181,11199,11228,11936,12263,12841,13273,12536,12584,12821,13471,13620,13650,13248,12326,12070,12206
37420,"Pampa, TX (Micropolitan Statistical Area)",2002,      Military,54,54,53,51,48,49,50,53,53,50,50,48,47,46,45,43,42,41
37500,"Paragould, AR (Micropolitan Statistical Area)",,Employment by place of work,,,,,,,,,,,,,,,,,,
37500,"Paragould, AR (Micropolitan Statistical Area)",10,Total employment (number of jobs),18690,18195,18444,19046,19682,19987,19714,19544,19082,18543,19250,20004,19950,20608,21033,20938,20957,21290
37500,"Paragould, AR (Micropolitan Statistical Area)",2002,      Military,201,199,202,195,229,231,226,198,201,187,186,189,194,193,193,187,180,173
37540,"Paris, TN (Micropolitan Statistical Area)",,Employment by place of work,,,,,,,,,,,,,,,,,,
37540,"Paris, TN (Micropolitan Statistical Area)",10,Total employment (number of jobs),17131,16754,16445,16553,16744,16544,16543,16223,15365,15329,15384,15452,16040,16267,16502,16646,16718,17026
37540,"Paris, TN (Micropolitan Statistical Area)",2002,      Military,150,148,146,139,135,138,137,141,141,141,142,140,137,131,129,122,122,122
37580,"Paris, TX (Micropolitan Statistical Area)",,Employment by place of work,,,,,,,,,,,,,,,,,,
37580,"Paris, TX (Micropolitan Statistical Area)",10,Total employment (number of jobs),27813,27865,27827,27176,27420,28556,29703,29057,27891,27868,28064,27856,27989,28734,29745,30383,31066,31396
37580,"Paris, TX (Micropolitan Statistical Area)",2002,      Military,121,123,122,121,112,112,112,118,118,115,112,108,103,101,98,98,98,96
37660,"Parsons, KS (Micropolitan Statistical Area)",,Employment by place of work,,,,,,,,,,,,,,,,,,
37660,"Parsons, KS (Micropolitan Statistical Area)",10,Total employment (number of jobs),13708,13439,12600,13073,13131,13813,13920,14001,13258,12593,14266,14232,13996,14161,14367,14350,13926,13993
37660,"Parsons, KS (Micropolitan Statistical Area)",2002,      Military,103,103,103,98,102,106,101,93,91,91,92,89,86,85,82,79,77,72
37740,"Payson, AZ (Micropolitan Statistical Area)",,Employment by place of work,,,,,,,,,,,,,,,,,,
37740,"Payson, AZ (Micropolitan Statistical Area)",10,Total employment (number of jobs),19901,19757,19770,19877,20367,21125,21679,21573,20766,20544,20513,20775,21238,21297,21096,20832,20943,21169
37740,"Payson, AZ (Micropolitan Statistical Area)",2002,      Military,115,115,117,114,113,111,113,115,119,117,116,113,115,111,113,114,114,115
37770,"Pearsall, TX (Micropolitan Statistical Area)",,Employment by place of work,,,,,,,,,,,,,,,,,,
37770,"Pearsall, TX (Micropolitan Statistical Area)",10,Total employment (number of jobs),5731,5677,5808,5795,5963,6115,6847,7099,7132,7378,8061,8755,9134,10310,9770,8928,9392,10244
37770,"Pearsall, TX (Micropolitan Statistical Area)",2002,      Military,36,36,35,35,32,32,32,33,33,32,32,32,32,32,32,32,32,32
37780,"Pecos, TX (Micropolitan Statistical Area)",,Employment by place of work,,,,,,,,,,,,,,,,,,
37780,"Pecos, TX (Micropolitan Statistical Area)",10,Total employment (number of jobs),6342,5681,5242,5015,5010,4880,5060,5269,5140,5177,5230,5106,5301,5981,6392,6443,7541,9369
37780,"Pecos, TX (Micropolitan Statistical Area)",2002,      Military,30,29,28,27,24,24,24,25,25,25,24,23,23,23,24,24,24,25
37800,"Pella, IA (Micropolitan Statistical Area)",,Employment by place of work,,,,,,,,,,,,,,,,,,
37800,"Pella, IA (Micropolitan Statistical Area)",10,Total employment (number of jobs),23530,22417,22153,22302,23213,23413,23402,23290,22162,21794,21699,21898,22195,22322,22425,22605,22403,23087
37800,"Pella, IA (Micropolitan Statistical Area)",2002,      Military,145,146,147,147,142,139,134,137,137,137,136,135,131,129,124,119,118,116
37940,"Peru, IN (Micropolitan Statistical Area)",,Employment by place of work,,,,,,,,,,,,,,,,,,
37940,"Peru, IN (Micropolitan Statistical Area)",10,Total employment (number of jobs),15121,14824,14760,14847,15056,14848,14685,14410,13300,12977,13230,13343,13309,13434,13439,13397,13353,13464
37940,"Peru, IN (Micropolitan Statistical Area)",2002,      Military,135,144,189,141,173,149,126,130,133,128,128,120,119,118,117,115,114,113
38100,"Picayune, MS (Micropolitan Statistical Area)",,Employment by place of work,,,,,,,,,,,,,,,,,,
38100,"Picayune, MS (Micropolitan Statistical Area)",10,Total employment (number of jobs),16183,16396,16473,16691,17074,18458,19439,18669,18210,17558,17690,17733,17549,17766,17826,18242,18563,18933
38100,"Picayune, MS (Micropolitan Statistical Area)",2002,      Military,316,327,332,315,306,335,338,343,343,341,340,339,324,321,319,321,312,312
38180,"Pierre, SD (Micropolitan Statistical Area)",,Employment by place of work,,,,,,,,,,,,,,,,,,
38180,"Pierre, SD (Micropolitan Statistical Area)",10,Total employment (number of jobs),14243,14305,14084,14368,14780,15008,15052,15313,15475,15740,15803,15903,16052,16224,16187,16376,16313,16252
38180,"Pierre, SD (Micropolitan Statistical Area)",2002,      Military,130,133,133,131,122,122,123,123,126,128,129,123,119,118,119,114,113,115
38240,"Pinehurst-Southern Pines, NC (Micropolitan Statistical Area)",,Employment by place of work,,,,,,,,,,,,,,,,,,
38240,"Pinehurst-Southern Pines, NC (Micropolitan Statistical Area)",10,Total employment (number of jobs),42093,41739,41517,42574,43919,44697,45839,45534,44327,44346,45649,45784,46900,48202,48528,50670,50883,52759
38240,"Pinehurst-Southern Pines, NC (Micropolitan Statistical Area)",2002,      Military,212,216,220,204,195,210,217,221,219,219,233,230,233,238,239,236,234,232
38260,"Pittsburg, KS (Micropolitan Statistical Area)",,Employment by place of work,,,,,,,,,,,,,,,,,,
38260,"Pittsburg, KS (Micropolitan Statistical Area)",10,Total employment (number of jobs),23694,23533,23151,22835,23412,23102,23621,23995,22625,22580,22627,23009,23183,23140,23060,23026,23559,23458
38260,"Pittsburg, KS (Micropolitan Statistical Area)",2002,      Military,179,180,181,175,180,187,179,165,162,164,167,163,161,160,156,152,148,142
38380,"Plainview, TX (Micropolitan Statistical Area)",,Employment by place of work,,,,,,,,,,,,,,,,,,
38380,"Plainview, TX (Micropolitan Statistical Area)",10,Total employment (number of jobs),19131,18578,18481,18436,18517,18480,18368,18849,19005,18892,18833,18807,16975,16351,16591,16580,16643,16954
38380,"Plainview, TX (Micropolitan Statistical Area)",2002,      Military,85,85,85,84,78,77,76,79,79,78,76,73,69,65,63,62,62,61
38420,"Platteville, WI (Micropolitan Statistical Area)",,Employment by place of work,,,,,,,,,,,,,,,,,,
38420,"Platteville, WI (Micropolitan Statistical Area)",10,Total employment (number of jobs),27294,27434,27388,27624,28067,28584,28644,28537,28384,28415,28643,28737,29175,29464,29591,29227,29072,29508
38420,"Platteville, WI (Micropolitan Statistical Area)",2002,      Military,166,162,159,154,143,146,138,141,139,135,136,135,132,129,129,125,124,122
38460,"Plattsburgh, NY (Micropolitan Statistical Area)",,Employment by place of work,,,,,,,,,,,,,,,,,,
38460,"Plattsburgh, NY (Micropolitan Statistical Area)",10,Total employment (number of jobs),42720,42866,43149,43291,43642,43796,44259,44380,43277,42179,41824,41718,41726,42236,42230,42339,43199,43826
38460,"Plattsburgh, NY (Micropolitan Statistical Area)",2002,      Military,142,142,139,136,126,125,124,128,128,126,128,126,124,121,121,119,118,118
38500,"Plymouth, IN (Micropolitan Statistical Area)",,Employment by place of work,,,,,,,,,,,,,,,,,,
38500,"Plymouth, IN (Micropolitan Statistical Area)",10,Total employment (number of jobs),24942,24092,23853,24497,24670,24715,25007,24784,23036,23189,23606,23975,24318,25134,25172,25352,24898,24569
38500,"Plymouth, IN (Micropolitan Statistical Area)",2002,      Military,157,152,156,150,146,147,148,156,160,157,158,152,150,147,163,147,139,136
38580,"Point Pleasant, WV-OH (Micropolitan Statistical Area)",,Employment by place of work,,,,,,,,,,,,,,,,,,
38580,"Point Pleasant, WV-OH (Micropolitan Statistical Area)",10,Total employment (number of jobs),25424,25874,25574,26064,26004,26811,26538,26257,25894,25243,24964,24973,24692,24419,24252,23878,23904,24003
38580,"Point Pleasant, WV-OH (Micropolitan Statistical Area)",2002,      Military,228,230,236,235,223,218,210,221,220,216,213,212,209,205,203,198,196,196
38620,"Ponca City, OK (Micropolitan Statistical Area)",,Employment by place of work,,,,,,,,,,,,,,,,,,
38620,"Ponca City, OK (Micropolitan Statistical Area)",10,Total employment (number of jobs),27496,27127,26113,25940,25895,27143,27807,28779,27006,25971,26124,26300,26325,25833,25249,24522,24735,24761
38620,"Ponca City, OK (Micropolitan Statistical Area)",2002,      Military,235,231,228,215,197,195,197,206,202,195,188,178,172,168,165,164,160,156
38700,"Pontiac, IL (Micropolitan Statistical Area)",,Employment by place of work,,,,,,,,,,,,,,,,,,
38700,"Pontiac, IL (Micropolitan Statistical Area)",10,Total employment (number of jobs),21225,20325,19868,19351,19738,19851,20492,20237,19288,18601,18651,18358,18325,18483,18556,18485,18142,18068
38700,"Pontiac, IL (Micropolitan Statistical Area)",2002,      Military,80,81,79,75,70,72,73,74,74,73,72,71,70,68,68,68,69,67
38740,"Poplar Bluff, MO (Micropolitan Statistical Area)",,Employment by place of work,,,,,,,,,,,,,,,,,,
38740,"Poplar Bluff, MO (Micropolitan Statistical Area)",10,Total employment (number of jobs),27576,28013,28253,29576,30607,30064,29544,29690,28857,28551,28702,29610,29567,30129,29798,30121,29772,29367
38740,"Poplar Bluff, MO (Micropolitan Statistical Area)",2002,      Military,218,216,218,224,205,211,230,231,236,204,199,198,198,194,188,190,187,184
38780,"Portales, NM (Micropolitan Statistical Area)",,Employment by place of work,,,,,,,,,,,,,,,,,,
38780,"Portales, NM (Micropolitan Statistical Area)",10,Total employment (number of jobs),8442,8755,9067,9149,9140,9152,8814,8745,8776,9024,8640,8771,8686,8468,8252,8275,8201,8319
38780,"Portales, NM (Micropolitan Statistical Area)",2002,      Military,57,57,56,53,49,48,48,49,48,51,54,53,52,51,46,47,46,45
38820,"Port Angeles, WA (Micropolitan Statistical Area)",,Employment by place of work,,,,,,,,,,,,,,,,,,
38820,"Port Angeles, WA (Micropolitan Statistical Area)",10,Total employment (number of jobs),30220,30426,31031,32135,33152,33580,34116,33862,32772,32285,32087,31862,32612,32791,33340,33712,34263,34952
38820,"Port Angeles, WA (Micropolitan Statistical Area)",2002,      Military,501,527,554,551,552,574,561,569,572,565,552,555,538,505,517,522,537,552
38920,"Port Lavaca, TX (Micropolitan Statistical Area)",,Employment by place of work,,,,,,,,,,,,,,,,,,
38920,"Port Lavaca, TX (Micropolitan Statistical Area)",10,Total employment (number of jobs),13368,12417,12153,12078,12438,12444,12850,12744,12346,12503,13005,12752,13236,13492,14122,13814,13726,14642
38920,"Port Lavaca, TX (Micropolitan Statistical Area)",2002,      Military,96,100,104,102,93,89,89,96,105,107,104,109,106,96,102,98,101,101
39020,"Portsmouth, OH (Micropolitan Statistical Area)",,Employment by place of work,,,,,,,,,,,,,,,,,,
39020,"Portsmouth, OH (Micropolitan Statistical Area)",10,Total employment (number of jobs),33453,33724,33509,33531,32782,32702,33901,33814,32852,32691,32932,32928,32142,32407,32201,32067,31967,31731
39020,"Portsmouth, OH (Micropolitan Statistical Area)",2002,      Military,205,211,210,206,192,193,188,196,199,197,197,195,193,189,188,187,184,183
39060,"Pottsville, PA (Micropolitan Statistical Area)",,Employment by place of work,,,,,,,,,,,,,,,,,,
39060,"Pottsville, PA (Micropolitan Statistical Area)",10,Total employment (number of jobs),62822,62126,61748,62214,63975,65154,67202,66377,64002,63882,64097,64564,64400,64829,64656,64697,63807,64184
39060,"Pottsville, PA (Micropolitan Statistical Area)",2002,      Military,480,473,472,440,420,428,405,394,384,383,371,378,373,366,365,359,353,346
39220,"Price, UT (Micropolitan Statistical Area)",,Employment by place of work,,,,,,,,,,,,,,,,,,
39220,"Price, UT (Micropolitan Statistical Area)",10,Total employment (number of jobs),11181,11242,10919,10866,11348,11978,11894,12273,11968,11865,11903,11669,11390,11172,11255,10797,10828,11288
39220,"Price, UT (Micropolitan Statistical Area)",2002,      Military,102,103,104,99,98,96,92,90,94,94,96,93,89,86,84,81,78,77
39260,"Prineville, OR (Micropolitan Statistical Area)",,Employment by place of work,,,,,,,,,,,,,,,,,,
39260,"Prineville, OR (Micropolitan Statistical Area)",10,Total employment (number of jobs),9283,9331,9335,9927,10394,10832,10967,10451,9487,9036,8954,9002,9283,9018,9065,9303,9521,9780
39260,"Prineville, OR (Micropolitan Statistical Area)",2002,      Military,63,65,66,66,64,65,63,62,62,59,59,57,57,56,56,56,56,56
39420,"Pullman, WA (Micropolitan Statistical Area)",,Employment by place of work,,,,,,,,,,,,,,,,,,
39420,"Pullman, WA (Micropolitan Statistical Area)",10,Total employment (number of jobs),21522,21804,21775,22182,22621,22999,23310,24007,24075,23911,24527,24431,24676,24861,25460,25686,26251,26748
39420,"Pullman, WA (Micropolitan Statistical Area)",2002,      Military,143,144,146,144,139,135,132,134,136,136,131,127,125,122,120,123,123,120
39500,"Quincy, IL-MO (Micropolitan Statistical Area)",,Employment by place of work,,,,,,,,,,,,,,,,,,
39500,"Quincy, IL-MO (Micropolitan Statistical Area)",10,Total employment (number of jobs),47661,47617,46833,46955,47575,47942,48099,48190,47107,46682,47041,47356,47157,47366,47074,46693,46985,47738
39500,"Quincy, IL-MO (Micropolitan Statistical Area)",2002,      Military,185,187,183,174,162,168,172,173,174,169,167,166,165,161,162,164,163,158
39700,"Raymondville, TX (Micropolitan Statistical Area)",,Employment by place of work,,,,,,,,,,,,,,,,,,
39700,"Raymondville, TX (Micropolitan Statistical Area)",10,Total employment (number of jobs),5214,5152,5216,5285,5596,5677,6079,6546,6774,6889,6555,6484,6491,6702,6303,6009,6109,6320
39700,"Raymondville, TX (Micropolitan Statistical Area)",2002,      Military,52,52,51,51,48,47,47,49,49,46,43,41,40,38,37,37,36,36
39780,"Red Bluff, CA (Micropolitan Statistical Area)",,Employment by place of work,,,,,,,,,,,,,,,,,,
39780,"Red Bluff, CA (Micropolitan Statistical Area)",10,Total employment (number of jobs),23736,24319,24095,23965,24185,24578,24596,23994,22776,22127,22020,21831,22875,23451,24059,25126,25866,26339
39780,"Red Bluff, CA (Micropolitan Statistical Area)",2002,      Military,106,106,108,107,102,101,100,103,103,103,101,101,99,97,95,94,94,92
39860,"Red Wing, MN (Micropolitan Statistical Area)",,Employment by place of work,,,,,,,,,,,,,,,,,,
39860,"Red Wing, MN (Micropolitan Statistical Area)",10,Total employment (number of jobs),29923,29498,29297,29803,29357,29723,30127,29949,29524,29170,29775,29576,29839,29924,29800,29424,29488,29585
39860,"Red Wing, MN (Micropolitan Statistical Area)",2002,      Military,172,175,176,181,201,197,206,178,173,176,174,172,167,163,163,161,161,158
39940,"Rexburg, ID (Micropolitan Statistical Area)",,Employment by place of work,,,,,,,,,,,,,,,,,,
39940,"Rexburg, ID (Micropolitan Statistical Area)",10,Total employment (number of jobs),20385,21444,21278,21736,22643,23934,25182,25233,23909,23539,24206,24614,24993,26115,26927,28286,29441,30166
39940,"Rexburg, ID (Micropolitan Statistical Area)",2002,      Military,155,160,168,174,170,184,188,193,193,191,190,188,184,181,176,168,164,164
39980,"Richmond, IN (Micropolitan Statistical Area)",,Employment by place of work,,,,,,,,,,,,,,,,,,
39980,"Richmond, IN (Micropolitan Statistical Area)",10,Total employment (number of jobs),43099,42936,41635,41232,40723,40237,40425,39740,37108,36664,37030,37425,37732,38456,38269,38397,38766,39369
39980,"Richmond, IN (Micropolitan Statistical Area)",2002,      Military,240,233,237,223,216,214,214,224,229,226,226,216,211,206,204,196,192,188
40080,"Richmond-Berea, KY (Micropolitan Statistical Area)",,Employment by place of work,,,,,,,,,,,,,,,,,,
40080,"Richmond-Berea, KY (Micropolitan Statistical Area)",10,Total employment (number of jobs),41209,41343,42148,42914,44674,45622,45587,45939,44808,45630,47463,48001,49374,50148,50509,49655,49627,50790
40080,"Richmond-Berea, KY (Micropolitan Statistical Area)",2002,      Military,281,287,288,280,284,294,297,304,303,317,318,320,319,324,325,313,301,307
40100,"Rio Grande City-Roma, TX (Micropolitan Statistical Area)",,Employment by place of work,,,,,,,,,,,,,,,,,,
40100,"Rio Grande City-Roma, TX (Micropolitan Statistical Area)",10,Total employment (number of jobs),17137,18062,18631,19352,19901,20609,20924,21272,21698,21989,22455,22702,22901,23406,23504,23986,24358,24363
40100,"Rio Grande City-Roma, TX (Micropolitan Statistical Area)",2002,      Military,137,140,141,142,132,133,135,141,143,140,137,133,130,127,126,126,126,125
40180,"Riverton, WY (Micropolitan Statistical Area)",,Employment by place of work,,,,,,,,,,,,,,,,,,
40180,"Riverton, WY (Micropolitan Statistical Area)",10,Total employment (number of jobs),21155,21583,21193,21627,22392,22989,24094,24626,24247,24428,24518,24764,24799,24530,24330,23705,23409,23331
40180,"Riverton, WY (Micropolitan Statistical Area)",2002,      Military,203,201,199,203,206,219,229,228,234,232,231,221,217,213,209,206,205,202
40260,"Roanoke Rapids, NC (Micropolitan Statistical Area)",,Employment by place of work,,,,,,,,,,,,,,,,,,
40260,"Roanoke Rapids, NC (Micropolitan Statistical Area)",10,Total employment (number of jobs),29577,29327,29414,30109,30989,31597,32099,31146,30288,29591,29411,28804,28763,28659,28406,28364,28295,28332
40260,"Roanoke Rapids, NC (Micropolitan Statistical Area)",2002,      Military,217,217,218,198,186,195,196,196,190,186,195,188,181,175,172,165,158,150
40300,"Rochelle, IL (Micropolitan Statistical Area)",,Employment by place of work,,,,,,,,,,,,,,,,,,
40300,"Rochelle, IL (Micropolitan Statistical Area)",10,Total employment (number of jobs),23841,23361,23249,23614,24312,25311,25709,24835,23416,23310,23221,22869,22667,23055,23337,23364,23037,23051
40300,"Rochelle, IL (Micropolitan Statistical Area)",2002,      Military,112,114,113,108,102,106,109,110,109,110,108,106,105,103,102,102,103,101
40460,"Rockingham, NC (Micropolitan Statistical Area)",,Employment by place of work,,,,,,,,,,,,,,,,,,
40460,"Rockingham, NC (Micropolitan Statistical Area)",10,Total employment (number of jobs),20167,19125,18789,19045,19083,19414,19691,19210,18071,18150,18003,18030,17997,17967,17959,18060,18033,18044
40460,"Rockingham, NC (Micropolitan Statistical Area)",2002,      Military,127,128,127,117,110,115,117,117,115,114,120,117,113,110,108,104,100,96
40530,"Rockport, TX (Micropolitan Statistical Area)",,Employment by place of work,,,,,,,,,,,,,,,,,,
40530,"Rockport, TX (Micropolitan Statistical Area)",10,Total employment (number of jobs),9192,9120,9421,9585,9885,10436,10527,10688,10295,10363,10368,10742,11231,11249,11410,11175,10916,10643
40530,"Rockport, TX (Micropolitan Statistical Area)",2002,      Military,56,57,57,56,53,52,52,55,55,53,52,51,50,49,49,49,50,46
40540,"Rock Springs, WY (Micropolitan Statistical Area)",,Employment by place of work,,,,,,,,,,,,,,,,,,
40540,"Rock Springs, WY (Micropolitan Statistical Area)",10,Total employment (number of jobs),24193,23649,24550,25646,27135,29553,30824,31795,29597,29291,30278,30682,30380,29976,29136,27831,27903,28100
40540,"Rock Springs, WY (Micropolitan Statistical Area)",2002,      Military,212,211,208,214,218,233,251,250,262,253,252,244,241,237,235,229,227,223
40620,"Rolla, MO (Micropolitan Statistical Area)",,Employment by place of work,,,,,,,,,,,,,,,,,,
40620,"Rolla, MO (Micropolitan Statistical Area)",10,Total employment (number of jobs),23171,23913,24719,25537,25298,25513,25092,24394,23881,24039,24059,23970,24019,24117,24530,24655,25058,25195
40620,"Rolla, MO (Micropolitan Statistical Area)",2002,      Military,331,367,322,298,282,300,325,337,309,273,248,239,238,234,224,244,258,251
40700,"Roseburg, OR (Micropolitan Statistical Area)",,Employment by place of work,,,,,,,,,,,,,,,,,,
40700,"Roseburg, OR (Micropolitan Statistical Area)",10,Total employment (number of jobs),50921,51598,52012,53164,54150,54652,54441,52540,49530,48725,48724,48222,48619,49257,50375,51297,52067,52841
40700,"Roseburg, OR (Micropolitan Statistical Area)",2002,      Military,387,395,392,378,362,361,354,345,351,346,346,340,334,320,319,310,310,306
40740,"Roswell, NM (Micropolitan Statistical Area)",,Employment by place of work,,,,,,,,,,,,,,,,,,
40740,"Roswell, NM (Micropolitan Statistical Area)",10,Total employment (number of jobs),27412,26918,27134,27201,27771,28887,30337,30255,29578,28881,28816,28760,29031,29283,29861,30017,29194,29353
40740,"Roswell, NM (Micropolitan Statistical Area)",2002,      Military,203,196,193,183,172,168,168,176,189,206,194,185,184,180,173,176,175,169
40760,"Ruidoso, NM (Micropolitan Statistical Area)",,Employment by place of work,,,,,,,,,,,,,,,,,,
40760,"Ruidoso, NM (Micropolitan Statistical Area)",10,Total employment (number of jobs),9983,10460,10821,11093,11029,10975,11571,11688,11106,10807,10583,10626,10435,10564,10566,10526,10592,10687
40760,"Ruidoso, NM (Micropolitan Statistical Area)",2002,      Military,63,62,62,60,56,54,53,55,54,55,57,56,55,53,49,50,50,49
40780,"Russellville, AR (Micropolitan Statistical Area)",,Employment by place of work,,,,,,,,,,,,,,,,,,
40780,"Russellville, AR (Micropolitan Statistical Area)",10,Total employment (number of jobs),42881,42169,42006,43368,45798,46116,46402,46073,44193,44803,45198,45050,45221,45666,45666,44987,44564,44839
40780,"Russellville, AR (Micropolitan Statistical Area)",2002,      Military,402,397,398,386,450,451,438,385,392,362,355,358,367,363,358,344,331,318
40820,"Ruston, LA (Micropolitan Statistical Area)",,Employment by place of work,,,,,,,,,,,,,,,,,,
40820,"Ruston, LA (Micropolitan Statistical Area)",10,Total employment (number of jobs),22513,22445,22645,22934,23084,24272,24670,25183,25212,25038,25107,24910,25289,25424,25958,26702,27054,27410
40820,"Ruston, LA (Micropolitan Statistical Area)",2002,      Military,214,211,209,200,190,186,183,185,188,217,214,209,211,208,200,196,191,167
40860,"Rutland, VT (Micropolitan Statistical Area)",,Employment by place of work,,,,,,,,,,,,,,,,,,
40860,"Rutland, VT (Micropolitan Statistical Area)",10,Total employment (number of jobs),38812,39067,38919,39798,40355,40394,40600,40099,38712,38432,38226,38522,38492,38398,38365,37895,37609,37845
40860,"Rutland, VT (Micropolitan Statistical Area)",2002,      Military,450,444,448,431,402,394,394,403,403,416,415,418,415,408,414,398,379,354
40940,"Safford, AZ (Micropolitan Statistical Area)",,Employment by place of work,,,,,,,,,,,,,,,,,,
40940,"Safford, AZ (Micropolitan Statistical Area)",10,Total employment (number of jobs),9691,9537,9609,9713,10063,10781,11622,12088,11341,11168,11442,11736,11764,11787,12081,12098,12200,12526
40940,"Safford, AZ (Micropolitan Statistical Area)",2002,      Military,69,68,69,66,66,65,68,72,76,74,74,73,75,74,75,76,75,77
41220,"St. Marys, GA (Micropolitan Statistical Area)",,Employment by place of work,,,,,,,,,,,,,,,,,,
41220,"St. Marys, GA (Micropolitan Statistical Area)",10,Total employment (number of jobs),22372,22639,22474,22526,23605,24455,24387,24376,23125,22198,22123,22223,22215,22188,22366,22626,23234,23672
41220,"St. Marys, GA (Micropolitan Statistical Area)",2002,      Military,5541,5412,5070,4840,4698,4508,4448,4527,4299,4408,4256,4190,4155,4144,4282,4187,4135,4188
41260,"St. Marys, PA (Micropolitan Statistical Area)",,Employment by place of work,,,,,,,,,,,,,,,,,,
41260,"St. Marys, PA (Micropolitan Statistical Area)",10,Total employment (number of jobs),19638,19382,19131,19358,19369,19410,19390,19123,17529,18266,18812,18823,18380,18594,18592,18478,18380,18590
41260,"St. Marys, PA (Micropolitan Statistical Area)",2002,      Military,118,114,114,106,100,99,93,89,86,85,83,84,83,81,81,79,78,76
41400,"Salem, OH (Micropolitan Statistical Area)",,Employment by place of work,,,,,,,,,,,,,,,,,,
41400,"Salem, OH (Micropolitan Statistical Area)",10,Total employment (number of jobs),46950,46005,45956,45109,44729,45003,44960,44244,42118,41857,42808,43614,44053,44596,44203,42605,42523,43001
41400,"Salem, OH (Micropolitan Statistical Area)",2002,      Military,293,301,300,293,271,272,263,271,274,270,270,267,265,259,257,254,251,248
41460,"Salina, KS (Micropolitan Statistical Area)",,Employment by place of work,,,,,,,,,,,,,,,,,,
41460,"Salina, KS (Micropolitan Statistical Area)",10,Total employment (number of jobs),42233,41987,41076,41304,41356,41655,42089,42154,41119,40164,40015,40057,41340,41459,41731,41705,41483,41563
41460,"Salina, KS (Micropolitan Statistical Area)",2002,      Military,279,284,284,274,283,296,282,261,256,261,265,260,256,251,245,236,230,218
41760,"Sandpoint, ID (Micropolitan Statistical Area)",,Employment by place of work,,,,,,,,,,,,,,,,,,
41760,"Sandpoint, ID (Micropolitan Statistical Area)",10,Total employment (number of jobs),18624,19221,19668,20571,21735,22284,23118,22365,21452,20752,20505,20260,20512,20953,21227,22044,22620,23237
41760,"Sandpoint, ID (Micropolitan Statistical Area)",2002,      Military,149,153,157,155,148,158,161,163,160,157,155,154,151,150,146,140,138,141
41780,"Sandusky, OH (Micropolitan Statistical Area)",,Employment by place of work,,,,,,,,,,,,,,,,,,
41780,"Sandusky, OH (Micropolitan Statistical Area)",10,Total employment (number of jobs),48647,48516,48146,47926,48210,47634,47365,46842,45181,45460,46658,46504,47086,46957,47249,47351,47865,48196
41780,"Sandusky, OH (Micropolitan Statistical Area)",2002,      Military,211,216,215,211,196,196,190,197,198,196,196,195,193,190,189,188,187,185
41820,"Sanford, NC (Micropolitan Statistical Area)",,Employment by place of work,,,,,,,,,,,,,,,,,,
41820,"Sanford, NC (Micropolitan Statistical Area)",10,Total employment (number of jobs),33442,33000,32988,34436,34983,34949,34843,33818,31481,31819,31578,31842,31840,32241,33149,33453,33979,34371
41820,"Sanford, NC (Micropolitan Statistical Area)",2002,      Military,139,137,138,127,123,133,138,142,143,142,151,150,148,143,142,138,136,133
42300,"Sault Ste. Marie, MI (Micropolitan Statistical Area)",,Employment by place of work,,,,,,,,,,,,,,,,,,
42300,"Sault Ste. Marie, MI (Micropolitan Statistical Area)",10,Total employment (number of jobs),18320,18269,18476,18363,18183,18115,18226,17753,17269,17106,17113,17355,17550,16858,16915,16587,16524,16639
42300,"Sault Ste. Marie, MI (Micropolitan Statistical Area)",2002,      Military,204,204,211,228,222,229,219,220,220,231,226,236,232,223,229,232,231,234
42380,"Sayre, PA (Micropolitan Statistical Area)",,Employment by place of work,,,,,,,,,,,,,,,,,,
42380,"Sayre, PA (Micropolitan Statistical Area)",10,Total employment (number of jobs),31784,31376,31256,30990,30751,30562,30734,30374,30244,32423,33943,35103,34350,34811,34556,33353,32641,32711
42380,"Sayre, PA (Micropolitan Statistical Area)",2002,      Military,209,207,207,195,186,188,178,171,168,168,164,167,165,161,161,169,156,153
42420,"Scottsbluff, NE (Micropolitan Statistical Area)",,Employment by place of work,,,,,,,,,,,,,,,,,,
42420,"Scottsbluff, NE (Micropolitan Statistical Area)",10,Total employment (number of jobs),23923,23691,23510,23864,23949,24273,25011,24971,24789,24500,24670,24943,24852,24752,24921,25035,24700,24881
42420,"Scottsbluff, NE (Micropolitan Statistical Area)",2002,      Military,159,159,165,165,153,156,153,163,165,160,158,153,144,139,136,132,130,126
42460,"Scottsboro, AL (Micropolitan Statistical Area)",,Employment by place of work,,,,,,,,,,,,,,,,,,
42460,"Scottsboro, AL (Micropolitan Statistical Area)",10,Total employment (number of jobs),24338,24077,24443,24812,25202,25755,26068,24993,23330,23497,23951,23587,23801,23706,23915,23566,23085,23281
42460,"Scottsboro, AL (Micropolitan Statistical Area)",2002,      Military,316,308,303,341,314,313,302,253,259,256,260,247,243,238,233,227,222,214
42500,"Scottsburg, IN (Micropolitan Statistical Area)",,Employment by place of work,,,,,,,,,,,,,,,,,,
42500,"Scottsburg, IN (Micropolitan Statistical Area)",10,Total employment (number of jobs),10150,9966,9868,10147,10268,10156,10077,9774,9015,8817,9120,9533,9663,9921,9954,10334,10542,10713
42500,"Scottsburg, IN (Micropolitan Statistical Area)",2002,      Military,81,79,81,77,75,75,76,80,82,81,81,77,76,74,74,72,71,70
42620,"Searcy, AR (Micropolitan Statistical Area)",,Employment by place of work,,,,,,,,,,,,,,,,,,
42620,"Searcy, AR (Micropolitan Statistical Area)",10,Total employment (number of jobs),34286,34002,34640,35361,35936,36446,36008,37416,37398,37492,37650,37627,36630,36567,36590,35974,35729,36099
42620,"Searcy, AR (Micropolitan Statistical Area)",2002,      Military,352,349,353,342,402,406,394,348,359,334,330,334,342,337,334,319,306,293
42740,"Sedalia, MO (Micropolitan Statistical Area)",,Employment by place of work,,,,,,,,,,,,,,,,,,
42740,"Sedalia, MO (Micropolitan Statistical Area)",10,Total employment (number of jobs),25068,24519,24520,24544,24879,25116,25561,25296,24534,24441,24802,24671,24840,25334,25862,25787,25829,25806
42740,"Sedalia, MO (Micropolitan Statistical Area)",2002,      Military,161,158,159,164,149,155,170,170,174,152,148,148,147,145,142,143,143,141
42780,"Selinsgrove, PA (Micropolitan Statistical Area)",,Employment by place of work,,,,,,,,,,,,,,,,,,
42780,"Selinsgrove, PA (Micropolitan Statistical Area)",10,Total employment (number of jobs),21916,21728,21497,21915,22407,22432,22208,21626,20926,20759,20841,21077,21226,21921,22087,22946,23414,23361
42780,"Selinsgrove, PA (Micropolitan Statistical Area)",2002,      Military,121,120,122,116,110,112,107,104,102,102,99,102,102,100,101,99,99,97
42820,"Selma, AL (Micropolitan Statistical Area)",,Employment by place of work,,,,,,,,,,,,,,,,,,
42820,"Selma, AL (Micropolitan Statistical Area)",10,Total employment (number of jobs),21935,20998,20440,20548,20797,21454,21091,20559,19136,18440,18591,17955,17685,17696,17991,17493,17296,17310
42820,"Selma, AL (Micropolitan Statistical Area)",2002,      Military,270,260,254,284,261,259,249,208,211,209,210,198,191,186,181,173,166,157
42860,"Seneca, SC (Micropolitan Statistical Area)",,Employment by place of work,,,,,,,,,,,,,,,,,,
42860,"Seneca, SC (Micropolitan Statistical Area)",10,Total employment (number of jobs),33501,33062,32839,32661,32168,31133,31764,31779,30307,30348,31270,31481,31529,32624,33045,33003,33431,34470
42860,"Seneca, SC (Micropolitan Statistical Area)",2002,      Military,330,333,328,317,309,303,305,321,323,328,321,313,310,304,301,295,294,288
42900,"Seneca Falls, NY (Micropolitan Statistical Area)",,Employment by place of work,,,,,,,,,,,,,,,,,,
42900,"Seneca Falls, NY (Micropolitan Statistical Area)",10,Total employment (number of jobs),14044,14420,14550,15081,14981,15154,15250,15156,14939,14971,15133,15313,15030,15233,15703,15787,16879,17004
42900,"Seneca Falls, NY (Micropolitan Statistical Area)",2002,      Military,67,65,64,62,59,57,57,60,59,55,55,54,53,52,52,51,50,49
42940,"Sevierville, TN (Micropolitan Statistical Area)",,Employment by place of work,,,,,,,,,,,,,,,,,,
42940,"Sevierville, TN (Micropolitan Statistical Area)",10,Total employment (number of jobs),46205,47866,49627,51720,53897,55721,57165,55986,53882,53446,54143,55373,56351,58363,60255,61811,62956,64354
42940,"Sevierville, TN (Micropolitan Statistical Area)",2002,      Military,282,286,288,275,272,280,291,303,303,302,308,302,299,297,293,289,282,274
42980,"Seymour, IN (Micropolitan Statistical Area)",,Employment by place of work,,,,,,,,,,,,,,,,,,
42980,"Seymour, IN (Micropolitan Statistical Area)",10,Total employment (number of jobs),25664,25413,25415,25833,25750,25684,25772,24756,23215,23463,23654,24011,24733,25201,25490,25699,26090,26569
42980,"Seymour, IN (Micropolitan Statistical Area)",2002,      Military,143,139,141,134,131,131,132,138,142,143,144,139,139,137,137,133,132,130
43020,"Shawano, WI (Micropolitan Statistical Area)",,Employment by place of work,,,,,,,,,,,,,,,,,,
43020,"Shawano, WI (Micropolitan Statistical Area)",10,Total employment (number of jobs),20944,21025,21161,21526,21788,21984,22230,22076,21396,21238,21543,21515,21885,22050,21947,22115,21955,22264
43020,"Shawano, WI (Micropolitan Statistical Area)",2002,      Military,159,156,153,148,138,141,134,136,133,130,130,129,126,124,122,119,117,116
43060,"Shawnee, OK (Micropolitan Statistical Area)",,Employment by place of work,,,,,,,,,,,,,,,,,,
43060,"Shawnee, OK (Micropolitan Statistical Area)",10,Total employment (number of jobs),29568,28937,29080,29468,30317,31068,32254,32401,31807,31985,31936,32944,33343,34023,34235,34263,34269,33812
43060,"Shawnee, OK (Micropolitan Statistical Area)",2002,      Military,321,317,316,302,280,280,285,300,294,288,284,272,264,261,258,261,259,254
43140,"Shelby, NC (Micropolitan Statistical Area)",,Employment by place of work,,,,,,,,,,,,,,,,,,
43140,"Shelby, NC (Micropolitan Statistical Area)",10,Total employment (number of jobs),45497,44552,44161,44549,45639,46111,47125,45833,42626,41809,44400,44407,44893,45105,45313,45635,46290,47003
43140,"Shelby, NC (Micropolitan Statistical Area)",2002,      Military,268,269,271,248,232,244,248,249,243,240,251,246,238,233,230,224,218,210
43180,"Shelbyville, TN (Micropolitan Statistical Area)",,Employment by place of work,,,,,,,,,,,,,,,,,,
43180,"Shelbyville, TN (Micropolitan Statistical Area)",10,Total employment (number of jobs),21949,21854,22372,23276,23936,24305,24947,24634,23536,23890,23775,23825,24779,24280,24291,24800,23836,23819
43180,"Shelbyville, TN (Micropolitan Statistical Area)",2002,      Military,147,148,149,141,139,142,147,152,152,151,153,148,146,145,144,142,140,137
43220,"Shelton, WA (Micropolitan Statistical Area)",,Employment by place of work,,,,,,,,,,,,,,,,,,
43220,"Shelton, WA (Micropolitan Statistical Area)",10,Total employment (number of jobs),17522,18056,18357,18967,19856,20750,21436,20969,20061,19512,19255,19190,19972,20079,20121,20308,20605,21133
43220,"Shelton, WA (Micropolitan Statistical Area)",2002,      Military,176,178,183,183,178,176,175,179,181,183,174,167,162,158,157,158,160,158
43260,"Sheridan, WY (Micropolitan Statistical Area)",,Employment by place of work,,,,,,,,,,,,,,,,,,
43260,"Sheridan, WY (Micropolitan Statistical Area)",10,Total employment (number of jobs),16867,17440,17437,17727,18022,18891,20039,20481,19795,19595,19550,19720,19978,20418,20679,20913,21239,21553
43260,"Sheridan, WY (Micropolitan Statistical Area)",2002,      Military,150,149,148,149,150,159,166,165,169,166,164,157,156,154,154,152,154,153
43320,"Show Low, AZ (Micropolitan Statistical Area)",,Employment by place of work,,,,,,,,,,,,,,,,,,
43320,"Show Low, AZ (Micropolitan Statistical Area)",10,Total employment (number of jobs),35603,35899,37614,38237,39493,40691,42857,41787,40015,39741,39758,40546,40610,40097,40113,41003,41072,41331
43320,"Show Low, AZ (Micropolitan Statistical Area)",2002,      Military,219,223,232,226,227,223,226,230,238,234,231,228,231,225,228,232,232,236
43380,"Sidney, OH (Micropolitan Statistical Area)",,Employment by place of work,,,,,,,,,,,,,,,,,,
43380,"Sidney, OH (Micropolitan Statistical Area)",10,Total employment (number of jobs),33897,34239,34462,35633,36338,37157,36995,35585,31471,30934,31419,31956,32609,32717,33634,33701,33764,34065
43380,"Sidney, OH (Micropolitan Statistical Area)",2002,      Military,129,133,134,131,123,124,121,126,128,126,127,126,126,123,123,122,122,121
43460,"Sikeston, MO (Micropolitan Statistical Area)",,Employment by place of work,,,,,,,,,,,,,,,,,,
43460,"Sikeston, MO (Micropolitan Statistical Area)",10,Total employment (number of jobs),19734,19973,20074,20280,20416,20648,20022,19699,19616,19346,20158,20738,20639,21171,21469,21169,21337,21618
43460,"Sikeston, MO (Micropolitan Statistical Area)",2002,      Military,162,158,159,161,146,149,162,161,163,140,136,136,136,133,130,130,128,126
43500,"Silver City, NM (Micropolitan Statistical Area)",,Employment by place of work,,,,,,,,,,,,,,,,,,
43500,"Silver City, NM (Micropolitan Statistical Area)",10,Total employment (number of jobs),14482,13619,12968,13283,13815,14355,14524,14446,12860,12728,13255,13584,13552,13344,13306,13031,12825,13082
43500,"Silver City, NM (Micropolitan Statistical Area)",2002,      Military,99,95,91,84,79,77,76,80,78,78,80,80,79,77,71,71,70,68
43660,"Snyder, TX (Micropolitan Statistical Area)",,Employment by place of work,,,,,,,,,,,,,,,,,,
43660,"Snyder, TX (Micropolitan Statistical Area)",10,Total employment (number of jobs),8780,8442,8532,8437,8571,8603,9029,9429,9388,9726,10161,11092,11823,11945,11474,10470,10137,10154
43660,"Snyder, TX (Micropolitan Statistical Area)",2002,      Military,36,37,36,36,33,33,34,35,36,35,34,34,33,32,32,31,30,30
43700,"Somerset, KY (Micropolitan Statistical Area)",,Employment by place of work,,,,,,,,,,,,,,,,,,
43700,"Somerset, KY (Micropolitan Statistical Area)",10,Total employment (number of jobs),33167,31783,31770,32270,32720,32945,33425,33281,32545,32757,34199,34105,34318,34538,34500,34461,34243,35061
43700,"Somerset, KY (Micropolitan Statistical Area)",2002,      Military,186,189,190,183,187,192,196,201,200,209,209,209,208,203,199,196,189,191
43740,"Somerset, PA (Micropolitan Statistical Area)",,Employment by place of work,,,,,,,,,,,,,,,,,,
43740,"Somerset, PA (Micropolitan Statistical Area)",10,Total employment (number of jobs),37608,36923,36847,36920,37171,36911,36924,36475,35752,35562,35714,35287,34828,34946,34480,34314,34080,34680
43740,"Somerset, PA (Micropolitan Statistical Area)",2002,      Military,257,253,253,237,224,226,213,205,199,198,191,195,192,188,186,182,180,176
43760,"Sonora, CA (Micropolitan Statistical Area)",,Employment by place of work,,,,,,,,,,,,,,,,,,
43760,"Sonora, CA (Micropolitan Statistical Area)",10,Total employment (number of jobs),24846,25514,26060,26371,26960,27121,27337,26710,25004,24395,24553,24255,24328,25080,25482,25952,25843,26276
43760,"Sonora, CA (Micropolitan Statistical Area)",2002,      Military,95,95,96,93,88,86,83,86,85,83,81,81,80,78,76,75,76,75
43940,"Spearfish, SD (Micropolitan Statistical Area)",,Employment by place of work,,,,,,,,,,,,,,,,,,
43940,"Spearfish, SD (Micropolitan Statistical Area)",10,Total employment (number of jobs),13732,14532,14597,14589,15310,15790,16263,16508,16689,16639,16349,16331,16665,16754,16928,17298,17461,17639
43940,"Spearfish, SD (Micropolitan Statistical Area)",2002,      Military,146,148,149,149,141,143,145,147,150,154,153,145,145,141,142,140,138,138
43980,"Spencer, IA (Micropolitan Statistical Area)",,Employment by place of work,,,,,,,,,,,,,,,,,,
43980,"Spencer, IA (Micropolitan Statistical Area)",10,Total employment (number of jobs),12383,11944,11982,11886,12002,12505,12762,12712,12128,12298,12339,12063,12097,12274,12173,12033,12005,12151
43980,"Spencer, IA (Micropolitan Statistical Area)",2002,      Military,82,81,82,81,77,74,71,72,71,71,70,69,67,66,63,60,59,57
44020,"Spirit Lake, IA (Micropolitan Statistical Area)",,Employment by place of work,,,,,,,,,,,,,,,,,,
44020,"Spirit Lake, IA (Micropolitan Statistical Area)",10,Total employment (number of jobs),12344,12382,12499,13021,13206,12987,12991,12966,12383,12357,12505,12473,12676,13018,13723,13858,13743,13546
44020,"Spirit Lake, IA (Micropolitan Statistical Area)",2002,      Military,77,77,78,78,75,73,70,71,71,71,71,71,69,68,65,63,63,61
44260,"Starkville, MS (Micropolitan Statistical Area)",,Employment by place of work,,,,,,,,,,,,,,,,,,
44260,"Starkville, MS (Micropolitan Statistical Area)",10,Total employment (number of jobs),28625,28072,27648,27907,28752,29721,30153,30784,30028,29265,30175,30852,31149,32255,32688,33056,33168,33714
44260,"Starkville, MS (Micropolitan Statistical Area)",2002,      Military,327,337,342,325,314,324,326,331,336,340,342,350,337,335,336,337,330,328
44340,"Statesboro, GA (Micropolitan Statistical Area)",,Employment by place of work,,,,,,,,,,,,,,,,,,
44340,"Statesboro, GA (Micropolitan Statistical Area)",10,Total employment (number of jobs),27426,27836,28744,28996,29869,31121,32071,32250,31522,30888,31121,31117,32547,33993,34891,35722,36256,37041
44340,"Statesboro, GA (Micropolitan Statistical Area)",2002,      Military,191,197,204,198,195,199,202,209,214,221,216,207,201,201,204,205,205,204
44460,"Steamboat Springs, CO (Micropolitan Statistical Area)",,Employment by place of work,,,,,,,,,,,,,,,,,,
44460,"Steamboat Springs, CO (Micropolitan Statistical Area)",10,Total employment (number of jobs),19493,19745,19642,20116,21021,21775,23223,23301,21828,20850,20965,21211,22028,22094,22314,22922,23559,24161
44460,"Steamboat Springs, CO (Micropolitan Statistical Area)",2002,      Military,56,58,59,57,51,53,56,59,61,64,63,61,62,61,62,63,64,62
44500,"Stephenville, TX (Micropolitan Statistical Area)",,Employment by place of work,,,,,,,,,,,,,,,,,,
44500,"Stephenville, TX (Micropolitan Statistical Area)",10,Total employment (number of jobs),20238,19904,19467,20009,20983,21692,22827,22931,22537,22453,22747,22798,22809,23282,24226,25020,25610,26108
44500,"Stephenville, TX (Micropolitan Statistical Area)",2002,      Military,80,81,81,81,76,78,79,84,86,83,83,85,83,82,84,83,83,82
44540,"Sterling, CO (Micropolitan Statistical Area)",,Employment by place of work,,,,,,,,,,,,,,,,,,
44540,"Sterling, CO (Micropolitan Statistical Area)",10,Total employment (number of jobs),12686,12599,12575,12176,12469,12537,12932,12919,12848,12397,12382,12441,12578,12772,12832,12744,12693,12678
44540,"Sterling, CO (Micropolitan Statistical Area)",2002,      Military,54,54,54,52,45,46,48,48,49,52,51,50,49,48,48,48,47,45
44580,"Sterling, IL (Micropolitan Statistical Area)",,Employment by place of work,,,,,,,,,,,,,,,,,,
44580,"Sterling, IL (Micropolitan Statistical Area)",10,Total employment (number of jobs),29686,28621,28243,28160,28176,28653,29047,28571,28164,27431,27818,28294,28579,29091,28376,27860,27599,28184
44580,"Sterling, IL (Micropolitan Statistical Area)",2002,      Military,132,133,128,121,113,117,118,119,119,119,117,115,114,112,112,112,112,109
44620,"Stevens Point, WI (Micropolitan Statistical Area)",,Employment by place of work,,,,,,,,,,,,,,,,,,
44620,"Stevens Point, WI (Micropolitan Statistical Area)",10,Total employment (number of jobs),41605,41803,42253,42508,42424,43566,44119,44210,43132,42714,43369,43355,44134,44921,45856,46273,46454,46706
44620,"Stevens Point, WI (Micropolitan Statistical Area)",2002,      Military,234,229,226,218,203,207,198,203,200,194,198,194,192,189,191,188,184,180
44660,"Stillwater, OK (Micropolitan Statistical Area)",,Employment by place of work,,,,,,,,,,,,,,,,,,
44660,"Stillwater, OK (Micropolitan Statistical Area)",10,Total employment (number of jobs),45063,44089,44966,45021,45284,45925,48198,47901,47214,46674,46426,47181,47853,49464,49123,49034,49535,49789
44660,"Stillwater, OK (Micropolitan Statistical Area)",2002,      Military,333,328,331,321,297,302,304,323,322,315,310,296,287,288,290,289,285,282
44740,"Storm Lake, IA (Micropolitan Statistical Area)",,Employment by place of work,,,,,,,,,,,,,,,,,,
44740,"Storm Lake, IA (Micropolitan Statistical Area)",10,Total employment (number of jobs),13299,13228,13228,13349,13224,13469,13527,13751,13690,13846,14026,14004,14178,14054,14176,14090,14051,14177
44740,"Storm Lake, IA (Micropolitan Statistical Area)",2002,      Military,89,90,91,90,85,83,79,81,82,84,83,83,81,80,76,73,72,70
44780,"Sturgis, MI (Micropolitan Statistical Area)",,Employment by place of work,,,,,,,,,,,,,,,,,,
44780,"Sturgis, MI (Micropolitan Statistical Area)",10,Total employment (number of jobs),31080,30316,29879,30258,29939,30104,30610,28918,26559,26829,27029,27397,28789,29162,29093,29061,28456,28248
44780,"Sturgis, MI (Micropolitan Statistical Area)",2002,      Military,124,125,123,121,114,114,115,115,114,115,114,110,104,103,100,96,95,95
44860,"Sulphur Springs, TX (Micropolitan Statistical Area)",,Employment by place of work,,,,,,,,,,,,,,,,,,
44860,"Sulphur Springs, TX (Micropolitan Statistical Area)",10,Total employment (number of jobs),16974,16737,16442,16852,17636,17847,18082,18617,18504,18193,18489,18991,19577,19997,19703,20024,20093,20321
44860,"Sulphur Springs, TX (Micropolitan Statistical Area)",2002,      Military,81,81,81,81,75,76,78,82,83,81,79,76,74,72,71,71,72,71
44900,"Summerville, GA (Micropolitan Statistical Area)",,Employment by place of work,,,,,,,,,,,,,,,,,,
44900,"Summerville, GA (Micropolitan Statistical Area)",10,Total employment (number of jobs),9953,9909,9777,9831,9668,9596,9533,8912,8353,8219,8304,8293,8659,9019,9172,8892,8913,8900
44900,"Summerville, GA (Micropolitan Statistical Area)",2002,      Military,82,84,86,80,77,78,78,79,78,78,73,70,68,67,66,65,64,63
44980,"Sunbury, PA (Micropolitan Statistical Area)",,Employment by place of work,,,,,,,,,,,,,,,,,,
44980,"Sunbury, PA (Micropolitan Statistical Area)",10,Total employment (number of jobs),40313,39727,38842,38890,39956,40235,40868,40017,38571,38373,38455,38188,37949,38188,37643,37820,37925,37890
44980,"Sunbury, PA (Micropolitan Statistical Area)",2002,      Military,306,302,302,284,270,273,259,252,248,246,240,247,244,238,236,231,228,222
45000,"Susanville, CA (Micropolitan Statistical Area)",,Employment by place of work,,,,,,,,,,,,,,,,,,
45000,"Susanville, CA (Micropolitan Statistical Area)",10,Total employment (number of jobs),12708,13303,13262,13137,13023,13046,13455,13756,13375,13221,13027,12929,12699,12770,12912,13012,12930,12711
45000,"Susanville, CA (Micropolitan Statistical Area)",2002,      Military,47,47,46,47,44,42,41,43,43,42,41,40,40,38,38,37,36,38
45020,"Sweetwater, TX (Micropolitan Statistical Area)",,Employment by place of work,,,,,,,,,,,,,,,,,,
45020,"Sweetwater, TX (Micropolitan Statistical Area)",10,Total employment (number of jobs),8262,8200,8262,8393,8523,8608,8842,9110,9007,8912,8827,8781,8692,8730,8719,8605,8484,8714
45020,"Sweetwater, TX (Micropolitan Statistical Area)",2002,      Military,38,37,37,36,33,33,33,35,35,34,33,32,31,30,29,29,29,28
45140,"Tahlequah, OK (Micropolitan Statistical Area)",,Employment by place of work,,,,,,,,,,,,,,,,,,
45140,"Tahlequah, OK (Micropolitan Statistical Area)",10,Total employment (number of jobs),17975,18103,17954,18840,19200,19700,20952,21049,21529,21557,21447,21570,21618,21610,21678,21889,21167,21219
45140,"Tahlequah, OK (Micropolitan Statistical Area)",2002,      Military,209,206,207,199,185,188,190,202,198,195,192,185,178,175,174,175,175,172
45180,"Talladega-Sylacauga, AL (Micropolitan Statistical Area)",,Employment by place of work,,,,,,,,,,,,,,,,,,
45180,"Talladega-Sylacauga, AL (Micropolitan Statistical Area)",10,Total employment (number of jobs),32884,34256,34904,36386,38341,38284,37749,36567,33868,33222,34499,35086,36388,36651,37434,37287,37351,38168
45180,"Talladega-Sylacauga, AL (Micropolitan Statistical Area)",2002,      Military,457,449,441,501,466,467,452,380,390,384,389,370,364,358,351,341,333,322
45340,"Taos, NM (Micropolitan Statistical Area)",,Employment by place of work,,,,,,,,,,,,,,,,,,
45340,"Taos, NM (Micropolitan Statistical Area)",10,Total employment (number of jobs),16396,17127,17216,17345,17751,18016,18461,18204,17788,17220,17107,17117,17380,17616,17630,17682,17749,17961
45340,"Taos, NM (Micropolitan Statistical Area)",2002,      Military,99,98,97,93,86,84,84,87,86,88,91,90,89,88,83,84,84,82
45380,"Taylorville, IL (Micropolitan Statistical Area)",,Employment by place of work,,,,,,,,,,,,,,,,,,
45380,"Taylorville, IL (Micropolitan Statistical Area)",10,Total employment (number of jobs),16445,15938,15542,15408,15695,15739,15779,15712,15572,15654,15559,15477,15292,15212,14946,14676,14142,14198
45380,"Taylorville, IL (Micropolitan Statistical Area)",2002,      Military,74,75,74,70,65,67,68,69,68,69,68,67,66,64,64,71,70,62
45520,"The Dalles, OR (Micropolitan Statistical Area)",,Employment by place of work,,,,,,,,,,,,,,,,,,
45520,"The Dalles, OR (Micropolitan Statistical Area)",10,Total employment (number of jobs),12183,12113,12211,12334,12754,13096,13681,13648,13618,13585,13842,13816,14047,14261,14214,14534,14801,14848
45520,"The Dalles, OR (Micropolitan Statistical Area)",2002,      Military,77,78,77,76,73,72,70,68,71,70,70,70,68,67,65,63,63,61
45580,"Thomaston, GA (Micropolitan Statistical Area)",,Employment by place of work,,,,,,,,,,,,,,,,,,
45580,"Thomaston, GA (Micropolitan Statistical Area)",10,Total employment (number of jobs),11028,10444,10417,10340,10712,10633,10775,10560,10165,9693,9864,9804,9800,9477,9671,9612,9697,9891
45580,"Thomaston, GA (Micropolitan Statistical Area)",2002,      Military,94,95,96,89,86,86,85,87,87,86,82,77,76,73,73,71,70,69
45620,"Thomasville, GA (Micropolitan Statistical Area)",,Employment by place of work,,,,,,,,,,,,,,,,,,
45620,"Thomasville, GA (Micropolitan Statistical Area)",10,Total employment (number of jobs),26219,26209,26760,27412,28920,29439,29571,28062,26569,26893,27892,27999,27812,27740,27828,27654,27588,27386
45620,"Thomasville, GA (Micropolitan Statistical Area)",2002,      Military,143,146,148,138,136,139,138,142,142,143,137,130,129,127,124,122,120,119
45660,"Tiffin, OH (Micropolitan Statistical Area)",,Employment by place of work,,,,,,,,,,,,,,,,,,
45660,"Tiffin, OH (Micropolitan Statistical Area)",10,Total employment (number of jobs),29980,29286,28940,29409,29624,29403,29034,28462,27067,26146,26507,26249,26002,26300,26957,26739,26847,27142
45660,"Tiffin, OH (Micropolitan Statistical Area)",2002,      Military,155,159,158,154,143,143,138,143,144,141,141,139,138,135,135,135,133,132
45700,"Tifton, GA (Micropolitan Statistical Area)",,Employment by place of work,,,,,,,,,,,,,,,,,,
45700,"Tifton, GA (Micropolitan Statistical Area)",10,Total employment (number of jobs),25298,25459,25370,25809,26896,26765,26102,25576,24814,24505,24373,24773,25117,25342,25846,25547,25940,26614
45700,"Tifton, GA (Micropolitan Statistical Area)",2002,      Military,127,130,131,123,120,123,122,123,123,126,124,118,114,111,110,108,106,105
45740,"Toccoa, GA (Micropolitan Statistical Area)",,Employment by place of work,,,,,,,,,,,,,,,,,,
45740,"Toccoa, GA (Micropolitan Statistical Area)",10,Total employment (number of jobs),13799,13698,12833,12657,12924,13140,13361,13433,13006,12530,12583,12687,12476,12522,12506,12350,12238,12255
45740,"Toccoa, GA (Micropolitan Statistical Area)",2002,      Military,85,87,87,81,79,80,79,82,82,83,78,74,73,71,70,69,68,68
45860,"Torrington, CT (Micropolitan Statistical Area)",,Employment by place of work,,,,,,,,,,,,,,,,,,
45860,"Torrington, CT (Micropolitan Statistical Area)",10,Total employment (number of jobs),94593,93595,93986,95268,95576,97010,98836,99780,95752,94458,95598,96199,96501,97169,97576,96580,95904,97608
45860,"Torrington, CT (Micropolitan Statistical Area)",2002,      Military,434,438,427,393,344,358,349,348,360,369,373,369,375,368,365,363,366,358
45900,"Traverse City, MI (Micropolitan Statistical Area)",,Employment by place of work,,,,,,,,,,,,,,,,,,
45900,"Traverse City, MI (Micropolitan Statistical Area)",10,Total employment (number of jobs),84651,85822,87595,88747,89651,90825,91929,90743,87174,86834,87701,88824,90923,93308,95142,97040,97995,98692
45900,"Traverse City, MI (Micropolitan Statistical Area)",2002,      Military,400,415,420,422,402,417,410,408,406,416,413,413,390,376,375,365,374,359
45980,"Troy, AL (Micropolitan Statistical Area)",,Employment by place of work,,,,,,,,,,,,,,,,,,
45980,"Troy, AL (Micropolitan Statistical Area)",10,Total employment (number of jobs),15534,15880,16698,17724,17950,18175,19039,19304,18792,18776,18571,18523,18567,18747,18978,19085,19604,19590
45980,"Troy, AL (Micropolitan Statistical Area)",2002,      Military,174,173,170,193,180,182,176,150,155,155,157,150,148,146,144,140,137,134
46020,"Truckee-Grass Valley, CA (Micropolitan Statistical Area)",,Employment by place of work,,,,,,,,,,,,,,,,,,
46020,"Truckee-Grass Valley, CA (Micropolitan Statistical Area)",10,Total employment (number of jobs),47438,48763,49292,50231,51142,52020,53258,52482,50145,49448,50003,49934,51438,52397,52952,54479,54854,56185
46020,"Truckee-Grass Valley, CA (Micropolitan Statistical Area)",2002,      Military,175,175,175,172,163,160,156,161,162,160,157,157,155,152,148,146,147,144
46100,"Tullahoma-Manchester, TN (Micropolitan Statistical Area)",,Employment by place of work,,,,,,,,,,,,,,,,,,
46100,"Tullahoma-Manchester, TN (Micropolitan Statistical Area)",10,Total employment (number of jobs),50425,50359,51191,51645,51525,51228,51496,51320,48837,48680,49339,50167,50753,53256,53751,54466,55487,56486
46100,"Tullahoma-Manchester, TN (Micropolitan Statistical Area)",2002,      Military,459,462,460,431,415,407,406,404,396,392,392,377,373,368,358,349,339,334
46180,"Tupelo, MS (Micropolitan Statistical Area)",,Employment by place of work,,,,,,,,,,,,,,,,,,
46180,"Tupelo, MS (Micropolitan Statistical Area)",10,Total employment (number of jobs),95176,95085,93752,94398,95435,96509,96173,96263,91625,92424,95040,98424,98401,99371,101793,104588,104762,104972
46180,"Tupelo, MS (Micropolitan Statistical Area)",2002,      Military,1011,1036,1056,991,955,979,972,979,986,990,1002,1037,1004,992,986,994,970,971
46380,"Ukiah, CA (Micropolitan Statistical Area)",,Employment by place of work,,,,,,,,,,,,,,,,,,
46380,"Ukiah, CA (Micropolitan Statistical Area)",10,Total employment (number of jobs),49263,50001,49050,48459,48478,48382,49191,47931,46083,45293,44771,45159,47683,48557,48843,49015,49132,50181
46380,"Ukiah, CA (Micropolitan Statistical Area)",2002,      Military,187,188,194,185,174,172,168,174,175,173,168,169,164,160,159,159,160,159
46420,"Union, SC (Micropolitan Statistical Area)",,Employment by place of work,,,,,,,,,,,,,,,,,,
46420,"Union, SC (Micropolitan Statistical Area)",10,Total employment (number of jobs),12184,11462,11026,10595,10776,10359,10138,9857,9158,8840,9131,9045,9302,9564,9792,10214,10270,10513
46420,"Union, SC (Micropolitan Statistical Area)",2002,      Military,146,145,140,132,128,123,122,127,127,126,123,118,115,112,109,106,104,100
46460,"Union City, TN (Micropolitan Statistical Area)",,Employment by place of work,,,,,,,,,,,,,,,,,,
46460,"Union City, TN (Micropolitan Statistical Area)",10,Total employment (number of jobs),19154,18771,17950,17918,18252,17775,17819,17559,16340,16078,15409,14389,14326,15291,15252,15293,15107,15333
46460,"Union City, TN (Micropolitan Statistical Area)",2002,      Military,124,123,122,113,108,107,108,111,108,106,107,102,99,96,94,91,88,84
46500,"Urbana, OH (Micropolitan Statistical Area)",,Employment by place of work,,,,,,,,,,,,,,,,,,
46500,"Urbana, OH (Micropolitan Statistical Area)",10,Total employment (number of jobs),15813,15279,15194,15461,15420,15856,15647,15039,14042,13790,13992,14328,15012,15079,15440,15553,15604,15800
46500,"Urbana, OH (Micropolitan Statistical Area)",2002,      Military,104,108,108,106,99,100,98,102,104,102,102,101,100,97,97,97,96,96
46620,"Uvalde, TX (Micropolitan Statistical Area)",,Employment by place of work,,,,,,,,,,,,,,,,,,
46620,"Uvalde, TX (Micropolitan Statistical Area)",10,Total employment (number of jobs),12952,13156,13106,13307,13032,13172,13456,13477,13364,13339,13972,13970,14176,14322,14446,14846,14982,14937
46620,"Uvalde, TX (Micropolitan Statistical Area)",2002,      Military,64,65,65,63,59,59,59,61,61,60,59,57,56,54,53,53,53,51
46780,"Van Wert, OH (Micropolitan Statistical Area)",,Employment by place of work,,,,,,,,,,,,,,,,,,
46780,"Van Wert, OH (Micropolitan Statistical Area)",10,Total employment (number of jobs),15456,14891,14326,14847,14815,15297,15022,14392,13277,13034,13488,13624,13789,14266,14433,14809,14983,15161
46780,"Van Wert, OH (Micropolitan Statistical Area)",2002,      Military,79,81,80,79,74,74,72,74,75,73,74,74,72,71,71,71,70,70
46820,"Vermillion, SD (Micropolitan Statistical Area)",,Employment by place of work,,,,,,,,,,,,,,,,,,
46820,"Vermillion, SD (Micropolitan Statistical Area)",10,Total employment (number of jobs),8135,7733,7839,8071,8250,8713,8684,8788,9000,8955,9228,9152,8877,8886,8804,8803,9110,9335
46820,"Vermillion, SD (Micropolitan Statistical Area)",2002,      Military,85,84,83,82,76,77,78,79,80,81,82,76,73,71,72,72,69,69
46860,"Vernal, UT (Micropolitan Statistical Area)",,Employment by place of work,,,,,,,,,,,,,,,,,,
46860,"Vernal, UT (Micropolitan Statistical Area)",10,Total employment (number of jobs),14035,13868,14138,14756,15845,17475,18972,20033,18149,18017,18921,20039,19720,20249,19288,17415,17822,18235
46860,"Vernal, UT (Micropolitan Statistical Area)",2002,      Military,134,136,139,134,139,140,136,139,150,144,152,154,155,156,158,148,139,137
46900,"Vernon, TX (Micropolitan Statistical Area)",,Employment by place of work,,,,,,,,,,,,,,,,,,
46900,"Vernon, TX (Micropolitan Statistical Area)",10,Total employment (number of jobs),8758,8668,8773,8495,8529,8569,8622,8502,8551,8541,8434,8524,8384,8196,8114,8098,7873,8003
46900,"Vernon, TX (Micropolitan Statistical Area)",2002,      Military,34,34,33,33,30,30,30,31,31,30,29,28,27,25,25,24,24,24
46980,"Vicksburg, MS (Micropolitan Statistical Area)",,Employment by place of work,,,,,,,,,,,,,,,,,,
46980,"Vicksburg, MS (Micropolitan Statistical Area)",10,Total employment (number of jobs),30158,29974,29756,29613,29702,30185,30034,30558,28701,28067,27492,26789,27081,26910,26835,26526,26344,26217
46980,"Vicksburg, MS (Micropolitan Statistical Area)",2002,      Military,350,355,358,334,317,327,324,331,339,347,341,347,337,326,324,322,313,311
47080,"Vidalia, GA (Micropolitan Statistical Area)",,Employment by place of work,,,,,,,,,,,,,,,,,,
47080,"Vidalia, GA (Micropolitan Statistical Area)",10,Total employment (number of jobs),16652,16205,16593,17253,17675,18166,18777,18422,17937,17507,17695,18029,18851,18637,18926,18355,18319,18628
47080,"Vidalia, GA (Micropolitan Statistical Area)",2002,      Military,114,117,118,111,109,112,112,114,113,114,109,103,102,100,98,97,95,93
47180,"Vincennes, IN (Micropolitan Statistical Area)",,Employment by place of work,,,,,,,,,,,,,,,,,,
47180,"Vincennes, IN (Micropolitan Statistical Area)",10,Total employment (number of jobs),22161,21974,21900,21632,21432,21987,22288,22458,21678,21704,21678,22299,22486,22810,22847,22703,22405,22733
47180,"Vincennes, IN (Micropolitan Statistical Area)",2002,      Military,128,124,126,120,115,115,116,122,123,121,122,116,115,112,112,107,106,104
47240,"Vineyard Haven, MA (Micropolitan Statistical Area)",,Employment by place of work,,,,,,,,,,,,,,,,,,
47240,"Vineyard Haven, MA (Micropolitan Statistical Area)",10,Total employment (number of jobs),12695,12867,13155,13761,13978,14099,14457,14463,14329,14369,14697,14909,15512,16239,17089,17581,17501,17814
47240,"Vineyard Haven, MA (Micropolitan Statistical Area)",2002,      Military,45,46,44,41,39,41,41,41,42,44,44,44,44,66,66,65,65,66
47340,"Wabash, IN (Micropolitan Statistical Area)",,Employment by place of work,,,,,,,,,,,,,,,,,,
47340,"Wabash, IN (Micropolitan Statistical Area)",10,Total employment (number of jobs),19212,18681,18592,18353,17982,18133,18005,16944,15978,16001,16071,16458,16510,16700,16462,16463,16315,16308
47340,"Wabash, IN (Micropolitan Statistical Area)",2002,      Military,115,111,112,106,102,101,101,106,107,105,105,100,98,96,95,91,90,88
47420,"Wahpeton, ND-MN (Micropolitan Statistical Area)",,Employment by place of work,,,,,,,,,,,,,,,,,,
47420,"Wahpeton, ND-MN (Micropolitan Statistical Area)",10,Total employment (number of jobs),14472,14584,14456,14308,14238,14177,14448,14333,14048,14214,14189,14380,14553,14460,14295,14349,14120,14346
47420,"Wahpeton, ND-MN (Micropolitan Statistical Area)",2002,      Military,163,159,158,151,149,153,156,149,145,145,148,141,134,130,125,123,123,119
47540,"Wapakoneta, OH (Micropolitan Statistical Area)",,Employment by place of work,,,,,,,,,,,,,,,,,,
47540,"Wapakoneta, OH (Micropolitan Statistical Area)",10,Total employment (number of jobs),24352,23748,24449,24941,25606,26324,26444,26109,24570,24296,25035,25732,26144,27043,27754,27735,27825,28272
47540,"Wapakoneta, OH (Micropolitan Statistical Area)",2002,      Military,123,126,126,124,116,116,113,118,119,118,118,118,117,115,115,115,114,114
47620,"Warren, PA (Micropolitan Statistical Area)",,Employment by place of work,,,,,,,,,,,,,,,,,,
47620,"Warren, PA (Micropolitan Statistical Area)",10,Total employment (number of jobs),21704,20736,20409,20268,20189,20429,20906,20919,20678,20586,20327,20789,20919,20751,20833,20873,20466,20614
47620,"Warren, PA (Micropolitan Statistical Area)",2002,      Military,143,141,141,131,125,126,119,115,112,112,108,110,107,105,105,103,101,99
47660,"Warrensburg, MO (Micropolitan Statistical Area)",,Employment by place of work,,,,,,,,,,,,,,,,,,
47660,"Warrensburg, MO (Micropolitan Statistical Area)",10,Total employment (number of jobs),25337,25795,26204,26593,27241,28073,27634,26922,26292,25933,26202,26091,26703,26427,26747,27134,27363,27036
47660,"Warrensburg, MO (Micropolitan Statistical Area)",2002,      Military,3524,3736,3810,3849,3538,3456,3355,3328,3363,3437,3658,3841,3974,3854,3836,3783,3820,3893
47700,"Warsaw, IN (Micropolitan Statistical Area)",,Employment by place of work,,,,,,,,,,,,,,,,,,
47700,"Warsaw, IN (Micropolitan Statistical Area)",10,Total employment (number of jobs),43180,43110,43387,44107,45842,45933,45939,46242,44003,44469,45151,45759,46951,47715,48020,48789,49457,50814
47700,"Warsaw, IN (Micropolitan Statistical Area)",2002,      Military,258,251,256,244,238,239,242,255,260,257,258,249,247,244,244,236,235,232
47780,"Washington, IN (Micropolitan Statistical Area)",,Employment by place of work,,,,,,,,,,,,,,,,,,
47780,"Washington, IN (Micropolitan Statistical Area)",10,Total employment (number of jobs),14917,14822,14954,15412,15866,16173,16491,16062,15886,16004,16254,16677,16930,17135,17518,17716,17686,18267
47780,"Washington, IN (Micropolitan Statistical Area)",2002,      Military,102,100,102,98,95,95,97,102,106,106,107,103,103,102,102,99,99,97
47820,"Washington, NC (Micropolitan Statistical Area)",,Employment by place of work,,,,,,,,,,,,,,,,,,
47820,"Washington, NC (Micropolitan Statistical Area)",10,Total employment (number of jobs),22763,22596,22420,22937,23542,24082,24568,23891,22887,22659,23172,22609,22283,22265,22353,22726,22198,22068
47820,"Washington, NC (Micropolitan Statistical Area)",2002,      Military,126,127,128,118,111,118,120,121,119,118,124,121,118,115,114,111,106,102
47920,"Washington Court House, OH (Micropolitan Statistical Area)",,Employment by place of work,,,,,,,,,,,,,,,,,,
47920,"Washington Court House, OH (Micropolitan Statistical Area)",10,Total employment (number of jobs),13815,13769,13591,14310,14223,14274,14700,14848,14212,13907,13952,14198,14589,14408,14560,15375,15167,15118
47920,"Washington Court House, OH (Micropolitan Statistical Area)",2002,      Military,75,77,78,76,72,72,70,73,74,74,74,73,73,71,71,71,71,71
47980,"Watertown, SD (Micropolitan Statistical Area)",,Employment by place of work,,,,,,,,,,,,,,,,,,
47980,"Watertown, SD (Micropolitan Statistical Area)",10,Total employment (number of jobs),22036,21704,21640,22053,22397,22963,23809,23779,23070,23018,23684,24186,24439,24407,24416,24339,24364,24832
47980,"Watertown, SD (Micropolitan Statistical Area)",2002,      Military,219,221,220,217,204,206,208,210,213,217,216,206,201,198,198,193,189,188
48020,"Watertown-Fort Atkinson, WI (Micropolitan Statistical Area)",,Employment by place of work,,,,,,,,,,,,,,,,,,
48020,"Watertown-Fort Atkinson, WI (Micropolitan Statistical Area)",10,Total employment (number of jobs),45136,44075,44537,45300,46430,46355,46410,46118,44373,43565,43761,44016,43964,44288,43957,44026,44580,45560
48020,"Watertown-Fort Atkinson, WI (Micropolitan Statistical Area)",2002,      Military,261,258,256,250,236,243,232,238,235,229,230,231,227,223,222,216,214,213
48100,"Wauchula, FL (Micropolitan Statistical Area)",,Employment by place of work,,,,,,,,,,,,,,,,,,
48100,"Wauchula, FL (Micropolitan Statistical Area)",10,Total employment (number of jobs),10792,10362,10342,10385,10570,10959,11223,11218,10733,10899,10912,11038,10800,10734,10836,10671,10898,10947
48100,"Wauchula, FL (Micropolitan Statistical Area)",2002,      Military,53,54,53,47,47,49,50,50,51,52,51,49,49,47,46,45,46,45
48180,"Waycross, GA (Micropolitan Statistical Area)",,Employment by place of work,,,,,,,,,,,,,,,,,,
48180,"Waycross, GA (Micropolitan Statistical Area)",10,Total employment (number of jobs),25601,25315,25524,25539,26017,26489,26761,26414,25273,25615,25316,25197,25185,25241,26127,26698,27016,27019
48180,"Waycross, GA (Micropolitan Statistical Area)",2002,      Military,168,173,175,164,160,164,164,168,169,171,162,155,153,150,147,145,143,142
48220,"Weatherford, OK (Micropolitan Statistical Area)",,Employment by place of work,,,,,,,,,,,,,,,,,,
48220,"Weatherford, OK (Micropolitan Statistical Area)",10,Total employment (number of jobs),15206,14938,14921,15370,15615,15849,16256,16729,16831,16742,17716,18432,19223,19329,18726,18348,18480,18839
48220,"Weatherford, OK (Micropolitan Statistical Area)",2002,      Military,124,120,120,115,107,108,110,117,114,112,110,108,107,106,105,104,102,100
48460,"West Plains, MO (Micropolitan Statistical Area)",,Employment by place of work,,,,,,,,,,,,,,,,,,
48460,"West Plains, MO (Micropolitan Statistical Area)",10,Total employment (number of jobs),22278,22087,22012,22461,22905,22921,22827,22348,21268,21301,21338,21422,21569,21617,21720,21517,21485,22170
48460,"West Plains, MO (Micropolitan Statistical Area)",2002,      Military,151,147,151,154,143,148,162,164,167,144,143,142,141,137,133,135,134,133
48500,"West Point, MS (Micropolitan Statistical Area)",,Employment by place of work,,,,,,,,,,,,,,,,,,
48500,"West Point, MS (Micropolitan Statistical Area)",10,Total employment (number of jobs),11022,10856,10171,10140,9829,9672,8964,8494,8065,8076,8119,8373,8374,8452,8499,8537,8441,8570
48500,"West Point, MS (Micropolitan Statistical Area)",2002,      Military,140,144,143,134,127,129,128,128,128,126,126,126,121,118,117,117,112,110
48580,"Whitewater, WI (Micropolitan Statistical Area)",,Employment by place of work,,,,,,,,,,,,,,,,,,
48580,"Whitewater, WI (Micropolitan Statistical Area)",10,Total employment (number of jobs),51308,51664,52667,54034,54844,55354,55611,55742,52915,52670,53500,53929,55361,56526,56815,57746,58323,59691
48580,"Whitewater, WI (Micropolitan Statistical Area)",2002,      Military,323,322,323,315,298,307,292,298,293,285,286,285,280,276,273,266,263,261
48780,"Williston, ND (Micropolitan Statistical Area)",,Employment by place of work,,,,,,,,,,,,,,,,,,
48780,"Williston, ND (Micropolitan Statistical Area)",10,Total employment (number of jobs),13000,12929,12928,13148,13881,14752,15323,17290,17427,20876,29106,40446,44200,48892,43145,33100,33603,35596
48780,"Williston, ND (Micropolitan Statistical Area)",2002,      Military,158,156,155,147,142,148,150,153,159,165,180,188,200,210,225,210,208,213
48820,"Willmar, MN (Micropolitan Statistical Area)",,Employment by place of work,,,,,,,,,,,,,,,,,,
48820,"Willmar, MN (Micropolitan Statistical Area)",10,Total employment (number of jobs),28381,28326,28823,28905,29454,29477,30076,30278,29831,29450,29682,29809,29977,30430,30654,31057,31918,32077
48820,"Willmar, MN (Micropolitan Statistical Area)",2002,      Military,161,161,162,167,185,180,188,163,158,160,158,157,153,150,150,148,148,145
48940,"Wilmington, OH (Micropolitan Statistical Area)",,Employment by place of work,,,,,,,,,,,,,,,,,,
48940,"Wilmington, OH (Micropolitan Statistical Area)",10,Total employment (number of jobs),30506,29535,29465,29925,30653,32860,33119,31602,25269,22619,22158,21760,21922,22224,22528,23081,23476,24029
48940,"Wilmington, OH (Micropolitan Statistical Area)",2002,      Military,108,112,112,111,104,106,103,107,108,105,106,106,105,104,104,104,103,103
48980,"Wilson, NC (Micropolitan Statistical Area)",,Employment by place of work,,,,,,,,,,,,,,,,,,
48980,"Wilson, NC (Micropolitan Statistical Area)",10,Total employment (number of jobs),45894,45560,45478,46142,46992,47615,48857,49065,46986,46632,47635,47311,47385,48249,48373,48648,48305,48154
48980,"Wilson, NC (Micropolitan Statistical Area)",2002,      Military,205,208,211,194,184,194,199,203,200,199,210,206,200,195,194,188,183,176
49060,"Winfield, KS (Micropolitan Statistical Area)",,Employment by place of work,,,,,,,,,,,,,,,,,,
49060,"Winfield, KS (Micropolitan Statistical Area)",10,Total employment (number of jobs),21139,20944,20405,20220,19676,20237,20911,20313,19480,19240,19396,19863,19977,20325,20124,20118,19826,19926
49060,"Winfield, KS (Micropolitan Statistical Area)",2002,      Military,164,167,165,159,161,167,161,149,146,148,150,147,145,141,138,134,130,123
49080,"Winnemucca, NV (Micropolitan Statistical Area)",,Employment by place of work,,,,,,,,,,,,,,,,,,
49080,"Winnemucca, NV (Micropolitan Statistical Area)",10,Total employment (number of jobs),8397,8061,8286,8620,9077,9487,9743,9871,9737,10161,10385,10937,10954,10389,10179,9715,9826,9830
49080,"Winnemucca, NV (Micropolitan Statistical Area)",2002,      Military,30,29,29,29,30,31,33,36,38,41,44,47,48,46,46,45,45,44
49100,"Winona, MN (Micropolitan Statistical Area)",,Employment by place of work,,,,,,,,,,,,,,,,,,
49100,"Winona, MN (Micropolitan Statistical Area)",10,Total employment (number of jobs),31825,31532,30878,31251,32096,32594,32791,32998,31565,31116,32031,32936,32649,32708,32859,32775,32458,32538
49100,"Winona, MN (Micropolitan Statistical Area)",2002,      Military,183,184,184,188,211,206,215,186,180,182,180,177,173,169,167,165,165,162
49220,"Wisconsin Rapids-Marshfield, WI (Micropolitan Statistical Area)",,Employment by place of work,,,,,,,,,,,,,,,,,,
49220,"Wisconsin Rapids-Marshfield, WI (Micropolitan Statistical Area)",10,Total employment (number of jobs),51266,50953,51274,50753,50807,50960,51599,51033,48564,48025,48544,48302,48417,48634,48573,48357,48311,49056
49220,"Wisconsin Rapids-Marshfield, WI (Micropolitan Statistical Area)",2002,      Military,266,259,255,245,227,230,217,221,217,211,212,211,206,201,198,192,190,188
49260,"Woodward, OK (Micropolitan Statistical Area)",,Employment by place of work,,,,,,,,,,,,,,,,,,
49260,"Woodward, OK (Micropolitan Statistical Area)",10,Total employment (number of jobs),14221,13881,13923,14516,15151,15793,16659,17384,15794,16024,16872,18314,18802,18572,17580,16583,16562,16603
49260,"Woodward, OK (Micropolitan Statistical Area)",2002,      Military,109,108,106,103,95,96,98,104,103,99,96,94,93,92,92,89,86,83
49300,"Wooster, OH (Micropolitan Statistical Area)",,Employment by place of work,,,,,,,,,,,,,,,,,,
49300,"Wooster, OH (Micropolitan Statistical Area)",10,Total employment (number of jobs),64964,64623,64723,65013,65721,64993,64608,64314,61423,61536,62413,64285,65260,66158,68289,69069,69541,70323
49300,"Wooster, OH (Micropolitan Statistical Area)",2002,      Military,296,307,307,302,283,285,277,288,293,289,290,290,290,287,287,287,285,283
49380,"Worthington, MN (Micropolitan Statistical Area)",,Employment by place of work,,,,,,,,,,,,,,,,,,
49380,"Worthington, MN (Micropolitan Statistical Area)",10,Total employment (number of jobs),14045,13861,13896,13968,14194,14428,14488,14384,14496,14211,14075,14068,14069,14062,14027,13939,13831,13939
49380,"Worthington, MN (Micropolitan Statistical Area)",2002,      Military,81,81,81,83,92,89,93,82,80,81,81,81,79,77,77,77,76,75
49460,"Yankton, SD (Micropolitan Statistical Area)",,Employment by place of work,,,,,,,,,,,,,,,,,,
49460,"Yankton, SD (Micropolitan Statistical Area)",10,Total employment (number of jobs),15641,15410,15311,15537,15928,16077,16333,16324,15813,15730,16053,16485,16395,16259,16652,16751,16756,17158
49460,"Yankton, SD (Micropolitan Statistical Area)",2002,      Military,140,141,139,137,128,128,129,130,132,134,133,127,124,121,122,118,115,115
49780,"Zanesville, OH (Micropolitan Statistical Area)",,Employment by place of work,,,,,,,,,,,,,,,,,,
49780,"Zanesville, OH (Micropolitan Statistical Area)",10,Total employment (number of jobs),51260,50309,50093,49524,48551,47921,47251,46427,44798,44088,44919,45270,45399,45396,45265,46126,45747,45927
49780,"Zanesville, OH (Micropolitan Statistical Area)",2002,      Military,224,232,233,229,215,215,210,218,221,219,219,218,217,214,215,214,213,213
49820,"Zapata, TX (Micropolitan Statistical Area)",,Employment by place of work,,,,,,,,,,,,,,,,,,
49820,"Zapata, TX (Micropolitan Statistical Area)",10,Total employment (number of jobs),4246,4339,4608,4838,4961,5076,5276,5683,5790,5825,6664,7230,7352,7365,6428,5466,5581,5724
49820,"Zapata, TX (Micropolitan Statistical Area)",2002,      Military,31,32,32,31,30,30,31,33,33,33,32,31,30,29,29,29,28,28
Legend / Footnotes:,,,,,,,,,,,,,,,,,,,,,
1/ The estimates of employment for 2001-2006 are based on the 2002 North American Industry Classification System (NAICS). The estimates for 2007-2010 are based on the 2007 NAICS. The estimates for 2011-2016 are based on the 2012 NAICS. The estimates for 2017 forward are based on the 2017 NAICS.,,,,,,,,,,,,,,,,,,,,,
"* Estimates from 2008 forward separate Skagway-Hoonah-Angoon Census Area into Skagway Municipality and Hoonah-Angoon Census Area. Estimates from 2009 forward separate Wrangell-Petersburg Census Area into Petersburg Census Area and Wrangell City and Borough. In addition, a part of the Prince of Wales-Outer Ketchikan Census Area was annexed by Ketchikan Gateway Borough and part (Meyers Chuck Area) was included in the new Wrangell City and Borough. The remainder of the Prince of Wales-Outer Ketchikan Census Area was renamed Prince of Wales-Hyder Census Area. Petersburg Borough was created from part of former Petersburg Census Area and part of Hoonah-Angoon Census Area for 2013 forward. Prince of Wales-Hyder Census Area added part of the former Petersburg Census Area beginning in 2013. For years 2009-2012, Petersburg Borough reflects the geographic boundaries of the former Petersburg Census Area. Wade Hampton Census Area was renamed Kusilvak Census Area on July 1, 2015.",,,,,,,,,,,,,,,,,,,,,
"* Virginia combination areas consist of one or two independent cities with 1980 populations of less than 100,000 combined with an adjacent county. The county name appears first, followed by the city name(s). Separate estimates for the jurisdictions making up the combination area are not available. Bedford County, VA includes the independent city of Bedford for all years.",,,,,,,,,,,,,,,,,,,,,
"Metropolitan Areas are defined (geographically delineated) by the Office of Management and Budget bulletin no. 18-04 issued September 14, 2018.",,,,,,,,,,,,,,,,,,,,,
"Last updated: November 14, 2019-- new statistics for 2018; revised statistics for 2001-2017.",,,,,,,,,,,,,,,,,,,,,
