CAEMP25N Total Full-Time and Part-Time Employment by NAICS Industry 1/,,,,,,,,,,,,,,,,,,,,,
(Number of jobs) ,,,,,,,,,,,,,,,,,,,,,
Bureau of Economic Analysis ,,,,,,,,,,,,,,,,,,,,,
Metropolitan Statistical Area,,,,,,,,,,,,,,,,,,,,,
GeoFips,GeoName,LineCode,Description,2001,2002,2003,2004,2005,2006,2007,2008,2009,2010,2011,2012,2013,2014,2015,2016,2017,2018
998,United States (Metropolitan Portion),,Employment by place of work,,,,,,,,,,,,,,,,,,
998,United States (Metropolitan Portion),10,Total employment (number of jobs),142876022,142590402,143452007,146128722,149308196,152553091,155904064,155704073,150901632,150313128,153263708,155994342,159160265,162856897,166854897,169926034,173308042,176955385
998,United States (Metropolitan Portion),2002,      Military,1834128,1859174,1871970,1847890,1800860,1814096,1817187,1853101,1866942,1874124,1856101,1835035,1813073,1763026,1747205,1721040,1722942,1718101
10180,"Abilene, TX (Metropolitan Statistical Area)",,Employment by place of work,,,,,,,,,,,,,,,,,,
10180,"Abilene, TX (Metropolitan Statistical Area)",10,Total employment (number of jobs),89511,90338,91132,91998,92937,94097,96484,99264,97269,96809,98193,99843,101199,102318,102565,102543,102840,105026
10180,"Abilene, TX (Metropolitan Statistical Area)",2002,      Military,5125,5466,5584,5793,5433,5285,5221,5170,5138,5128,4996,4854,4703,4573,4357,4409,4620,4666
10420,"Akron, OH (Metropolitan Statistical Area)",,Employment by place of work,,,,,,,,,,,,,,,,,,
10420,"Akron, OH (Metropolitan Statistical Area)",10,Total employment (number of jobs),396954,396663,396391,404591,412097,417595,424012,424079,404521,402554,407811,412049,414493,421205,425964,427308,428890,432087
10420,"Akron, OH (Metropolitan Statistical Area)",2002,      Military,1900,1964,1959,1934,1918,1809,1762,1824,1848,1821,1825,1809,1807,1779,1780,1773,1764,1761
10500,"Albany, GA (Metropolitan Statistical Area)",,Employment by place of work,,,,,,,,,,,,,,,,,,
10500,"Albany, GA (Metropolitan Statistical Area)",10,Total employment (number of jobs),78011,77100,78282,78126,80177,80621,81153,80663,78714,77793,79189,79388,79691,80572,81396,81686,81997,82018
10500,"Albany, GA (Metropolitan Statistical Area)",2002,      Military,1254,1220,1277,1116,1029,986,952,894,895,912,868,805,775,746,736,706,683,680
10540,"Albany-Lebanon, OR (Metropolitan Statistical Area)",,Employment by place of work,,,,,,,,,,,,,,,,,,
10540,"Albany-Lebanon, OR (Metropolitan Statistical Area)",10,Total employment (number of jobs),54749,54136,53710,54697,57088,58162,59546,59473,56122,55562,55341,55676,56155,57657,58931,59476,61617,63493
10540,"Albany-Lebanon, OR (Metropolitan Statistical Area)",2002,      Military,335,346,349,341,331,333,330,326,335,331,336,331,327,322,315,307,306,301
10580,"Albany-Schenectady-Troy, NY (Metropolitan Statistical Area)",,Employment by place of work,,,,,,,,,,,,,,,,,,
10580,"Albany-Schenectady-Troy, NY (Metropolitan Statistical Area)",10,Total employment (number of jobs),516432,514437,518106,524002,530740,534257,540904,543929,535314,528095,531541,537634,543163,548366,556334,563143,570825,577633
10580,"Albany-Schenectady-Troy, NY (Metropolitan Statistical Area)",2002,      Military,3652,3556,3363,3100,3145,3128,2929,3237,3140,3108,3078,3337,3348,3253,3311,3331,3265,3344
10740,"Albuquerque, NM (Metropolitan Statistical Area)",,Employment by place of work,,,,,,,,,,,,,,,,,,
10740,"Albuquerque, NM (Metropolitan Statistical Area)",10,Total employment (number of jobs),448753,448871,454370,466415,476212,494456,503901,503242,486519,477820,476883,476646,479153,483214,489286,497151,503702,510248
10740,"Albuquerque, NM (Metropolitan Statistical Area)",2002,      Military,6327,6397,6440,6417,6231,6164,5961,5818,5852,5970,6127,6182,6072,5877,5598,5669,5705,5753
10780,"Alexandria, LA (Metropolitan Statistical Area)",,Employment by place of work,,,,,,,,,,,,,,,,,,
10780,"Alexandria, LA (Metropolitan Statistical Area)",10,Total employment (number of jobs),74686,75251,75320,77127,79635,83038,84415,84931,82896,81419,81795,81062,80881,81636,81880,81630,81146,81408
10780,"Alexandria, LA (Metropolitan Statistical Area)",2002,      Military,756,747,734,697,663,658,644,650,639,746,723,708,719,704,665,654,648,569
10900,"Allentown-Bethlehem-Easton, PA-NJ (Metropolitan Statistical Area)",,Employment by place of work,,,,,,,,,,,,,,,,,,
10900,"Allentown-Bethlehem-Easton, PA-NJ (Metropolitan Statistical Area)",10,Total employment (number of jobs),396203,395667,400604,408168,418886,428104,435473,435265,424470,425825,432726,438772,445550,452871,459141,466990,473665,482097
10900,"Allentown-Bethlehem-Easton, PA-NJ (Metropolitan Statistical Area)",2002,      Military,2365,2372,2454,2304,2261,2300,2190,2148,2123,2132,2094,2139,2119,2081,2085,2092,2095,2072
11020,"Altoona, PA (Metropolitan Statistical Area)",,Employment by place of work,,,,,,,,,,,,,,,,,,
11020,"Altoona, PA (Metropolitan Statistical Area)",10,Total employment (number of jobs),72750,72974,73403,74357,75271,75417,76076,75332,74055,73707,74408,74542,75189,75216,75560,75276,75601,75923
11020,"Altoona, PA (Metropolitan Statistical Area)",2002,      Military,421,414,414,389,369,375,354,344,335,334,325,332,328,320,320,314,311,303
11100,"Amarillo, TX (Metropolitan Statistical Area)",,Employment by place of work,,,,,,,,,,,,,,,,,,
11100,"Amarillo, TX (Metropolitan Statistical Area)",10,Total employment (number of jobs),136232,137018,139781,142937,144955,148345,151879,154926,154258,152820,155100,156747,159562,160731,162740,164713,164761,166603
11100,"Amarillo, TX (Metropolitan Statistical Area)",2002,      Military,605,613,617,633,638,624,605,612,619,601,623,704,685,664,639,583,591,610
11180,"Ames, IA (Metropolitan Statistical Area)",,Employment by place of work,,,,,,,,,,,,,,,,,,
11180,"Ames, IA (Metropolitan Statistical Area)",10,Total employment (number of jobs),69062,69334,69908,71202,71916,72886,73697,73810,72907,72318,73103,73379,75038,75869,77356,77060,77718,78249
11180,"Ames, IA (Metropolitan Statistical Area)",2002,      Military,488,489,501,510,495,495,477,488,489,493,487,479,474,471,453,440,444,436
11260,"Anchorage, AK (Metropolitan Statistical Area)",,Employment by place of work,,,,,,,,,,,,,,,,,,
11260,"Anchorage, AK (Metropolitan Statistical Area)",10,Total employment (number of jobs),203258,207654,211659,215930,220731,226471,231097,233394,233589,233963,236733,242955,244407,244035,245176,242891,242789,244216
11260,"Anchorage, AK (Metropolitan Statistical Area)",2002,      Military,10847,11316,11441,12204,12724,14012,13990,14049,14780,14807,14663,15069,15211,14488,13726,12488,12286,12615
11460,"Ann Arbor, MI (Metropolitan Statistical Area)",,Employment by place of work,,,,,,,,,,,,,,,,,,
11460,"Ann Arbor, MI (Metropolitan Statistical Area)",10,Total employment (number of jobs),244933,245437,243666,245401,247846,247735,247748,242983,238387,241984,245292,246785,250522,252688,258276,261961,266796,271686
11460,"Ann Arbor, MI (Metropolitan Statistical Area)",2002,      Military,682,706,700,705,671,668,666,656,668,687,690,661,633,627,624,617,621,626
11500,"Anniston-Oxford, AL (Metropolitan Statistical Area)",,Employment by place of work,,,,,,,,,,,,,,,,,,
11500,"Anniston-Oxford, AL (Metropolitan Statistical Area)",10,Total employment (number of jobs),59639,60124,60521,62604,63108,63816,65674,64696,61551,60194,60613,59998,58415,58093,58053,57686,58628,59020
11500,"Anniston-Oxford, AL (Metropolitan Statistical Area)",2002,      Military,685,672,664,750,703,710,671,561,620,636,667,608,587,576,575,559,542,522
11540,"Appleton, WI (Metropolitan Statistical Area)",,Employment by place of work,,,,,,,,,,,,,,,,,,
11540,"Appleton, WI (Metropolitan Statistical Area)",10,Total employment (number of jobs),135693,136552,138629,142535,143877,145286,147868,146873,142760,141901,144429,146010,147002,150000,151895,154732,155134,156716
11540,"Appleton, WI (Metropolitan Statistical Area)",2002,      Military,723,718,715,696,654,674,641,657,653,637,653,673,667,662,658,640,643,635
11700,"Asheville, NC (Metropolitan Statistical Area)",,Employment by place of work,,,,,,,,,,,,,,,,,,
11700,"Asheville, NC (Metropolitan Statistical Area)",10,Total employment (number of jobs),214044,214661,218080,223209,229213,236531,246173,244313,234371,233877,238793,241450,246183,252655,259992,267742,273581,280698
11700,"Asheville, NC (Metropolitan Statistical Area)",2002,      Military,1102,1123,1146,1073,1031,1094,1110,1117,1091,1074,1140,1146,1125,1116,1115,1102,1082,1056
12020,"Athens-Clarke County, GA (Metropolitan Statistical Area)",,Employment by place of work,,,,,,,,,,,,,,,,,,
12020,"Athens-Clarke County, GA (Metropolitan Statistical Area)",10,Total employment (number of jobs),95547,96128,97807,99793,103703,107249,111049,111948,109067,108282,108818,110126,112556,114075,117351,121996,126066,128178
12020,"Athens-Clarke County, GA (Metropolitan Statistical Area)",2002,      Military,947,967,916,832,891,913,874,877,899,827,669,635,615,605,613,613,612,611
12060,"Atlanta-Sandy Springs-Alpharetta, GA (Metropolitan Statistical Area)",,Employment by place of work,,,,,,,,,,,,,,,,,,
12060,"Atlanta-Sandy Springs-Alpharetta, GA (Metropolitan Statistical Area)",10,Total employment (number of jobs),2809261,2795141,2813569,2896329,3014860,3134434,3232964,3206861,3087160,3070701,3151193,3199601,3285224,3420853,3540455,3652626,3774198,3875139
12060,"Atlanta-Sandy Springs-Alpharetta, GA (Metropolitan Statistical Area)",2002,      Military,18461,19235,19647,19012,18907,19194,19497,19736,19612,19701,18121,16732,16582,16493,16622,16575,16552,16603
12100,"Atlantic City-Hammonton, NJ (Metropolitan Statistical Area)",,Employment by place of work,,,,,,,,,,,,,,,,,,
12100,"Atlantic City-Hammonton, NJ (Metropolitan Statistical Area)",10,Total employment (number of jobs),171600,171667,174184,177412,183113,184525,183099,181292,172715,171005,170762,171854,171402,168471,164848,165234,164114,169240
12100,"Atlantic City-Hammonton, NJ (Metropolitan Statistical Area)",2002,      Military,788,771,789,792,737,779,819,852,882,892,892,897,962,915,936,828,838,836
12220,"Auburn-Opelika, AL (Metropolitan Statistical Area)",,Employment by place of work,,,,,,,,,,,,,,,,,,
12220,"Auburn-Opelika, AL (Metropolitan Statistical Area)",10,Total employment (number of jobs),54497,56381,57402,61407,63934,67109,69314,68626,66847,66719,69655,71770,73933,76548,78203,80739,83721,84897
12220,"Auburn-Opelika, AL (Metropolitan Statistical Area)",2002,      Military,739,723,724,828,806,828,818,706,724,726,742,725,722,726,735,731,735,732
12260,"Augusta-Richmond County, GA-SC (Metropolitan Statistical Area)",,Employment by place of work,,,,,,,,,,,,,,,,,,
12260,"Augusta-Richmond County, GA-SC (Metropolitan Statistical Area)",10,Total employment (number of jobs),269418,269277,273401,279068,282917,284058,289914,289736,284308,284786,288575,289106,292207,299601,307239,311024,318487,323779
12260,"Augusta-Richmond County, GA-SC (Metropolitan Statistical Area)",2002,      Military,12157,11770,11914,11449,10811,11011,11499,12318,12860,12811,11838,11571,12116,12707,13083,12992,13369,13321
12420,"Austin-Round Rock-Georgetown, TX (Metropolitan Statistical Area)",,Employment by place of work,,,,,,,,,,,,,,,,,,
12420,"Austin-Round Rock-Georgetown, TX (Metropolitan Statistical Area)",10,Total employment (number of jobs),863762,856715,864159,886034,934981,981793,1042215,1072058,1068447,1082191,1116595,1154689,1211230,1264088,1324618,1382466,1449768,1506528
12420,"Austin-Round Rock-Georgetown, TX (Metropolitan Statistical Area)",2002,      Military,3471,3602,3580,3717,3510,3595,3825,4093,4213,4205,4227,4197,4164,4121,4172,4281,4390,4438
12540,"Bakersfield, CA (Metropolitan Statistical Area)",,Employment by place of work,,,,,,,,,,,,,,,,,,
12540,"Bakersfield, CA (Metropolitan Statistical Area)",10,Total employment (number of jobs),308719,314541,321579,325067,341791,354866,363988,364533,349093,348449,361933,381650,393900,404208,404894,406695,412040,424583
12540,"Bakersfield, CA (Metropolitan Statistical Area)",2002,      Military,5357,5288,5296,5385,5057,4532,3919,3667,3667,3817,3936,4076,3984,3895,3857,3901,3955,3939
12580,"Baltimore-Columbia-Towson, MD (Metropolitan Statistical Area)",,Employment by place of work,,,,,,,,,,,,,,,,,,
12580,"Baltimore-Columbia-Towson, MD (Metropolitan Statistical Area)",10,Total employment (number of jobs),1547690,1558796,1566963,1593882,1623895,1658564,1689183,1686091,1649432,1645096,1677182,1707280,1734243,1755242,1788464,1813695,1837907,1868945
12580,"Baltimore-Columbia-Towson, MD (Metropolitan Statistical Area)",2002,      Military,25610,26027,25406,24210,24170,24963,24141,24270,24475,24524,25561,26127,26048,25574,26619,26549,26677,26621
12620,"Bangor, ME (Metropolitan Statistical Area)",,Employment by place of work,,,,,,,,,,,,,,,,,,
12620,"Bangor, ME (Metropolitan Statistical Area)",10,Total employment (number of jobs),90067,90467,89799,90971,92341,93316,94140,93709,91487,89458,89529,89690,90227,90527,90466,90409,90783,92177
12620,"Bangor, ME (Metropolitan Statistical Area)",2002,      Military,688,672,647,608,560,552,542,579,506,489,486,493,490,482,485,476,463,454
12700,"Barnstable Town, MA (Metropolitan Statistical Area)",,Employment by place of work,,,,,,,,,,,,,,,,,,
12700,"Barnstable Town, MA (Metropolitan Statistical Area)",10,Total employment (number of jobs),131337,133340,135968,138761,139159,138664,141003,139828,136753,136163,136699,139344,142564,144999,150122,151452,152680,154467
12700,"Barnstable Town, MA (Metropolitan Statistical Area)",2002,      Military,1237,1280,1272,1225,1177,1231,1224,1229,1239,1274,1238,1258,1238,1146,1170,1167,1178,1189
12940,"Baton Rouge, LA (Metropolitan Statistical Area)",,Employment by place of work,,,,,,,,,,,,,,,,,,
12940,"Baton Rouge, LA (Metropolitan Statistical Area)",10,Total employment (number of jobs),419933,421115,427177,430922,447001,468436,479796,487178,486007,481646,486911,494149,506659,518827,523290,525295,530726,536834
12940,"Baton Rouge, LA (Metropolitan Statistical Area)",2002,      Military,3873,3853,3879,3638,3504,3542,3598,3832,3815,4351,4091,4035,4124,4070,3887,3830,3755,3318
12980,"Battle Creek, MI (Metropolitan Statistical Area)",,Employment by place of work,,,,,,,,,,,,,,,,,,
12980,"Battle Creek, MI (Metropolitan Statistical Area)",10,Total employment (number of jobs),77978,77978,76411,76704,75646,74704,74215,72227,68941,68650,69084,68495,69548,70345,71316,71224,70880,70390
12980,"Battle Creek, MI (Metropolitan Statistical Area)",2002,      Military,312,335,457,434,340,294,320,290,284,288,306,297,285,286,279,267,262,263
13020,"Bay City, MI (Metropolitan Statistical Area)",,Employment by place of work,,,,,,,,,,,,,,,,,,
13020,"Bay City, MI (Metropolitan Statistical Area)",10,Total employment (number of jobs),52307,51737,51158,51482,50662,50201,50347,49858,47922,47473,47644,48000,48196,48042,47382,47519,46766,46736
13020,"Bay City, MI (Metropolitan Statistical Area)",2002,      Military,246,248,248,242,229,228,229,228,229,233,238,249,242,238,236,229,223,224
13140,"Beaumont-Port Arthur, TX (Metropolitan Statistical Area)",,Employment by place of work,,,,,,,,,,,,,,,,,,
13140,"Beaumont-Port Arthur, TX (Metropolitan Statistical Area)",10,Total employment (number of jobs),193752,192762,193921,191526,195198,203221,206608,209036,204734,203230,207905,207797,204949,210520,212976,209717,210780,213977
13140,"Beaumont-Port Arthur, TX (Metropolitan Statistical Area)",2002,      Military,1125,1104,1097,1082,1018,999,1012,1058,1088,1080,1082,1063,1051,991,977,975,973,950
13220,"Beckley, WV (Metropolitan Statistical Area)",,Employment by place of work,,,,,,,,,,,,,,,,,,
13220,"Beckley, WV (Metropolitan Statistical Area)",10,Total employment (number of jobs),54716,54883,54029,55171,56027,56871,57277,57762,56337,56736,58011,58220,56915,56254,55257,53333,53715,54185
13220,"Beckley, WV (Metropolitan Statistical Area)",2002,      Military,847,841,818,795,792,776,762,841,854,822,667,633,620,611,586,555,539,541
13380,"Bellingham, WA (Metropolitan Statistical Area)",,Employment by place of work,,,,,,,,,,,,,,,,,,
13380,"Bellingham, WA (Metropolitan Statistical Area)",10,Total employment (number of jobs),94252,96470,99418,102987,107985,110385,114493,114978,110709,109057,110303,112790,115118,117170,119693,123401,126487,129204
13380,"Bellingham, WA (Metropolitan Statistical Area)",2002,      Military,645,658,675,676,654,655,655,662,677,683,657,642,625,613,622,628,633,625
13460,"Bend, OR (Metropolitan Statistical Area)",,Employment by place of work,,,,,,,,,,,,,,,,,,
13460,"Bend, OR (Metropolitan Statistical Area)",10,Total employment (number of jobs),76099,77415,80405,86200,92848,98924,102267,98956,92268,90538,91525,92973,96990,103032,109460,119422,126915,131032
13460,"Bend, OR (Metropolitan Statistical Area)",2002,      Military,390,416,427,429,434,446,447,446,456,448,456,454,456,458,458,455,458,454
13740,"Billings, MT (Metropolitan Statistical Area)",,Employment by place of work,,,,,,,,,,,,,,,,,,
13740,"Billings, MT (Metropolitan Statistical Area)",10,Total employment (number of jobs),99701,100724,101673,104544,106966,108832,112638,113507,111282,110687,112650,114730,115009,116404,119065,119788,120390,121554
13740,"Billings, MT (Metropolitan Statistical Area)",2002,      Military,810,828,817,827,817,813,822,834,841,843,875,897,885,875,860,835,831,814
13780,"Binghamton, NY (Metropolitan Statistical Area)",,Employment by place of work,,,,,,,,,,,,,,,,,,
13780,"Binghamton, NY (Metropolitan Statistical Area)",10,Total employment (number of jobs),139580,136479,134838,134828,135172,136660,139310,139391,135666,133187,132381,131868,130485,129533,128332,128129,127064,128596
13780,"Binghamton, NY (Metropolitan Statistical Area)",2002,      Military,488,486,472,453,420,420,417,431,431,417,417,402,396,390,393,378,369,363
13820,"Birmingham-Hoover, AL (Metropolitan Statistical Area)",,Employment by place of work,,,,,,,,,,,,,,,,,,
13820,"Birmingham-Hoover, AL (Metropolitan Statistical Area)",10,Total employment (number of jobs),591371,589367,589756,600389,613937,626827,640584,634784,606607,600850,608220,616845,622903,631037,639453,649350,658141,669420
13820,"Birmingham-Hoover, AL (Metropolitan Statistical Area)",2002,      Military,6163,6024,5959,6782,6257,6283,6086,5147,5251,5284,5474,5325,5274,5192,5121,5038,4964,4828
13900,"Bismarck, ND (Metropolitan Statistical Area)",,Employment by place of work,,,,,,,,,,,,,,,,,,
13900,"Bismarck, ND (Metropolitan Statistical Area)",10,Total employment (number of jobs),68045,68452,69556,71510,73520,76118,78226,79890,80758,82274,84543,88020,91082,93407,95097,94910,94103,93626
13900,"Bismarck, ND (Metropolitan Statistical Area)",2002,      Military,784,780,778,745,729,772,783,791,793,811,829,817,799,790,788,775,786,762
13980,"Blacksburg-Christiansburg, VA (Metropolitan Statistical Area) *",,Employment by place of work,,,,,,,,,,,,,,,,,,
13980,"Blacksburg-Christiansburg, VA (Metropolitan Statistical Area) *",10,Total employment (number of jobs),81027,81473,82185,82917,84239,84962,85719,85816,83111,81285,82747,84061,85064,85956,87456,87643,87847,89158
13980,"Blacksburg-Christiansburg, VA (Metropolitan Statistical Area) *",2002,      Military,584,587,586,565,549,538,530,552,560,558,532,540,550,546,548,546,564,571
14010,"Bloomington, IL (Metropolitan Statistical Area)",,Employment by place of work,,,,,,,,,,,,,,,,,,
14010,"Bloomington, IL (Metropolitan Statistical Area)",10,Total employment (number of jobs),109029,110523,110088,109225,109996,110931,112603,113546,111824,111398,112002,113158,111465,110673,112398,111464,112014,112062
14010,"Bloomington, IL (Metropolitan Statistical Area)",2002,      Military,320,331,327,313,295,312,322,327,331,336,333,333,337,331,331,334,335,329
14020,"Bloomington, IN (Metropolitan Statistical Area)",,Employment by place of work,,,,,,,,,,,,,,,,,,
14020,"Bloomington, IN (Metropolitan Statistical Area)",10,Total employment (number of jobs),86472,86455,88861,90050,90907,92092,94409,94475,94200,93020,93309,92926,92762,93841,94447,95304,97365,99028
14020,"Bloomington, IN (Metropolitan Statistical Area)",2002,      Military,472,464,473,453,446,455,462,491,505,515,547,516,517,514,517,494,480,477
14100,"Bloomsburg-Berwick, PA (Metropolitan Statistical Area)",,Employment by place of work,,,,,,,,,,,,,,,,,,
14100,"Bloomsburg-Berwick, PA (Metropolitan Statistical Area)",10,Total employment (number of jobs),46782,47456,47107,48150,49459,50639,51636,52004,51230,51591,52582,53550,54480,53091,52723,52692,52947,53134
14100,"Bloomsburg-Berwick, PA (Metropolitan Statistical Area)",2002,      Military,263,261,263,248,238,243,227,222,217,217,211,216,215,213,212,209,207,202
14260,"Boise City, ID (Metropolitan Statistical Area)",,Employment by place of work,,,,,,,,,,,,,,,,,,
14260,"Boise City, ID (Metropolitan Statistical Area)",10,Total employment (number of jobs),311229,313222,317239,328238,346498,367714,379138,373367,353830,350361,356775,361944,372424,383152,395839,411050,428223,446444
14260,"Boise City, ID (Metropolitan Statistical Area)",2002,      Military,1997,2072,2134,2146,2152,2270,2354,2416,2412,2395,2430,2473,2461,2453,2425,2343,2312,2357
14460,"Boston-Cambridge-Newton, MA-NH (Metropolitan Statistical Area)",,Employment by place of work,,,,,,,,,,,,,,,,,,
14460,"Boston-Cambridge-Newton, MA-NH (Metropolitan Statistical Area)",10,Total employment (number of jobs),3031090,2977857,2947152,2973111,3013744,3051211,3131667,3150417,3081345,3085620,3132923,3190639,3268006,3344550,3490789,3557076,3618955,3689664
14460,"Boston-Cambridge-Newton, MA-NH (Metropolitan Statistical Area)",2002,      Military,16087,16262,15846,14920,14196,14631,14325,14241,14497,14994,15311,15092,14918,14654,14605,14424,14290,14183
14500,"Boulder, CO (Metropolitan Statistical Area) *",,Employment by place of work,,,,,,,,,,,,,,,,,,
14500,"Boulder, CO (Metropolitan Statistical Area) *",10,Total employment (number of jobs),243644,215538,210519,214515,218044,221750,228962,235192,228871,227803,234434,239480,245009,252698,258598,264109,269270,274950
14500,"Boulder, CO (Metropolitan Statistical Area) *",2002,      Military,917,865,876,858,795,814,837,844,860,900,897,879,886,863,874,944,863,829
14540,"Bowling Green, KY (Metropolitan Statistical Area)",,Employment by place of work,,,,,,,,,,,,,,,,,,
14540,"Bowling Green, KY (Metropolitan Statistical Area)",10,Total employment (number of jobs),79048,78927,80185,82086,84829,86880,89670,89166,85556,86256,89444,90993,92301,94233,96190,99598,101561,102531
14540,"Bowling Green, KY (Metropolitan Statistical Area)",2002,      Military,439,447,447,433,444,460,471,487,488,512,519,524,520,524,520,518,504,518
14740,"Bremerton-Silverdale-Port Orchard, WA (Metropolitan Statistical Area)",,Employment by place of work,,,,,,,,,,,,,,,,,,
14740,"Bremerton-Silverdale-Port Orchard, WA (Metropolitan Statistical Area)",10,Total employment (number of jobs),113167,117072,119293,121918,124980,127063,127595,127474,123188,120811,120718,121380,121561,124390,127305,129919,132502,136083
14740,"Bremerton-Silverdale-Port Orchard, WA (Metropolitan Statistical Area)",2002,      Military,13076,13498,13623,12596,12719,11776,11531,12235,11271,10856,10803,10841,10763,10783,11118,11546,11418,11527
14860,"Bridgeport-Stamford-Norwalk, CT (Metropolitan Statistical Area)",,Employment by place of work,,,,,,,,,,,,,,,,,,
14860,"Bridgeport-Stamford-Norwalk, CT (Metropolitan Statistical Area)",10,Total employment (number of jobs),576192,574103,575380,583542,591253,600698,617956,621959,608209,605628,621735,628379,639196,646567,657163,664048,659847,666896
14860,"Bridgeport-Stamford-Norwalk, CT (Metropolitan Statistical Area)",2002,      Military,2102,2104,2050,1880,1643,1704,1658,1660,1735,1799,1841,1847,1901,1879,1875,1885,1908,1874
15180,"Brownsville-Harlingen, TX (Metropolitan Statistical Area)",,Employment by place of work,,,,,,,,,,,,,,,,,,
15180,"Brownsville-Harlingen, TX (Metropolitan Statistical Area)",10,Total employment (number of jobs),142995,148213,150342,154155,156329,162680,167167,169857,170020,171929,178631,181256,185550,187709,188695,191077,192721,196272
15180,"Brownsville-Harlingen, TX (Metropolitan Statistical Area)",2002,      Military,960,998,999,1057,984,968,1005,1044,1062,1051,1035,1018,990,956,934,929,937,928
15260,"Brunswick, GA (Metropolitan Statistical Area)",,Employment by place of work,,,,,,,,,,,,,,,,,,
15260,"Brunswick, GA (Metropolitan Statistical Area)",10,Total employment (number of jobs),52363,52596,52535,54370,56363,58121,59407,59054,55728,53860,53751,54206,54752,55996,57149,58423,59742,60881
15260,"Brunswick, GA (Metropolitan Statistical Area)",2002,      Military,348,363,370,351,351,391,393,415,420,426,411,402,397,386,385,393,393,389
15380,"Buffalo-Cheektowaga, NY (Metropolitan Statistical Area)",,Employment by place of work,,,,,,,,,,,,,,,,,,
15380,"Buffalo-Cheektowaga, NY (Metropolitan Statistical Area)",10,Total employment (number of jobs),634355,630515,631286,635979,636763,636520,643412,648214,635320,634444,642219,646715,651220,656932,663455,667497,670999,678201
15380,"Buffalo-Cheektowaga, NY (Metropolitan Statistical Area)",2002,      Military,2610,2592,2535,2444,2396,2110,2095,2159,2140,2102,2143,2149,2131,2089,2085,2020,1972,1962
15500,"Burlington, NC (Metropolitan Statistical Area)",,Employment by place of work,,,,,,,,,,,,,,,,,,
15500,"Burlington, NC (Metropolitan Statistical Area)",10,Total employment (number of jobs),77847,76384,75173,75967,76703,77138,80082,78758,74921,74330,76422,77711,77885,78971,79311,81194,82464,84379
15500,"Burlington, NC (Metropolitan Statistical Area)",2002,      Military,368,373,377,349,333,354,366,373,370,369,390,386,378,371,371,364,361,354
15540,"Burlington-South Burlington, VT (Metropolitan Statistical Area)",,Employment by place of work,,,,,,,,,,,,,,,,,,
15540,"Burlington-South Burlington, VT (Metropolitan Statistical Area)",10,Total employment (number of jobs),144163,143707,144044,147053,147964,149069,151286,151588,149147,150311,153443,156025,157590,159894,162259,163797,165129,166511
15540,"Burlington-South Burlington, VT (Metropolitan Statistical Area)",2002,      Military,1462,1457,1474,1429,1343,1331,1345,1382,1404,1461,1482,1524,1537,1538,1601,1557,1516,1441
15680,"California-Lexington Park, MD (Metropolitan Statistical Area)",,Employment by place of work,,,,,,,,,,,,,,,,,,
15680,"California-Lexington Park, MD (Metropolitan Statistical Area)",10,Total employment (number of jobs),47090,49310,51659,52800,53234,54953,56573,56063,56276,57614,58334,58503,59094,59499,60296,60438,61186,62531
15680,"California-Lexington Park, MD (Metropolitan Statistical Area)",2002,      Military,3082,3160,3204,3095,2982,3181,3055,2760,2614,2685,2598,2507,2455,2444,2515,2536,2470,2469
15940,"Canton-Massillon, OH (Metropolitan Statistical Area)",,Employment by place of work,,,,,,,,,,,,,,,,,,
15940,"Canton-Massillon, OH (Metropolitan Statistical Area)",10,Total employment (number of jobs),225330,221364,217698,218617,220170,216097,217378,215543,205924,203967,209428,213719,217118,220088,219220,220055,221673,223950
15940,"Canton-Massillon, OH (Metropolitan Statistical Area)",2002,      Military,1078,1111,1110,1089,1015,1016,989,1027,1041,1025,1034,1050,1046,1036,1033,1026,1016,1012
15980,"Cape Coral-Fort Myers, FL (Metropolitan Statistical Area)",,Employment by place of work,,,,,,,,,,,,,,,,,,
15980,"Cape Coral-Fort Myers, FL (Metropolitan Statistical Area)",10,Total employment (number of jobs),232767,240323,258600,276146,300554,316326,315773,298689,284886,284625,292596,301974,314673,334631,353158,364208,379209,390394
15980,"Cape Coral-Fort Myers, FL (Metropolitan Statistical Area)",2002,      Military,1047,1103,1118,1047,1088,1190,1243,1241,1273,1317,1302,1292,1321,1314,1332,1345,1380,1378
16020,"Cape Girardeau, MO-IL (Metropolitan Statistical Area)",,Employment by place of work,,,,,,,,,,,,,,,,,,
16020,"Cape Girardeau, MO-IL (Metropolitan Statistical Area)",10,Total employment (number of jobs),57816,57787,58156,58289,59727,61015,62379,61857,60395,59229,59171,59680,60558,60040,60244,60509,60492,61446
16020,"Cape Girardeau, MO-IL (Metropolitan Statistical Area)",2002,      Military,349,347,346,353,324,338,367,361,370,321,323,342,344,340,333,335,331,332
16060,"Carbondale-Marion, IL (Metropolitan Statistical Area)",,Employment by place of work,,,,,,,,,,,,,,,,,,
16060,"Carbondale-Marion, IL (Metropolitan Statistical Area)",10,Total employment (number of jobs),73611,73596,73383,73641,75320,76453,76746,76316,75989,76016,76746,76453,75329,75621,76461,76658,76491,77156
16060,"Carbondale-Marion, IL (Metropolitan Statistical Area)",2002,      Military,288,296,293,283,266,274,279,280,279,284,282,278,276,274,276,279,278,268
16180,"Carson City, NV (Metropolitan Statistical Area)",,Employment by place of work,,,,,,,,,,,,,,,,,,
16180,"Carson City, NV (Metropolitan Statistical Area)",10,Total employment (number of jobs),41635,41771,41908,43058,43878,43921,42266,41157,39407,38440,38076,37406,37531,37521,37650,38245,39441,39764
16180,"Carson City, NV (Metropolitan Statistical Area)",2002,      Military,102,105,109,107,109,110,113,119,124,132,139,143,142,139,144,143,143,141
16220,"Casper, WY (Metropolitan Statistical Area)",,Employment by place of work,,,,,,,,,,,,,,,,,,
16220,"Casper, WY (Metropolitan Statistical Area)",10,Total employment (number of jobs),44539,44730,45554,47196,48826,50902,52732,53987,51712,51833,53356,55493,56646,57791,57161,53931,53892,54703
16220,"Casper, WY (Metropolitan Statistical Area)",2002,      Military,382,376,377,386,392,414,435,432,444,436,434,425,432,428,429,417,413,408
16300,"Cedar Rapids, IA (Metropolitan Statistical Area)",,Employment by place of work,,,,,,,,,,,,,,,,,,
16300,"Cedar Rapids, IA (Metropolitan Statistical Area)",10,Total employment (number of jobs),163779,160448,159065,161774,164717,168369,172462,174581,172876,173011,175478,176557,177261,178987,181094,181297,181671,183548
16300,"Cedar Rapids, IA (Metropolitan Statistical Area)",2002,      Military,1114,1127,1148,1150,1107,1081,1047,1074,1083,1094,1092,1081,1060,1048,1013,982,987,966
16540,"Chambersburg-Waynesboro, PA (Metropolitan Statistical Area)",,Employment by place of work,,,,,,,,,,,,,,,,,,
16540,"Chambersburg-Waynesboro, PA (Metropolitan Statistical Area)",10,Total employment (number of jobs),64999,65382,66732,69437,72375,74675,76580,77395,73881,73831,74708,75353,76279,77144,78821,79369,79491,81506
16540,"Chambersburg-Waynesboro, PA (Metropolitan Statistical Area)",2002,      Military,434,436,443,422,413,431,413,405,400,402,392,405,405,401,402,398,397,391
16580,"Champaign-Urbana, IL (Metropolitan Statistical Area)",,Employment by place of work,,,,,,,,,,,,,,,,,,
16580,"Champaign-Urbana, IL (Metropolitan Statistical Area)",10,Total employment (number of jobs),129448,128925,128853,130064,129866,130940,133070,134046,131717,130045,129488,129617,130365,131731,133560,133389,134912,136517
16580,"Champaign-Urbana, IL (Metropolitan Statistical Area)",2002,      Military,457,462,472,445,415,436,441,435,447,456,451,449,452,448,448,449,451,444
16620,"Charleston, WV (Metropolitan Statistical Area)",,Employment by place of work,,,,,,,,,,,,,,,,,,
16620,"Charleston, WV (Metropolitan Statistical Area)",10,Total employment (number of jobs),163753,162135,160497,160428,161220,162759,164092,163921,160817,159715,160242,160455,158514,156911,154402,151196,149034,153289
16620,"Charleston, WV (Metropolitan Statistical Area)",2002,      Military,1619,1609,1593,1587,1587,1505,1558,1571,1573,1538,1445,1417,1389,1369,1339,1273,1229,1227
16700,"Charleston-North Charleston, SC (Metropolitan Statistical Area)",,Employment by place of work,,,,,,,,,,,,,,,,,,
16700,"Charleston-North Charleston, SC (Metropolitan Statistical Area)",10,Total employment (number of jobs),327147,333500,341030,353803,364423,374776,391799,394806,381979,384824,399885,408522,418728,432498,448908,467979,482760,499723
16700,"Charleston-North Charleston, SC (Metropolitan Statistical Area)",2002,      Military,12435,12817,12838,13212,12792,12430,12276,12045,12718,12914,13170,13082,12985,13075,13031,12607,12696,12733
16740,"Charlotte-Concord-Gastonia, NC-SC (Metropolitan Statistical Area)",,Employment by place of work,,,,,,,,,,,,,,,,,,
16740,"Charlotte-Concord-Gastonia, NC-SC (Metropolitan Statistical Area)",10,Total employment (number of jobs),1131782,1134667,1137783,1166374,1209673,1263361,1320238,1322580,1269767,1263077,1318012,1347262,1383036,1437677,1491118,1541895,1593809,1638822
16740,"Charlotte-Concord-Gastonia, NC-SC (Metropolitan Statistical Area)",2002,      Military,5632,5765,5908,5532,5431,5765,6023,6224,6230,6271,6604,6552,6515,6486,6535,6500,6459,6378
16820,"Charlottesville, VA (Metropolitan Statistical Area) *",,Employment by place of work,,,,,,,,,,,,,,,,,,
16820,"Charlottesville, VA (Metropolitan Statistical Area) *",10,Total employment (number of jobs),117073,118132,118620,122148,126006,130624,134180,135572,133004,132313,134038,135970,137580,141022,145761,149412,153057,156092
16820,"Charlottesville, VA (Metropolitan Statistical Area) *",2002,      Military,876,899,905,907,880,863,869,930,933,980,985,1060,1093,1092,1123,1115,1109,1120
16860,"Chattanooga, TN-GA (Metropolitan Statistical Area)",,Employment by place of work,,,,,,,,,,,,,,,,,,
16860,"Chattanooga, TN-GA (Metropolitan Statistical Area)",10,Total employment (number of jobs),295485,293159,295067,297575,302725,308555,313955,309896,291690,290655,297413,300036,303348,303575,310769,318250,327239,335768
16860,"Chattanooga, TN-GA (Metropolitan Statistical Area)",2002,      Military,1805,1824,1825,1794,1703,1705,1742,1776,1765,1768,1772,1753,1737,1701,1675,1655,1620,1586
16940,"Cheyenne, WY (Metropolitan Statistical Area)",,Employment by place of work,,,,,,,,,,,,,,,,,,
16940,"Cheyenne, WY (Metropolitan Statistical Area)",10,Total employment (number of jobs),52757,54629,55774,56596,57722,58704,61107,62254,61625,61441,62826,63565,65587,66322,67095,67574,68988,69933
16940,"Cheyenne, WY (Metropolitan Statistical Area)",2002,      Military,3765,3727,3807,3840,3728,3558,3437,3445,3478,3575,3594,3565,3645,3476,3467,3450,3523,3570
16980,"Chicago-Naperville-Elgin, IL-IN-WI (Metropolitan Statistical Area)",,Employment by place of work,,,,,,,,,,,,,,,,,,
16980,"Chicago-Naperville-Elgin, IL-IN-WI (Metropolitan Statistical Area)",10,Total employment (number of jobs),5450274,5386960,5387028,5446229,5528261,5627599,5733881,5715056,5515227,5470609,5581826,5643024,5730418,5831709,5964154,6039101,6090516,6186561
16980,"Chicago-Naperville-Elgin, IL-IN-WI (Metropolitan Statistical Area)",2002,      Military,44874,42406,39777,38115,36001,36004,36753,37582,37390,36816,33713,33033,32495,30915,31618,30976,32535,33406
17020,"Chico, CA (Metropolitan Statistical Area)",,Employment by place of work,,,,,,,,,,,,,,,,,,
17020,"Chico, CA (Metropolitan Statistical Area)",10,Total employment (number of jobs),99172,101094,100790,101812,103948,105268,106781,103874,99078,97799,97756,100633,104338,107447,110049,112507,114640,116908
17020,"Chico, CA (Metropolitan Statistical Area)",2002,      Military,387,390,396,388,367,363,359,359,360,356,350,352,348,343,336,334,337,332
17140,"Cincinnati, OH-KY-IN (Metropolitan Statistical Area)",,Employment by place of work,,,,,,,,,,,,,,,,,,
17140,"Cincinnati, OH-KY-IN (Metropolitan Statistical Area)",10,Total employment (number of jobs),1235548,1226574,1233732,1249101,1266491,1276660,1291887,1287371,1246446,1236429,1251397,1262590,1276949,1298630,1322949,1345745,1372384,1398413
17140,"Cincinnati, OH-KY-IN (Metropolitan Statistical Area)",2002,      Military,5806,5980,6053,5901,5651,5685,5625,5832,5918,5940,5995,6023,6006,5942,5932,5906,5864,5886
17300,"Clarksville, TN-KY (Metropolitan Statistical Area)",,Employment by place of work,,,,,,,,,,,,,,,,,,
17300,"Clarksville, TN-KY (Metropolitan Statistical Area)",10,Total employment (number of jobs),125242,126533,127599,131322,138270,141076,143438,143785,141667,143636,147219,147359,147234,148711,151139,150773,154838,157034
17300,"Clarksville, TN-KY (Metropolitan Statistical Area)",2002,      Military,24660,24993,25662,25371,28964,29735,30049,32603,32916,33052,34490,32947,31401,30591,30059,27745,27739,27455
17420,"Cleveland, TN (Metropolitan Statistical Area)",,Employment by place of work,,,,,,,,,,,,,,,,,,
17420,"Cleveland, TN (Metropolitan Statistical Area)",10,Total employment (number of jobs),53704,53647,54086,55465,55733,56345,56070,55208,53667,53265,54831,56876,60381,62281,61965,62678,62495,62680
17420,"Cleveland, TN (Metropolitan Statistical Area)",2002,      Military,398,400,398,375,362,367,377,388,387,384,388,380,375,371,366,360,350,343
17460,"Cleveland-Elyria, OH (Metropolitan Statistical Area)",,Employment by place of work,,,,,,,,,,,,,,,,,,
17460,"Cleveland-Elyria, OH (Metropolitan Statistical Area)",10,Total employment (number of jobs),1322201,1294109,1291744,1296299,1299430,1309383,1316266,1302283,1251077,1243015,1260014,1277714,1290660,1299843,1313275,1323846,1332930,1351016
17460,"Cleveland-Elyria, OH (Metropolitan Statistical Area)",2002,      Military,6313,6496,6454,6300,6025,5882,5685,5896,5980,5887,5791,5752,5753,5646,5655,5630,5582,5591
17660,"Coeur d'Alene, ID (Metropolitan Statistical Area)",,Employment by place of work,,,,,,,,,,,,,,,,,,
17660,"Coeur d'Alene, ID (Metropolitan Statistical Area)",10,Total employment (number of jobs),61217,62919,64164,68866,73502,77152,80534,80340,76284,75121,75818,75139,77720,80318,82666,85018,88196,91083
17660,"Coeur d'Alene, ID (Metropolitan Statistical Area)",2002,      Military,451,462,476,484,472,510,524,539,538,534,537,541,535,529,523,504,499,508
17780,"College Station-Bryan, TX (Metropolitan Statistical Area)",,Employment by place of work,,,,,,,,,,,,,,,,,,
17780,"College Station-Bryan, TX (Metropolitan Statistical Area)",10,Total employment (number of jobs),107288,108148,109810,111780,115746,119940,120087,123029,127108,128073,128362,131867,137260,141761,146044,149631,152965,158314
17780,"College Station-Bryan, TX (Metropolitan Statistical Area)",2002,      Military,565,561,557,547,518,532,544,585,592,593,581,566,540,533,547,546,563,562
17820,"Colorado Springs, CO (Metropolitan Statistical Area)",,Employment by place of work,,,,,,,,,,,,,,,,,,
17820,"Colorado Springs, CO (Metropolitan Statistical Area)",10,Total employment (number of jobs),349511,347088,347795,353744,365026,371136,378789,378125,371574,372146,378167,379506,386398,394857,404672,413177,426550,435728
17820,"Colorado Springs, CO (Metropolitan Statistical Area)",2002,      Military,28636,28804,28870,29246,31782,29927,30054,32057,35445,39199,40701,39461,39116,39246,38489,37009,37087,37466
17860,"Columbia, MO (Metropolitan Statistical Area)",,Employment by place of work,,,,,,,,,,,,,,,,,,
17860,"Columbia, MO (Metropolitan Statistical Area)",10,Total employment (number of jobs),114547,115747,116248,118996,122431,124978,126699,126583,124038,125030,128180,131554,134753,136033,138281,139912,142143,143236
17860,"Columbia, MO (Metropolitan Statistical Area)",2002,      Military,665,666,681,702,660,699,766,772,786,685,676,678,693,684,672,686,689,686
17900,"Columbia, SC (Metropolitan Statistical Area)",,Employment by place of work,,,,,,,,,,,,,,,,,,
17900,"Columbia, SC (Metropolitan Statistical Area)",10,Total employment (number of jobs),416234,415110,418233,424587,433120,446637,459367,459041,443153,438955,446229,453369,463131,473861,489418,498376,505636,512470
17900,"Columbia, SC (Metropolitan Statistical Area)",2002,      Military,13851,13344,12709,12810,11805,12916,12848,14223,14580,13603,12409,12366,13241,12060,12398,11739,12330,12408
17980,"Columbus, GA-AL (Metropolitan Statistical Area)",,Employment by place of work,,,,,,,,,,,,,,,,,,
17980,"Columbus, GA-AL (Metropolitan Statistical Area)",10,Total employment (number of jobs),166770,164750,163793,165954,168743,171426,171822,175500,175492,177570,182910,183610,184172,182965,182245,178462,179873,182468
17980,"Columbus, GA-AL (Metropolitan Statistical Area)",2002,      Military,20692,20287,19419,20186,20003,20204,19735,21354,22405,22185,22887,24219,24126,22313,22076,18970,19335,19323
18020,"Columbus, IN (Metropolitan Statistical Area)",,Employment by place of work,,,,,,,,,,,,,,,,,,
18020,"Columbus, IN (Metropolitan Statistical Area)",10,Total employment (number of jobs),50295,49158,48777,50421,51636,52453,53859,54442,50963,50843,54100,57396,57351,59049,60078,60683,61301,61915
18020,"Columbus, IN (Metropolitan Statistical Area)",2002,      Military,249,241,248,237,232,234,239,253,260,258,262,256,255,253,255,248,246,243
18140,"Columbus, OH (Metropolitan Statistical Area)",,Employment by place of work,,,,,,,,,,,,,,,,,,
18140,"Columbus, OH (Metropolitan Statistical Area)",10,Total employment (number of jobs),1142117,1136086,1137227,1151480,1166767,1181275,1205643,1204031,1174285,1173163,1200586,1228248,1256856,1285648,1315582,1345121,1375704,1401496
18140,"Columbus, OH (Metropolitan Statistical Area)",2002,      Military,5163,5347,5334,5299,5174,5179,5137,5407,5551,5483,5416,5419,5475,5470,5586,5630,5654,5744
18580,"Corpus Christi, TX (Metropolitan Statistical Area)",,Employment by place of work,,,,,,,,,,,,,,,,,,
18580,"Corpus Christi, TX (Metropolitan Statistical Area)",10,Total employment (number of jobs),209256,210084,212756,213608,217363,221335,228301,233317,229560,228466,231628,238395,243431,248374,248914,246523,251653,254599
18580,"Corpus Christi, TX (Metropolitan Statistical Area)",2002,      Military,6673,6400,6042,6110,6211,6027,5735,5432,4979,4583,4470,4534,4562,4585,4544,4662,4680,4730
18700,"Corvallis, OR (Metropolitan Statistical Area)",,Employment by place of work,,,,,,,,,,,,,,,,,,
18700,"Corvallis, OR (Metropolitan Statistical Area)",10,Total employment (number of jobs),48298,45836,45891,47624,48107,48815,48386,48213,47494,47457,48590,48486,48184,49280,50420,50051,51317,52126
18700,"Corvallis, OR (Metropolitan Statistical Area)",2002,      Military,302,313,322,333,332,321,300,287,289,287,285,274,264,254,254,251,250,255
18880,"Crestview-Fort Walton Beach-Destin, FL (Metropolitan Statistical Area)",,Employment by place of work,,,,,,,,,,,,,,,,,,
18880,"Crestview-Fort Walton Beach-Destin, FL (Metropolitan Statistical Area)",10,Total employment (number of jobs),123262,128008,134491,145298,150544,155241,155616,150985,146856,144422,148422,151356,155639,158395,163175,168011,173797,178146
18880,"Crestview-Fort Walton Beach-Destin, FL (Metropolitan Statistical Area)",2002,      Military,15478,16329,16425,16631,15933,15645,16015,16190,15190,14923,15239,17110,17378,16812,16030,15844,16248,16831
19060,"Cumberland, MD-WV (Metropolitan Statistical Area)",,Employment by place of work,,,,,,,,,,,,,,,,,,
19060,"Cumberland, MD-WV (Metropolitan Statistical Area)",10,Total employment (number of jobs),47090,46958,46793,47694,48486,48721,48389,48378,48072,48285,48584,48372,48051,47975,48347,47910,47392,47612
19060,"Cumberland, MD-WV (Metropolitan Statistical Area)",2002,      Military,384,383,380,354,347,334,336,347,346,344,355,351,346,338,333,384,373,337
19100,"Dallas-Fort Worth-Arlington, TX (Metropolitan Statistical Area)",,Employment by place of work,,,,,,,,,,,,,,,,,,
19100,"Dallas-Fort Worth-Arlington, TX (Metropolitan Statistical Area)",10,Total employment (number of jobs),3463068,3424897,3432695,3499362,3621905,3766949,3913910,3993545,3914429,3929790,4068890,4191061,4318900,4464331,4633996,4795155,4948247,5080659
19100,"Dallas-Fort Worth-Arlington, TX (Metropolitan Statistical Area)",2002,      Military,16262,16652,16939,16882,16020,16252,16687,17324,17484,16992,16660,16508,16403,16232,16228,16392,16700,16789
19140,"Dalton, GA (Metropolitan Statistical Area)",,Employment by place of work,,,,,,,,,,,,,,,,,,
19140,"Dalton, GA (Metropolitan Statistical Area)",10,Total employment (number of jobs),85876,86500,86673,88308,89189,90340,89950,84979,77658,76810,77683,76671,76814,80174,81978,81927,80027,81001
19140,"Dalton, GA (Metropolitan Statistical Area)",2002,      Military,421,439,450,427,422,434,437,449,450,456,434,416,411,402,399,393,387,382
19180,"Danville, IL (Metropolitan Statistical Area)",,Employment by place of work,,,,,,,,,,,,,,,,,,
19180,"Danville, IL (Metropolitan Statistical Area)",10,Total employment (number of jobs),40683,40062,40636,40029,40190,39863,39718,39183,37825,37284,38010,38165,37344,37665,37741,36603,36016,35863
19180,"Danville, IL (Metropolitan Statistical Area)",2002,      Military,179,181,177,167,155,162,164,163,162,164,161,158,157,153,152,153,153,148
19300,"Daphne-Fairhope-Foley, AL (Metropolitan Statistical Area)",,Employment by place of work,,,,,,,,,,,,,,,,,,
19300,"Daphne-Fairhope-Foley, AL (Metropolitan Statistical Area)",10,Total employment (number of jobs),70661,71892,73844,77691,82612,87768,92728,92684,89324,89246,92000,93226,96471,99812,103915,107819,111990,115166
19300,"Daphne-Fairhope-Foley, AL (Metropolitan Statistical Area)",2002,      Military,845,846,852,997,956,986,974,832,869,883,914,888,895,900,904,927,982,980
19340,"Davenport-Moline-Rock Island, IA-IL (Metropolitan Statistical Area)",,Employment by place of work,,,,,,,,,,,,,,,,,,
19340,"Davenport-Moline-Rock Island, IA-IL (Metropolitan Statistical Area)",10,Total employment (number of jobs),228307,224701,223492,226886,231269,231766,233972,234372,225854,223989,227447,228828,228835,230129,229890,228283,230323,231770
19340,"Davenport-Moline-Rock Island, IA-IL (Metropolitan Statistical Area)",2002,      Military,1339,1350,1341,1370,1256,1258,1378,1407,1396,1440,1512,1529,1535,1526,1519,1462,1426,1384
19430,"Dayton-Kettering, OH (Metropolitan Statistical Area)",,Employment by place of work,,,,,,,,,,,,,,,,,,
19430,"Dayton-Kettering, OH (Metropolitan Statistical Area)",10,Total employment (number of jobs),497721,488980,484370,484036,482766,481807,481030,471122,450129,447825,454622,457498,457953,463439,469853,474162,482446,487119
19430,"Dayton-Kettering, OH (Metropolitan Statistical Area)",2002,      Military,7433,7713,7905,8036,7744,7608,7195,6969,6954,7071,7383,7425,7547,7317,7143,7143,7190,7213
19460,"Decatur, AL (Metropolitan Statistical Area)",,Employment by place of work,,,,,,,,,,,,,,,,,,
19460,"Decatur, AL (Metropolitan Statistical Area)",10,Total employment (number of jobs),75846,73525,72553,74234,74947,75300,77096,76549,72444,71651,73429,73498,73777,73333,72980,73250,74111,75768
19460,"Decatur, AL (Metropolitan Statistical Area)",2002,      Military,857,838,829,937,874,874,851,718,741,740,753,716,704,691,678,664,650,631
19500,"Decatur, IL (Metropolitan Statistical Area)",,Employment by place of work,,,,,,,,,,,,,,,,,,
19500,"Decatur, IL (Metropolitan Statistical Area)",10,Total employment (number of jobs),68070,65473,64829,65063,65139,65741,66941,66551,64187,63818,65204,64625,63052,63093,63036,62615,62255,62811
19500,"Decatur, IL (Metropolitan Statistical Area)",2002,      Military,254,254,248,233,219,227,230,230,230,230,226,225,224,216,216,216,217,211
19660,"Deltona-Daytona Beach-Ormond Beach, FL (Metropolitan Statistical Area)",,Employment by place of work,,,,,,,,,,,,,,,,,,
19660,"Deltona-Daytona Beach-Ormond Beach, FL (Metropolitan Statistical Area)",10,Total employment (number of jobs),214468,220863,229419,239566,253529,263121,265560,256904,244590,241576,245674,249416,254041,261466,269022,278040,287897,294806
19660,"Deltona-Daytona Beach-Ormond Beach, FL (Metropolitan Statistical Area)",2002,      Military,1086,1129,1139,1060,1073,1150,1182,1174,1193,1231,1246,1198,1187,1210,1217,1215,1245,1247
19740,"Denver-Aurora-Lakewood, CO (Metropolitan Statistical Area) *",,Employment by place of work,,,,,,,,,,,,,,,,,,
19740,"Denver-Aurora-Lakewood, CO (Metropolitan Statistical Area) *",10,Total employment (number of jobs),1518724,1521825,1510967,1533283,1571107,1607028,1664565,1683596,1643661,1637488,1672982,1715507,1776525,1843978,1917197,1981797,2036345,2094120
19740,"Denver-Aurora-Lakewood, CO (Metropolitan Statistical Area) *",2002,      Military,8962,9320,9373,8900,8169,8497,8796,9131,9319,9769,9723,9642,9833,9742,9872,10028,10215,10125
19780,"Des Moines-West Des Moines, IA (Metropolitan Statistical Area)",,Employment by place of work,,,,,,,,,,,,,,,,,,
19780,"Des Moines-West Des Moines, IA (Metropolitan Statistical Area)",10,Total employment (number of jobs),380712,379700,381332,391738,399647,410353,421384,424043,419245,417404,423430,431268,441167,451439,458947,469961,478216,485836
19780,"Des Moines-West Des Moines, IA (Metropolitan Statistical Area)",2002,      Military,2779,2804,2838,2937,2815,2740,2736,2668,2663,2718,2735,2742,2730,2726,2650,2586,2605,2576
19820,"Detroit-Warren-Dearborn, MI (Metropolitan Statistical Area)",,Employment by place of work,,,,,,,,,,,,,,,,,,
19820,"Detroit-Warren-Dearborn, MI (Metropolitan Statistical Area)",10,Total employment (number of jobs),2536678,2500131,2486062,2487090,2503800,2474998,2470996,2413765,2255835,2258061,2329607,2372902,2415202,2458072,2508262,2547132,2587204,2628870
19820,"Detroit-Warren-Dearborn, MI (Metropolitan Statistical Area)",2002,      Military,9890,9995,9981,9714,9156,9240,9246,9075,9055,9115,9076,8788,8346,8275,8209,7904,7777,7720
20020,"Dothan, AL (Metropolitan Statistical Area)",,Employment by place of work,,,,,,,,,,,,,,,,,,
20020,"Dothan, AL (Metropolitan Statistical Area)",10,Total employment (number of jobs),74332,73972,74707,77191,78855,80328,82333,80560,77260,76393,76925,76750,76940,77255,77940,77701,78563,79403
20020,"Dothan, AL (Metropolitan Statistical Area)",2002,      Military,771,757,753,860,806,815,799,677,702,703,728,718,710,699,692,682,672,656
20100,"Dover, DE (Metropolitan Statistical Area)",,Employment by place of work,,,,,,,,,,,,,,,,,,
20100,"Dover, DE (Metropolitan Statistical Area)",10,Total employment (number of jobs),72004,73663,75124,78240,81729,83361,84923,84602,81628,81669,83855,84764,86586,87628,88475,90408,92106,93124
20100,"Dover, DE (Metropolitan Statistical Area)",2002,      Military,4528,4723,4718,4713,4372,4080,4171,4262,4299,4422,4408,4462,4541,4389,4181,4190,4289,4314
20220,"Dubuque, IA (Metropolitan Statistical Area)",,Employment by place of work,,,,,,,,,,,,,,,,,,
20220,"Dubuque, IA (Metropolitan Statistical Area)",10,Total employment (number of jobs),61990,61804,62344,63647,65285,67149,67770,67401,66382,67896,69906,71133,71687,72527,73546,72815,73007,73999
20220,"Dubuque, IA (Metropolitan Statistical Area)",2002,      Military,426,430,434,431,416,411,393,398,401,407,404,403,398,391,379,366,363,355
20260,"Duluth, MN-WI (Metropolitan Statistical Area)",,Employment by place of work,,,,,,,,,,,,,,,,,,
20260,"Duluth, MN-WI (Metropolitan Statistical Area)",10,Total employment (number of jobs),163056,162994,162557,163221,165001,166991,169341,169040,163400,163278,164463,165114,167118,168564,169206,168516,170506,171741
20260,"Duluth, MN-WI (Metropolitan Statistical Area)",2002,      Military,1193,1199,1200,1221,1313,1289,1322,1182,1154,1164,1160,1149,1117,1094,1090,1081,1075,1061
20500,"Durham-Chapel Hill, NC (Metropolitan Statistical Area)",,Employment by place of work,,,,,,,,,,,,,,,,,,
20500,"Durham-Chapel Hill, NC (Metropolitan Statistical Area)",10,Total employment (number of jobs),335490,335512,335976,344725,349831,361753,375705,377788,372046,370041,372166,380080,385950,401212,407825,424641,434703,445533
20500,"Durham-Chapel Hill, NC (Metropolitan Statistical Area)",2002,      Military,1409,1462,1518,1404,1346,1411,1469,1579,1604,1629,1632,1616,1627,1606,1603,1578,1551,1523
20700,"East Stroudsburg, PA (Metropolitan Statistical Area)",,Employment by place of work,,,,,,,,,,,,,,,,,,
20700,"East Stroudsburg, PA (Metropolitan Statistical Area)",10,Total employment (number of jobs),67036,68786,70438,72677,74896,77436,79621,80002,77120,76353,75724,75092,74392,73901,75421,76875,77958,79112
20700,"East Stroudsburg, PA (Metropolitan Statistical Area)",2002,      Military,485,500,518,499,486,499,480,467,457,458,465,471,469,457,457,448,449,448
20740,"Eau Claire, WI (Metropolitan Statistical Area)",,Employment by place of work,,,,,,,,,,,,,,,,,,
20740,"Eau Claire, WI (Metropolitan Statistical Area)",10,Total employment (number of jobs),95828,95806,96732,98739,100615,103409,105103,104841,101939,102785,104747,106085,106199,107733,108513,109148,110621,112157
20740,"Eau Claire, WI (Metropolitan Statistical Area)",2002,      Military,514,507,500,485,454,466,445,454,453,442,447,447,440,435,433,424,421,423
20940,"El Centro, CA (Metropolitan Statistical Area)",,Employment by place of work,,,,,,,,,,,,,,,,,,
20940,"El Centro, CA (Metropolitan Statistical Area)",10,Total employment (number of jobs),59479,63149,65353,65534,67019,71933,74210,74053,72584,72573,73804,75293,77668,80237,81453,79711,80123,80918
20940,"El Centro, CA (Metropolitan Statistical Area)",2002,      Military,497,518,542,528,495,430,463,514,513,527,523,503,481,413,374,365,367,363
21060,"Elizabethtown-Fort Knox, KY (Metropolitan Statistical Area)",,Employment by place of work,,,,,,,,,,,,,,,,,,
21060,"Elizabethtown-Fort Knox, KY (Metropolitan Statistical Area)",10,Total employment (number of jobs),73306,72023,73739,74797,73784,76298,76947,76798,75095,78858,80821,78596,78171,76908,76543,77289,77349,78130
21060,"Elizabethtown-Fort Knox, KY (Metropolitan Statistical Area)",2002,      Military,12080,9863,9079,9490,8214,8364,8390,8554,9334,12012,11843,9433,9253,6996,5451,4860,4835,5101
21140,"Elkhart-Goshen, IN (Metropolitan Statistical Area)",,Employment by place of work,,,,,,,,,,,,,,,,,,
21140,"Elkhart-Goshen, IN (Metropolitan Statistical Area)",10,Total employment (number of jobs),137494,137557,140017,148000,150926,153411,152211,140901,120605,126843,130784,136452,142382,148062,151715,154717,164569,166245
21140,"Elkhart-Goshen, IN (Metropolitan Statistical Area)",2002,      Military,637,618,637,611,604,609,619,655,667,659,663,641,637,630,632,612,608,601
21300,"Elmira, NY (Metropolitan Statistical Area)",,Employment by place of work,,,,,,,,,,,,,,,,,,
21300,"Elmira, NY (Metropolitan Statistical Area)",10,Total employment (number of jobs),49776,48141,47038,46333,46498,47090,47911,47835,45895,45941,46425,45982,45277,45284,45090,44028,43606,43868
21300,"Elmira, NY (Metropolitan Statistical Area)",2002,      Military,177,176,171,163,150,146,138,143,142,139,142,142,138,135,134,130,128,126
21340,"El Paso, TX (Metropolitan Statistical Area)",,Employment by place of work,,,,,,,,,,,,,,,,,,
21340,"El Paso, TX (Metropolitan Statistical Area)",10,Total employment (number of jobs),324108,331527,336122,342434,351148,363333,375521,381999,382242,389852,402636,406476,411096,415536,424004,432454,439417,448957
21340,"El Paso, TX (Metropolitan Statistical Area)",2002,      Military,11782,12159,12390,12156,12145,14737,16263,18717,20934,23721,27233,29928,28927,28224,28491,27286,27019,27349
21420,"Enid, OK (Metropolitan Statistical Area)",,Employment by place of work,,,,,,,,,,,,,,,,,,
21420,"Enid, OK (Metropolitan Statistical Area)",10,Total employment (number of jobs),33369,33265,33999,34452,34825,35569,36830,38102,37704,38004,38074,39161,39623,40237,39849,39709,37566,37587
21420,"Enid, OK (Metropolitan Statistical Area)",2002,      Military,1515,1458,1414,1441,1351,1331,1378,1474,1545,1536,1460,1468,1481,1428,1391,1386,1365,1431
21500,"Erie, PA (Metropolitan Statistical Area)",,Employment by place of work,,,,,,,,,,,,,,,,,,
21500,"Erie, PA (Metropolitan Statistical Area)",10,Total employment (number of jobs),161055,158749,157208,159170,161240,161898,163256,162487,156498,156247,159178,160356,160541,161046,161250,158735,157998,159521
21500,"Erie, PA (Metropolitan Statistical Area)",2002,      Military,954,950,986,923,864,856,809,783,771,771,752,771,766,748,742,733,723,713
21660,"Eugene-Springfield, OR (Metropolitan Statistical Area)",,Employment by place of work,,,,,,,,,,,,,,,,,,
21660,"Eugene-Springfield, OR (Metropolitan Statistical Area)",10,Total employment (number of jobs),185129,184589,185159,191076,196415,201138,205433,201514,189685,187126,189044,189457,191204,195864,201062,203956,208647,212332
21660,"Eugene-Springfield, OR (Metropolitan Statistical Area)",2002,      Military,1081,1130,1204,1113,1142,1075,1056,1034,1061,1044,1078,1059,1053,1037,1030,1008,1005,987
21780,"Evansville, IN-KY (Metropolitan Statistical Area)",,Employment by place of work,,,,,,,,,,,,,,,,,,
21780,"Evansville, IN-KY (Metropolitan Statistical Area)",10,Total employment (number of jobs),189688,188934,188816,187460,188590,189353,189398,189148,183626,184471,188291,188271,186857,189267,191203,191953,193728,196044
21780,"Evansville, IN-KY (Metropolitan Statistical Area)",2002,      Military,1013,996,1017,972,954,953,963,1008,1031,1032,1037,1004,998,980,974,957,958,942
21820,"Fairbanks, AK (Metropolitan Statistical Area) *",,Employment by place of work,,,,,,,,,,,,,,,,,,
21820,"Fairbanks, AK (Metropolitan Statistical Area) *",10,Total employment (number of jobs),51232,52613,52971,54102,55121,56731,57967,58040,57509,57318,58909,59373,58144,57185,58117,58488,58949,59454
21820,"Fairbanks, AK (Metropolitan Statistical Area) *",2002,      Military,7814,8012,7767,8173,7984,8923,9154,9164,9420,8621,9712,9351,8775,8328,9038,9523,9771,9777
22020,"Fargo, ND-MN (Metropolitan Statistical Area)",,Employment by place of work,,,,,,,,,,,,,,,,,,
22020,"Fargo, ND-MN (Metropolitan Statistical Area)",10,Total employment (number of jobs),128846,129742,131637,135324,139308,144064,148966,151713,151422,152299,156425,161529,166066,171337,174341,176228,178477,180612
22020,"Fargo, ND-MN (Metropolitan Statistical Area)",2002,      Military,1226,1229,1236,1215,1218,1265,1290,1289,1304,1328,1353,1338,1324,1304,1303,1291,1327,1313
22140,"Farmington, NM (Metropolitan Statistical Area)",,Employment by place of work,,,,,,,,,,,,,,,,,,
22140,"Farmington, NM (Metropolitan Statistical Area)",10,Total employment (number of jobs),56802,57347,58042,60223,62057,64092,65736,67365,64351,62510,63442,64476,64533,65447,65114,62547,62225,61839
22140,"Farmington, NM (Metropolitan Statistical Area)",2002,      Military,379,383,380,363,340,330,329,342,344,353,357,354,356,350,327,329,326,316
22180,"Fayetteville, NC (Metropolitan Statistical Area)",,Employment by place of work,,,,,,,,,,,,,,,,,,
22180,"Fayetteville, NC (Metropolitan Statistical Area)",10,Total employment (number of jobs),215091,219277,223180,228124,234800,239259,246441,249482,248677,248905,250818,249550,248770,248249,249085,252938,255597,257954
22180,"Fayetteville, NC (Metropolitan Statistical Area)",2002,      Military,44864,46411,48171,48299,48396,48236,50341,52628,53849,54989,53396,52207,50639,48646,48966,46783,46765,46799
22220,"Fayetteville-Springdale-Rogers, AR (Metropolitan Statistical Area)",,Employment by place of work,,,,,,,,,,,,,,,,,,
22220,"Fayetteville-Springdale-Rogers, AR (Metropolitan Statistical Area)",10,Total employment (number of jobs),208886,216346,222187,230625,244037,253470,257530,256032,248545,249946,256840,263197,269958,281218,292604,305165,314551,321574
22220,"Fayetteville-Springdale-Rogers, AR (Metropolitan Statistical Area)",2002,      Military,1782,1796,1871,1847,2220,2292,2281,2027,2086,1968,1965,2013,2110,2124,2143,2099,2059,2007
22380,"Flagstaff, AZ (Metropolitan Statistical Area)",,Employment by place of work,,,,,,,,,,,,,,,,,,
22380,"Flagstaff, AZ (Metropolitan Statistical Area)",10,Total employment (number of jobs),66819,67698,69161,72523,74562,76556,79194,78696,76109,76341,76961,78072,80103,81626,83483,85046,86713,87538
22380,"Flagstaff, AZ (Metropolitan Statistical Area)",2002,      Military,275,280,286,280,282,276,279,283,295,292,291,286,289,284,292,300,295,294
22420,"Flint, MI (Metropolitan Statistical Area)",,Employment by place of work,,,,,,,,,,,,,,,,,,
22420,"Flint, MI (Metropolitan Statistical Area)",10,Total employment (number of jobs),208522,206216,204035,205076,199141,199333,197347,189381,181507,179309,182703,182470,185571,187612,187279,186003,187742,189743
22420,"Flint, MI (Metropolitan Statistical Area)",2002,      Military,882,895,878,866,817,813,814,802,796,802,787,757,711,694,677,648,637,637
22500,"Florence, SC (Metropolitan Statistical Area)",,Employment by place of work,,,,,,,,,,,,,,,,,,
22500,"Florence, SC (Metropolitan Statistical Area)",10,Total employment (number of jobs),106048,106518,105208,105332,105676,107464,109510,109121,104986,104404,106929,107460,108522,109069,110761,111525,112609,115875
22500,"Florence, SC (Metropolitan Statistical Area)",2002,      Military,940,943,927,889,863,843,841,886,887,898,885,875,869,852,836,811,799,775
22520,"Florence-Muscle Shoals, AL (Metropolitan Statistical Area)",,Employment by place of work,,,,,,,,,,,,,,,,,,
22520,"Florence-Muscle Shoals, AL (Metropolitan Statistical Area)",10,Total employment (number of jobs),70339,67794,67531,68949,71142,73600,74996,74033,72415,72486,73883,73577,73905,74887,75135,75423,75573,76121
22520,"Florence-Muscle Shoals, AL (Metropolitan Statistical Area)",2002,      Military,837,816,802,911,845,846,822,691,712,710,720,685,675,667,654,639,628,612
22540,"Fond du Lac, WI (Metropolitan Statistical Area)",,Employment by place of work,,,,,,,,,,,,,,,,,,
22540,"Fond du Lac, WI (Metropolitan Statistical Area)",10,Total employment (number of jobs),58683,58998,58352,58529,58968,59304,59937,59767,56808,56460,57214,57437,58964,59839,60043,60119,60115,61500
22540,"Fond du Lac, WI (Metropolitan Statistical Area)",2002,      Military,337,331,327,315,295,302,287,293,290,282,281,281,276,272,271,263,260,262
22660,"Fort Collins, CO (Metropolitan Statistical Area)",,Employment by place of work,,,,,,,,,,,,,,,,,,
22660,"Fort Collins, CO (Metropolitan Statistical Area)",10,Total employment (number of jobs),170194,171113,171677,176191,180859,184627,190983,192586,188924,189251,193349,196967,203384,210449,217242,226451,233281,239842
22660,"Fort Collins, CO (Metropolitan Statistical Area)",2002,      Military,754,763,771,741,667,693,724,748,783,830,836,827,845,843,863,873,882,858
22900,"Fort Smith, AR-OK (Metropolitan Statistical Area)",,Employment by place of work,,,,,,,,,,,,,,,,,,
22900,"Fort Smith, AR-OK (Metropolitan Statistical Area)",10,Total employment (number of jobs),133586,132476,132613,134158,137292,140454,142476,141877,136486,134599,132397,132219,130884,131678,133229,134771,134374,135122
22900,"Fort Smith, AR-OK (Metropolitan Statistical Area)",2002,      Military,1355,1340,1357,1310,1446,1447,1418,1283,1256,1116,1104,1126,1141,1123,1107,1066,1036,998
23060,"Fort Wayne, IN (Metropolitan Statistical Area)",,Employment by place of work,,,,,,,,,,,,,,,,,,
23060,"Fort Wayne, IN (Metropolitan Statistical Area)",10,Total employment (number of jobs),243280,240687,237013,239512,242116,246947,250309,247713,236234,235585,240881,243327,243333,247292,252479,254710,258831,263991
23060,"Fort Wayne, IN (Metropolitan Statistical Area)",2002,      Military,1262,1232,1264,1204,1178,1183,1207,1277,1309,1311,1355,1298,1292,1279,1281,1245,1243,1234
23420,"Fresno, CA (Metropolitan Statistical Area)",,Employment by place of work,,,,,,,,,,,,,,,,,,
23420,"Fresno, CA (Metropolitan Statistical Area)",10,Total employment (number of jobs),399740,410513,411423,416389,424613,435397,445265,441468,424077,420791,426268,439605,455462,465042,475821,486909,497517,510394
23420,"Fresno, CA (Metropolitan Statistical Area)",2002,      Military,1548,1571,1722,1583,1495,1482,1577,1779,1803,1802,1630,1588,1578,1623,1684,1682,1638,1572
23460,"Gadsden, AL (Metropolitan Statistical Area)",,Employment by place of work,,,,,,,,,,,,,,,,,,
23460,"Gadsden, AL (Metropolitan Statistical Area)",10,Total employment (number of jobs),48338,49064,48002,49327,50115,49828,49838,49618,46996,46792,48421,48495,48600,49568,49731,50598,50527,50804
23460,"Gadsden, AL (Metropolitan Statistical Area)",2002,      Military,603,588,577,654,606,604,584,490,502,500,507,482,473,463,455,444,436,421
23540,"Gainesville, FL (Metropolitan Statistical Area)",,Employment by place of work,,,,,,,,,,,,,,,,,,
23540,"Gainesville, FL (Metropolitan Statistical Area)",10,Total employment (number of jobs),165423,167142,168457,173010,176134,179880,182003,179848,172835,170971,171780,172951,174937,179700,184286,187674,194216,198261
23540,"Gainesville, FL (Metropolitan Statistical Area)",2002,      Military,668,674,679,627,617,657,674,676,691,695,701,685,688,674,669,669,671,664
23580,"Gainesville, GA (Metropolitan Statistical Area)",,Employment by place of work,,,,,,,,,,,,,,,,,,
23580,"Gainesville, GA (Metropolitan Statistical Area)",10,Total employment (number of jobs),81018,81381,83278,85877,89023,92744,97240,97443,91963,92717,95786,96011,99657,102063,107204,111258,116052,119901
23580,"Gainesville, GA (Metropolitan Statistical Area)",2002,      Military,494,520,535,506,506,527,541,564,566,573,554,538,536,532,534,535,534,536
23900,"Gettysburg, PA (Metropolitan Statistical Area)",,Employment by place of work,,,,,,,,,,,,,,,,,,
23900,"Gettysburg, PA (Metropolitan Statistical Area)",10,Total employment (number of jobs),42614,43293,43866,44833,46439,47899,48286,47539,45689,45039,44677,45139,47114,47501,47590,48511,48936,49357
23900,"Gettysburg, PA (Metropolitan Statistical Area)",2002,      Military,302,302,307,294,284,291,277,270,264,263,256,262,259,257,258,256,255,251
24020,"Glens Falls, NY (Metropolitan Statistical Area)",,Employment by place of work,,,,,,,,,,,,,,,,,,
24020,"Glens Falls, NY (Metropolitan Statistical Area)",10,Total employment (number of jobs),65139,65403,66490,68542,69447,70191,71096,72890,71224,70234,70770,70839,70564,71300,71741,71292,71663,71640
24020,"Glens Falls, NY (Metropolitan Statistical Area)",2002,      Military,238,238,235,228,213,212,205,213,212,208,212,208,203,202,200,197,195,192
24140,"Goldsboro, NC (Metropolitan Statistical Area)",,Employment by place of work,,,,,,,,,,,,,,,,,,
24140,"Goldsboro, NC (Metropolitan Statistical Area)",10,Total employment (number of jobs),59739,59786,58552,58827,58868,59751,61543,60722,59757,58747,60034,59949,59386,59121,58951,58856,59175,59518
24140,"Goldsboro, NC (Metropolitan Statistical Area)",2002,      Military,4535,4556,4700,4902,4596,4436,4330,4446,4640,4885,4983,4846,4819,4576,4294,4325,4488,4708
24220,"Grand Forks, ND-MN (Metropolitan Statistical Area)",,Employment by place of work,,,,,,,,,,,,,,,,,,
24220,"Grand Forks, ND-MN (Metropolitan Statistical Area)",10,Total employment (number of jobs),65352,65622,66495,67733,69046,69872,70645,69995,69557,69234,69292,71410,71774,72208,72770,72511,72535,72559
24220,"Grand Forks, ND-MN (Metropolitan Statistical Area)",2002,      Military,3269,3335,3357,3391,3160,2970,2799,2643,2327,2144,1905,2060,2162,2096,2033,2033,2134,2130
24260,"Grand Island, NE (Metropolitan Statistical Area)",,Employment by place of work,,,,,,,,,,,,,,,,,,
24260,"Grand Island, NE (Metropolitan Statistical Area)",10,Total employment (number of jobs),45317,44652,44908,45228,46165,47288,48150,48903,48927,48642,49680,50685,51317,51595,51136,51370,51605,51932
24260,"Grand Island, NE (Metropolitan Statistical Area)",2002,      Military,278,281,293,298,273,280,276,302,308,299,299,293,279,274,268,261,260,258
24300,"Grand Junction, CO (Metropolitan Statistical Area)",,Employment by place of work,,,,,,,,,,,,,,,,,,
24300,"Grand Junction, CO (Metropolitan Statistical Area)",10,Total employment (number of jobs),71083,72725,73953,76252,79069,82251,87490,90899,86309,83210,83893,84751,84923,86748,86518,86815,88939,91009
24300,"Grand Junction, CO (Metropolitan Statistical Area)",2002,      Military,330,341,347,340,308,324,348,362,381,395,397,395,394,385,387,392,390,379
24340,"Grand Rapids-Kentwood, MI (Metropolitan Statistical Area)",,Employment by place of work,,,,,,,,,,,,,,,,,,
24340,"Grand Rapids-Kentwood, MI (Metropolitan Statistical Area)",10,Total employment (number of jobs),611718,603724,602504,613650,622729,621166,622413,612240,578845,580527,605097,623491,642103,661204,681446,702946,717718,734356
24340,"Grand Rapids-Kentwood, MI (Metropolitan Statistical Area)",2002,      Military,1962,2012,2089,1972,1873,1976,1951,1885,1905,1932,1971,1933,1851,1835,1817,1761,1753,1778
24420,"Grants Pass, OR (Metropolitan Statistical Area)",,Employment by place of work,,,,,,,,,,,,,,,,,,
24420,"Grants Pass, OR (Metropolitan Statistical Area)",10,Total employment (number of jobs),33417,33916,35230,36699,37991,38788,38856,37739,35858,34891,35008,34959,35028,36106,37093,37693,38748,40057
24420,"Grants Pass, OR (Metropolitan Statistical Area)",2002,      Military,247,256,258,253,246,244,237,231,235,232,232,229,227,222,219,212,209,204
24500,"Great Falls, MT (Metropolitan Statistical Area)",,Employment by place of work,,,,,,,,,,,,,,,,,,
24500,"Great Falls, MT (Metropolitan Statistical Area)",10,Total employment (number of jobs),47844,47693,47643,48326,48759,49919,50132,50810,50231,49971,49736,49761,50033,50087,50301,50146,50394,50726
24500,"Great Falls, MT (Metropolitan Statistical Area)",2002,      Military,3918,3897,4037,4053,3934,3887,3735,3689,3479,3583,3502,3595,3660,3546,3475,3476,3471,3499
24540,"Greeley, CO (Metropolitan Statistical Area) *",,Employment by place of work,,,,,,,,,,,,,,,,,,
24540,"Greeley, CO (Metropolitan Statistical Area) *",10,Total employment (number of jobs),103132,104924,108331,112357,116668,121484,126301,125730,122003,121409,126413,129876,136790,146123,150079,148640,156411,162136
24540,"Greeley, CO (Metropolitan Statistical Area) *",2002,      Military,535,568,585,577,529,557,594,619,642,688,695,693,708,705,723,745,768,756
24580,"Green Bay, WI (Metropolitan Statistical Area)",,Employment by place of work,,,,,,,,,,,,,,,,,,
24580,"Green Bay, WI (Metropolitan Statistical Area)",10,Total employment (number of jobs),195881,195984,199248,204045,205762,206832,209193,207798,202060,201974,204703,206579,208635,210984,213859,215828,218434,222303
24580,"Green Bay, WI (Metropolitan Statistical Area)",2002,      Military,1041,1035,1067,1003,936,950,905,914,906,892,906,906,892,880,874,854,848,846
24660,"Greensboro-High Point, NC (Metropolitan Statistical Area)",,Employment by place of work,,,,,,,,,,,,,,,,,,
24660,"Greensboro-High Point, NC (Metropolitan Statistical Area)",10,Total employment (number of jobs),436712,431446,430127,437752,445612,455391,464629,460767,437294,434446,443003,445779,450703,457323,466094,470860,473309,478400
24660,"Greensboro-High Point, NC (Metropolitan Statistical Area)",2002,      Military,1865,1895,1989,1772,1755,1814,1850,1858,1830,1822,1935,1911,1870,1844,1837,1794,1753,1697
24780,"Greenville, NC (Metropolitan Statistical Area)",,Employment by place of work,,,,,,,,,,,,,,,,,,
24780,"Greenville, NC (Metropolitan Statistical Area)",10,Total employment (number of jobs),80176,80735,81225,83747,86281,89256,93882,94593,91737,91866,93859,95599,96308,97881,98448,99310,100461,102454
24780,"Greenville, NC (Metropolitan Statistical Area)",2002,      Military,387,395,406,378,366,392,407,421,417,419,453,473,462,452,453,446,436,424
24860,"Greenville-Anderson, SC (Metropolitan Statistical Area)",,Employment by place of work,,,,,,,,,,,,,,,,,,
24860,"Greenville-Anderson, SC (Metropolitan Statistical Area)",10,Total employment (number of jobs),440664,428775,430601,435716,446423,457273,470173,470312,445295,444311,462592,466221,476286,491118,507323,516658,529452,544548
24860,"Greenville-Anderson, SC (Metropolitan Statistical Area)",2002,      Military,3588,3604,3578,3432,3368,3301,3341,3544,3585,3641,3626,3553,3540,3489,3485,3436,3429,3364
25060,"Gulfport-Biloxi, MS (Metropolitan Statistical Area)",,Employment by place of work,,,,,,,,,,,,,,,,,,
25060,"Gulfport-Biloxi, MS (Metropolitan Statistical Area)",10,Total employment (number of jobs),213234,212995,215168,215075,205255,201743,214728,217791,213003,213877,212487,212589,214893,215156,214586,216033,217984,219875
25060,"Gulfport-Biloxi, MS (Metropolitan Statistical Area)",2002,      Military,15946,15886,16440,15869,13321,11841,12051,12782,12602,12743,12244,11647,10987,10461,9649,9867,9897,9833
25180,"Hagerstown-Martinsburg, MD-WV (Metropolitan Statistical Area)",,Employment by place of work,,,,,,,,,,,,,,,,,,
25180,"Hagerstown-Martinsburg, MD-WV (Metropolitan Statistical Area)",10,Total employment (number of jobs),118685,118963,120742,123473,127898,130836,132391,131015,127113,126562,129309,132926,134164,135343,136184,137034,138739,141104
25180,"Hagerstown-Martinsburg, MD-WV (Metropolitan Statistical Area)",2002,      Military,995,1002,1021,1004,1011,1017,1055,1099,1103,1114,1149,1150,1143,1147,1133,1119,1132,1150
25220,"Hammond, LA (Metropolitan Statistical Area)",,Employment by place of work,,,,,,,,,,,,,,,,,,
25220,"Hammond, LA (Metropolitan Statistical Area)",10,Total employment (number of jobs),46530,46879,48697,50294,52420,57421,59683,60137,59761,60129,60288,60275,60200,60857,60761,62727,64968,65454
25220,"Hammond, LA (Metropolitan Statistical Area)",2002,      Military,524,522,518,497,477,494,495,504,498,587,577,569,585,583,559,556,554,491
25260,"Hanford-Corcoran, CA (Metropolitan Statistical Area)",,Employment by place of work,,,,,,,,,,,,,,,,,,
25260,"Hanford-Corcoran, CA (Metropolitan Statistical Area)",10,Total employment (number of jobs),48875,53293,55626,56222,57079,57125,58761,58713,56878,56175,56158,56739,57516,59717,60540,60688,62009,63771
25260,"Hanford-Corcoran, CA (Metropolitan Statistical Area)",2002,      Military,5356,6229,6910,7228,7194,7176,6842,6505,5658,5671,5595,5180,5068,5123,5146,4998,4891,4960
25420,"Harrisburg-Carlisle, PA (Metropolitan Statistical Area)",,Employment by place of work,,,,,,,,,,,,,,,,,,
25420,"Harrisburg-Carlisle, PA (Metropolitan Statistical Area)",10,Total employment (number of jobs),374212,376379,377860,382824,386116,393455,397219,397581,389711,387050,391078,393306,398124,402878,409384,412640,417661,424549
25420,"Harrisburg-Carlisle, PA (Metropolitan Statistical Area)",2002,      Military,2511,2617,2574,2384,2285,2351,2201,2155,2113,2127,2170,2240,2252,2247,2303,2235,2185,2163
25500,"Harrisonburg, VA (Metropolitan Statistical Area) *",,Employment by place of work,,,,,,,,,,,,,,,,,,
25500,"Harrisonburg, VA (Metropolitan Statistical Area) *",10,Total employment (number of jobs),71676,72157,72919,74115,74983,77390,79009,79039,77220,77309,78824,79301,79909,80881,82068,84274,85377,86646
25500,"Harrisonburg, VA (Metropolitan Statistical Area) *",2002,      Military,394,403,402,392,379,374,375,397,398,398,376,381,390,389,396,391,400,408
25540,"Hartford-East Hartford-Middletown, CT (Metropolitan Statistical Area)",,Employment by place of work,,,,,,,,,,,,,,,,,,
25540,"Hartford-East Hartford-Middletown, CT (Metropolitan Statistical Area)",10,Total employment (number of jobs),765606,757708,752250,763538,775261,786925,801933,807415,785190,774625,786151,791456,798580,806914,813676,816129,820493,828173
25540,"Hartford-East Hartford-Middletown, CT (Metropolitan Statistical Area)",2002,      Military,2782,2735,2795,2441,2167,2377,2208,2190,2283,2346,2394,2402,2454,2435,2433,2441,2473,2433
25620,"Hattiesburg, MS (Metropolitan Statistical Area)",,Employment by place of work,,,,,,,,,,,,,,,,,,
25620,"Hattiesburg, MS (Metropolitan Statistical Area)",10,Total employment (number of jobs),76420,77225,78100,78713,80555,85805,88479,87815,86219,86345,87325,88382,89258,91541,93175,93573,95650,96754
25620,"Hattiesburg, MS (Metropolitan Statistical Area)",2002,      Military,1141,1162,1172,1141,1152,1127,1123,1163,1181,1262,1355,1374,1364,1317,1384,1351,1298,1296
25860,"Hickory-Lenoir-Morganton, NC (Metropolitan Statistical Area)",,Employment by place of work,,,,,,,,,,,,,,,,,,
25860,"Hickory-Lenoir-Morganton, NC (Metropolitan Statistical Area)",10,Total employment (number of jobs),215026,206898,201090,203385,203025,205211,205462,200169,185648,182847,185630,185886,187055,188528,191485,194770,198295,201105
25860,"Hickory-Lenoir-Morganton, NC (Metropolitan Statistical Area)",2002,      Military,965,970,977,897,850,899,917,926,907,896,939,918,893,873,865,844,821,792
25940,"Hilton Head Island-Bluffton, SC (Metropolitan Statistical Area)",,Employment by place of work,,,,,,,,,,,,,,,,,,
25940,"Hilton Head Island-Bluffton, SC (Metropolitan Statistical Area)",10,Total employment (number of jobs),92982,94863,97376,101288,105260,109635,112983,110918,105838,103807,104363,106089,108036,111522,115583,118877,123086,127088
25940,"Hilton Head Island-Bluffton, SC (Metropolitan Statistical Area)",2002,      Military,11669,12044,11610,11384,11332,11280,11655,11587,10818,10103,10241,10457,10543,9959,10549,10538,10830,10556
25980,"Hinesville, GA (Metropolitan Statistical Area)",,Employment by place of work,,,,,,,,,,,,,,,,,,
25980,"Hinesville, GA (Metropolitan Statistical Area)",10,Total employment (number of jobs),34716,34713,35794,37376,37293,37608,38874,41570,41165,42508,44250,43430,43176,42009,41520,40776,41824,42175
25980,"Hinesville, GA (Metropolitan Statistical Area)",2002,      Military,15387,15032,15984,16434,16189,15502,16347,17745,17279,18263,19087,18538,17937,16766,16290,15479,15477,15315
26140,"Homosassa Springs, FL (Metropolitan Statistical Area)",,Employment by place of work,,,,,,,,,,,,,,,,,,
26140,"Homosassa Springs, FL (Metropolitan Statistical Area)",10,Total employment (number of jobs),41251,41905,42829,44819,47674,50648,51287,49583,47289,46761,46578,46871,46808,47078,47827,48762,49862,50513
26140,"Homosassa Springs, FL (Metropolitan Statistical Area)",2002,      Military,257,267,268,245,248,268,276,275,279,284,277,283,287,276,254,326,256,254
26300,"Hot Springs, AR (Metropolitan Statistical Area)",,Employment by place of work,,,,,,,,,,,,,,,,,,
26300,"Hot Springs, AR (Metropolitan Statistical Area)",10,Total employment (number of jobs),48005,47862,48612,49727,51052,52168,52990,52336,51467,50918,51177,51561,51640,52153,52084,52131,52438,53599
26300,"Hot Springs, AR (Metropolitan Statistical Area)",2002,      Military,474,468,475,457,533,538,520,455,460,424,417,420,436,429,423,407,391,378
26380,"Houma-Thibodaux, LA (Metropolitan Statistical Area)",,Employment by place of work,,,,,,,,,,,,,,,,,,
26380,"Houma-Thibodaux, LA (Metropolitan Statistical Area)",10,Total employment (number of jobs),99867,102116,103898,104125,108049,115415,120804,123100,119739,119412,118227,121800,126518,129183,124444,116687,114068,115815
26380,"Houma-Thibodaux, LA (Metropolitan Statistical Area)",2002,      Military,1072,1055,1050,1006,956,949,928,938,922,1080,1052,1035,1056,1045,999,978,966,869
26420,"Houston-The Woodlands-Sugar Land, TX (Metropolitan Statistical Area)",,Employment by place of work,,,,,,,,,,,,,,,,,,
26420,"Houston-The Woodlands-Sugar Land, TX (Metropolitan Statistical Area)",10,Total employment (number of jobs),2877532,2901048,2921541,2974098,3078388,3209343,3331799,3456148,3431276,3435171,3546818,3675499,3809211,3950561,4049493,4043276,4180623,4284476
26420,"Houston-The Woodlands-Sugar Land, TX (Metropolitan Statistical Area)",2002,      Military,13641,14078,14094,14323,13576,13903,14276,15107,15499,15244,14998,14834,14699,14632,14765,14914,15107,15035
26580,"Huntington-Ashland, WV-KY-OH (Metropolitan Statistical Area)",,Employment by place of work,,,,,,,,,,,,,,,,,,
26580,"Huntington-Ashland, WV-KY-OH (Metropolitan Statistical Area)",10,Total employment (number of jobs),170396,169975,171333,173535,174516,176397,180405,180445,174367,173771,174018,174889,173869,174349,173590,171895,172970,173661
26580,"Huntington-Ashland, WV-KY-OH (Metropolitan Statistical Area)",2002,      Military,1581,1587,1576,1559,1520,1506,1513,1568,1574,1565,1606,1627,1601,1571,1535,1496,1476,1427
26620,"Huntsville, AL (Metropolitan Statistical Area)",,Employment by place of work,,,,,,,,,,,,,,,,,,
26620,"Huntsville, AL (Metropolitan Statistical Area)",10,Total employment (number of jobs),226046,225574,230523,237472,244689,252344,263130,267107,262881,262764,266691,267871,271678,274569,280587,286972,294365,301390
26620,"Huntsville, AL (Metropolitan Statistical Area)",2002,      Military,3671,3439,3320,3667,3395,3526,3498,3202,3512,3532,3378,2781,2775,2762,2752,2696,2654,2623
26820,"Idaho Falls, ID (Metropolitan Statistical Area)",,Employment by place of work,,,,,,,,,,,,,,,,,,
26820,"Idaho Falls, ID (Metropolitan Statistical Area)",10,Total employment (number of jobs),67441,68159,70441,72823,76232,79150,82923,82656,80095,80052,80140,79832,81086,82823,85547,88695,91395,94278
26820,"Idaho Falls, ID (Metropolitan Statistical Area)",2002,      Military,433,444,455,460,448,485,505,528,531,530,532,534,528,520,509,491,484,488
26900,"Indianapolis-Carmel-Anderson, IN (Metropolitan Statistical Area)",,Employment by place of work,,,,,,,,,,,,,,,,,,
26900,"Indianapolis-Carmel-Anderson, IN (Metropolitan Statistical Area)",10,Total employment (number of jobs),1095475,1089132,1096058,1114589,1133886,1153305,1176677,1180108,1141299,1141412,1165477,1190492,1214279,1239078,1269181,1298889,1332514,1355155
26900,"Indianapolis-Carmel-Anderson, IN (Metropolitan Statistical Area)",2002,      Military,6638,6506,6719,6401,6304,6250,6288,6671,6861,6819,6791,6686,6704,6652,6755,6621,6611,6555
26980,"Iowa City, IA (Metropolitan Statistical Area)",,Employment by place of work,,,,,,,,,,,,,,,,,,
26980,"Iowa City, IA (Metropolitan Statistical Area)",10,Total employment (number of jobs),101247,103321,105134,107207,109151,111747,114856,116152,116043,115917,119002,121282,123992,124934,126647,129596,131233,131571
26980,"Iowa City, IA (Metropolitan Statistical Area)",2002,      Military,619,627,642,650,631,623,603,620,636,647,691,680,677,677,656,640,646,636
27060,"Ithaca, NY (Metropolitan Statistical Area)",,Employment by place of work,,,,,,,,,,,,,,,,,,
27060,"Ithaca, NY (Metropolitan Statistical Area)",10,Total employment (number of jobs),64225,64594,66031,67459,68246,68278,69485,70253,68613,67611,67421,68184,68895,67809,69670,69896,69929,70894
27060,"Ithaca, NY (Metropolitan Statistical Area)",2002,      Military,188,186,182,181,169,166,162,167,166,167,169,166,164,166,165,159,162,161
27100,"Jackson, MI (Metropolitan Statistical Area)",,Employment by place of work,,,,,,,,,,,,,,,,,,
27100,"Jackson, MI (Metropolitan Statistical Area)",10,Total employment (number of jobs),76959,76539,75903,77085,77179,75802,75170,74162,70410,69182,72195,72243,73852,74202,74820,75585,75398,76434
27100,"Jackson, MI (Metropolitan Statistical Area)",2002,      Military,306,311,306,302,286,286,288,284,284,288,284,275,261,257,251,241,240,240
27140,"Jackson, MS (Metropolitan Statistical Area)",,Employment by place of work,,,,,,,,,,,,,,,,,,
27140,"Jackson, MS (Metropolitan Statistical Area)",10,Total employment (number of jobs),324028,324326,329226,334948,340095,350993,357696,359792,354325,353866,359843,361090,366114,373037,378455,381211,383210,384815
27140,"Jackson, MS (Metropolitan Statistical Area)",2002,      Military,3653,3749,3788,3599,3583,3639,3605,3541,3556,3589,3631,3665,3531,3490,3486,3502,3392,3363
27180,"Jackson, TN (Metropolitan Statistical Area)",,Employment by place of work,,,,,,,,,,,,,,,,,,
27180,"Jackson, TN (Metropolitan Statistical Area)",10,Total employment (number of jobs),101082,99407,99396,100986,100977,102274,103593,103293,98665,98869,101112,102026,102097,103045,103819,105733,106452,107671
27180,"Jackson, TN (Metropolitan Statistical Area)",2002,      Military,642,641,632,592,568,575,585,600,596,592,593,577,565,552,537,523,505,487
27260,"Jacksonville, FL (Metropolitan Statistical Area)",,Employment by place of work,,,,,,,,,,,,,,,,,,
27260,"Jacksonville, FL (Metropolitan Statistical Area)",10,Total employment (number of jobs),682257,685898,706052,728218,752286,781243,794744,783542,750560,746907,762037,771167,787575,810722,839177,863778,909377,935281
27260,"Jacksonville, FL (Metropolitan Statistical Area)",2002,      Military,24754,25857,26335,26109,24442,24326,22208,20486,18969,18634,18134,16636,15298,14786,14521,13765,13257,13275
27340,"Jacksonville, NC (Metropolitan Statistical Area)",,Employment by place of work,,,,,,,,,,,,,,,,,,
27340,"Jacksonville, NC (Metropolitan Statistical Area)",10,Total employment (number of jobs),88590,90613,92408,95728,99289,102152,104594,109708,113560,114629,114456,113433,113476,112788,110286,111834,115950,115011
27340,"Jacksonville, NC (Metropolitan Statistical Area)",2002,      Military,35952,38063,39998,40904,43191,43175,43474,47263,50761,51451,50564,48718,47603,45761,43037,45068,47091,45576
27500,"Janesville-Beloit, WI (Metropolitan Statistical Area)",,Employment by place of work,,,,,,,,,,,,,,,,,,
27500,"Janesville-Beloit, WI (Metropolitan Statistical Area)",10,Total employment (number of jobs),83958,83122,83550,84840,85936,87118,87009,84580,78107,77420,77870,79446,80894,82047,83315,84027,85315,86558
27500,"Janesville-Beloit, WI (Metropolitan Statistical Area)",2002,      Military,537,527,520,506,474,487,464,474,466,451,452,450,442,437,433,422,418,417
27620,"Jefferson City, MO (Metropolitan Statistical Area)",,Employment by place of work,,,,,,,,,,,,,,,,,,
27620,"Jefferson City, MO (Metropolitan Statistical Area)",10,Total employment (number of jobs),96794,95941,97932,98610,99222,99545,100715,101618,100049,99159,98429,97656,98057,98175,98864,100650,101279,101578
27620,"Jefferson City, MO (Metropolitan Statistical Area)",2002,      Military,544,543,555,563,516,533,585,601,614,536,520,514,524,512,493,502,501,498
27740,"Johnson City, TN (Metropolitan Statistical Area)",,Employment by place of work,,,,,,,,,,,,,,,,,,
27740,"Johnson City, TN (Metropolitan Statistical Area)",10,Total employment (number of jobs),98166,96239,97295,100015,102263,103414,106084,105554,101327,100747,103422,103604,101654,102069,103394,104241,106274,106890
27740,"Johnson City, TN (Metropolitan Statistical Area)",2002,      Military,697,700,709,779,635,681,673,677,674,674,703,681,669,655,641,633,617,599
27780,"Johnstown, PA (Metropolitan Statistical Area)",,Employment by place of work,,,,,,,,,,,,,,,,,,
27780,"Johnstown, PA (Metropolitan Statistical Area)",10,Total employment (number of jobs),72951,71797,71477,72180,72655,74221,74950,75025,72738,72287,72198,71679,70681,69882,69164,68027,66721,66287
27780,"Johnstown, PA (Metropolitan Statistical Area)",2002,      Military,622,635,785,881,717,623,605,511,488,473,409,389,383,371,366,359,353,344
27860,"Jonesboro, AR (Metropolitan Statistical Area)",,Employment by place of work,,,,,,,,,,,,,,,,,,
27860,"Jonesboro, AR (Metropolitan Statistical Area)",10,Total employment (number of jobs),61014,61139,61586,62829,63514,64964,64741,64977,64443,65208,67910,68060,69162,70430,72461,74446,76950,77984
27860,"Jonesboro, AR (Metropolitan Statistical Area)",2002,      Military,571,563,574,554,645,646,635,560,573,532,530,539,560,554,555,537,521,501
27900,"Joplin, MO (Metropolitan Statistical Area)",,Employment by place of work,,,,,,,,,,,,,,,,,,
27900,"Joplin, MO (Metropolitan Statistical Area)",10,Total employment (number of jobs),99129,97883,97823,98482,99546,102126,105104,105170,101990,100016,101070,102073,101929,101433,101560,101742,102375,103562
27900,"Joplin, MO (Metropolitan Statistical Area)",2002,      Military,636,633,644,663,610,636,701,706,725,627,624,633,636,628,617,622,617,616
27980,"Kahului-Wailuku-Lahaina, HI (Metropolitan Statistical Area)",,Employment by place of work,,,,,,,,,,,,,,,,,,
27980,"Kahului-Wailuku-Lahaina, HI (Metropolitan Statistical Area)",10,Total employment (number of jobs),85069,85815,87997,91839,96095,98710,102898,101182,94943,93935,95096,97164,100042,102723,104675,106892,108761,110594
27980,"Kahului-Wailuku-Lahaina, HI (Metropolitan Statistical Area)",2002,      Military,1226,1126,1150,1132,1138,1143,1142,1151,1154,1161,1166,1149,1153,1142,1146,1159,1160,1192
28020,"Kalamazoo-Portage, MI (Metropolitan Statistical Area)",,Employment by place of work,,,,,,,,,,,,,,,,,,
28020,"Kalamazoo-Portage, MI (Metropolitan Statistical Area)",10,Total employment (number of jobs),148422,147622,146659,147672,148848,149364,151002,148550,143338,140779,141490,143342,145786,147914,150341,153155,155827,159335
28020,"Kalamazoo-Portage, MI (Metropolitan Statistical Area)",2002,      Military,472,483,477,471,442,445,450,451,458,469,467,456,434,431,427,414,413,416
28100,"Kankakee, IL (Metropolitan Statistical Area)",,Employment by place of work,,,,,,,,,,,,,,,,,,
28100,"Kankakee, IL (Metropolitan Statistical Area)",10,Total employment (number of jobs),53784,52857,52113,52379,53554,54878,55452,55182,54090,53693,53599,54818,55124,55373,55569,55149,56624,56689
28100,"Kankakee, IL (Metropolitan Statistical Area)",2002,      Military,223,227,224,214,202,212,219,223,223,226,222,219,217,212,211,212,215,212
28140,"Kansas City, MO-KS (Metropolitan Statistical Area)",,Employment by place of work,,,,,,,,,,,,,,,,,,
28140,"Kansas City, MO-KS (Metropolitan Statistical Area)",10,Total employment (number of jobs),1208113,1200000,1198497,1214807,1233735,1255225,1286659,1288893,1254465,1237277,1254941,1269552,1288951,1313880,1342743,1368339,1389620,1408379
28140,"Kansas City, MO-KS (Metropolitan Statistical Area)",2002,      Military,11904,11863,11811,11558,11221,11802,12086,11761,12041,11674,11521,11624,11760,11650,11408,11110,11107,11012
28420,"Kennewick-Richland, WA (Metropolitan Statistical Area)",,Employment by place of work,,,,,,,,,,,,,,,,,,
28420,"Kennewick-Richland, WA (Metropolitan Statistical Area)",10,Total employment (number of jobs),106138,109060,111933,113664,116263,117441,123032,127067,129446,134755,137296,138637,139040,141359,145211,148524,152252,156436
28420,"Kennewick-Richland, WA (Metropolitan Statistical Area)",2002,      Military,726,742,769,767,741,726,718,742,773,802,787,773,757,747,752,756,763,752
28660,"Killeen-Temple, TX (Metropolitan Statistical Area)",,Employment by place of work,,,,,,,,,,,,,,,,,,
28660,"Killeen-Temple, TX (Metropolitan Statistical Area)",10,Total employment (number of jobs),181905,184092,185268,187498,194934,203763,214008,222216,220670,216539,219858,219547,218809,219232,224730,224688,229364,231613
28660,"Killeen-Temple, TX (Metropolitan Statistical Area)",2002,      Military,42175,42069,43177,43219,44064,48137,53216,55605,54608,48486,48382,46043,42178,40271,40195,36125,35195,35560
28700,"Kingsport-Bristol, TN-VA (Metropolitan Statistical Area) *",,Employment by place of work,,,,,,,,,,,,,,,,,,
28700,"Kingsport-Bristol, TN-VA (Metropolitan Statistical Area) *",10,Total employment (number of jobs),158986,158930,158839,157418,159083,161822,162848,163301,157034,154844,158091,157063,156863,157349,156781,157867,158483,160418
28700,"Kingsport-Bristol, TN-VA (Metropolitan Statistical Area) *",2002,      Military,1135,1134,1125,1058,1014,1008,1021,1055,1045,1033,1042,1003,981,959,942,922,903,884
28740,"Kingston, NY (Metropolitan Statistical Area)",,Employment by place of work,,,,,,,,,,,,,,,,,,
28740,"Kingston, NY (Metropolitan Statistical Area)",10,Total employment (number of jobs),84862,85462,86617,86991,87641,88732,89799,89273,87247,86535,86146,85986,86816,88647,89271,90268,91007,92469
28740,"Kingston, NY (Metropolitan Statistical Area)",2002,      Military,340,342,337,323,303,302,298,311,309,302,307,304,298,290,290,284,283,283
28940,"Knoxville, TN (Metropolitan Statistical Area)",,Employment by place of work,,,,,,,,,,,,,,,,,,
28940,"Knoxville, TN (Metropolitan Statistical Area)",10,Total employment (number of jobs),429902,433333,438809,452211,460971,471865,480558,483283,463595,462463,470931,470540,473535,482040,491034,500771,508476,515988
28940,"Knoxville, TN (Metropolitan Statistical Area)",2002,      Military,2922,2927,2923,2752,2729,2714,2758,2812,2795,2795,2847,2768,2732,2683,2653,2609,2549,2482
29020,"Kokomo, IN (Metropolitan Statistical Area)",,Employment by place of work,,,,,,,,,,,,,,,,,,
29020,"Kokomo, IN (Metropolitan Statistical Area)",10,Total employment (number of jobs),54466,53920,52448,52038,51636,51247,50656,48220,43224,44555,45557,46485,47657,48397,48604,49829,49953,49415
29020,"Kokomo, IN (Metropolitan Statistical Area)",2002,      Military,294,285,289,274,266,264,265,278,281,278,279,268,265,260,258,248,247,242
29100,"La Crosse-Onalaska, WI-MN (Metropolitan Statistical Area)",,Employment by place of work,,,,,,,,,,,,,,,,,,
29100,"La Crosse-Onalaska, WI-MN (Metropolitan Statistical Area)",10,Total employment (number of jobs),88333,87533,88472,88138,89432,91459,92487,92633,90829,91117,92209,93979,95065,95400,95841,96657,97155,98157
29100,"La Crosse-Onalaska, WI-MN (Metropolitan Statistical Area)",2002,      Military,460,456,450,439,423,427,407,401,396,391,393,392,383,380,376,367,365,362
29180,"Lafayette, LA (Metropolitan Statistical Area)",,Employment by place of work,,,,,,,,,,,,,,,,,,
29180,"Lafayette, LA (Metropolitan Statistical Area)",10,Total employment (number of jobs),241219,241717,243521,244291,252865,266576,274647,281721,277490,278005,284493,292872,299502,303435,295271,286550,286617,290959
29180,"Lafayette, LA (Metropolitan Statistical Area)",2002,      Military,2248,2248,2220,2168,2045,2011,1975,1996,1969,2313,2280,2249,2309,2292,2197,2167,2126,1873
29200,"Lafayette-West Lafayette, IN (Metropolitan Statistical Area)",,Employment by place of work,,,,,,,,,,,,,,,,,,
29200,"Lafayette-West Lafayette, IN (Metropolitan Statistical Area)",10,Total employment (number of jobs),112123,111411,108782,109760,111853,114338,116329,116405,112440,112302,116157,119327,119794,122085,123172,125241,127572,130007
29200,"Lafayette-West Lafayette, IN (Metropolitan Statistical Area)",2002,      Military,653,646,665,646,644,655,672,715,732,729,734,714,709,700,711,700,710,703
29340,"Lake Charles, LA (Metropolitan Statistical Area)",,Employment by place of work,,,,,,,,,,,,,,,,,,
29340,"Lake Charles, LA (Metropolitan Statistical Area)",10,Total employment (number of jobs),108198,108036,107586,106568,108680,110930,113094,115652,112613,110785,112346,114545,117149,123690,129027,135640,143330,146168
29340,"Lake Charles, LA (Metropolitan Statistical Area)",2002,      Military,1029,1019,1007,960,920,883,875,900,918,1082,1056,1033,1053,1036,985,971,963,862
29420,"Lake Havasu City-Kingman, AZ (Metropolitan Statistical Area)",,Employment by place of work,,,,,,,,,,,,,,,,,,
29420,"Lake Havasu City-Kingman, AZ (Metropolitan Statistical Area)",10,Total employment (number of jobs),57796,59875,63760,67457,72539,75359,74677,70529,65562,64092,64077,63231,63999,65373,66867,67884,69977,71666
29420,"Lake Havasu City-Kingman, AZ (Metropolitan Statistical Area)",2002,      Military,367,377,399,405,417,418,427,433,447,440,438,433,438,425,434,440,440,447
29460,"Lakeland-Winter Haven, FL (Metropolitan Statistical Area)",,Employment by place of work,,,,,,,,,,,,,,,,,,
29460,"Lakeland-Winter Haven, FL (Metropolitan Statistical Area)",10,Total employment (number of jobs),232840,235387,238688,249751,266193,275020,276628,268495,258199,255704,258249,261791,266989,273846,281025,287210,301085,310399
29460,"Lakeland-Winter Haven, FL (Metropolitan Statistical Area)",2002,      Military,1048,1083,1086,995,1010,1098,1144,1147,1178,1213,1219,1167,1235,1228,1232,1229,1260,1270
29540,"Lancaster, PA (Metropolitan Statistical Area)",,Employment by place of work,,,,,,,,,,,,,,,,,,
29540,"Lancaster, PA (Metropolitan Statistical Area)",10,Total employment (number of jobs),287532,287524,287563,294482,300350,303188,307737,308123,299341,298774,300897,305697,309698,316714,323836,330402,334809,342536
29540,"Lancaster, PA (Metropolitan Statistical Area)",2002,      Military,1561,1560,1582,1501,1445,1485,1418,1389,1366,1374,1344,1384,1383,1373,1383,1373,1370,1353
29620,"Lansing-East Lansing, MI (Metropolitan Statistical Area)",,Employment by place of work,,,,,,,,,,,,,,,,,,
29620,"Lansing-East Lansing, MI (Metropolitan Statistical Area)",10,Total employment (number of jobs),305758,303963,304316,302526,299192,300257,301650,296431,282692,282885,285895,284715,286938,290492,293707,296913,300251,302536
29620,"Lansing-East Lansing, MI (Metropolitan Statistical Area)",2002,      Military,1426,1452,1527,1398,1384,1460,1438,1415,1421,1389,1209,1106,1052,1055,1062,1026,1026,1042
29700,"Laredo, TX (Metropolitan Statistical Area)",,Employment by place of work,,,,,,,,,,,,,,,,,,
29700,"Laredo, TX (Metropolitan Statistical Area)",10,Total employment (number of jobs),90442,95631,98782,103893,108658,113275,117861,119894,118445,119888,126846,128758,132186,135977,139297,140085,142170,145135
29700,"Laredo, TX (Metropolitan Statistical Area)",2002,      Military,503,519,529,536,509,518,534,569,582,575,570,560,551,540,534,534,538,536
29740,"Las Cruces, NM (Metropolitan Statistical Area)",,Employment by place of work,,,,,,,,,,,,,,,,,,
29740,"Las Cruces, NM (Metropolitan Statistical Area)",10,Total employment (number of jobs),78825,80989,83352,86099,89628,91995,94725,95890,94906,95627,97248,97093,98951,99350,99881,100621,100148,102594
29740,"Las Cruces, NM (Metropolitan Statistical Area)",2002,      Military,622,616,617,593,561,560,556,576,580,590,595,594,591,582,552,554,559,554
29820,"Las Vegas-Henderson-Paradise, NV (Metropolitan Statistical Area)",,Employment by place of work,,,,,,,,,,,,,,,,,,
29820,"Las Vegas-Henderson-Paradise, NV (Metropolitan Statistical Area)",10,Total employment (number of jobs),882073,896528,941654,1011906,1087078,1145464,1174103,1160263,1081892,1056986,1076766,1092996,1125631,1168817,1215757,1263139,1306107,1350621
29820,"Las Vegas-Henderson-Paradise, NV (Metropolitan Statistical Area)",2002,      Military,9720,10437,11113,11380,11399,11644,12202,13043,13311,14203,14944,15459,15780,15418,14999,15077,15472,15777
29940,"Lawrence, KS (Metropolitan Statistical Area)",,Employment by place of work,,,,,,,,,,,,,,,,,,
29940,"Lawrence, KS (Metropolitan Statistical Area)",10,Total employment (number of jobs),67353,65803,66165,67337,67579,68153,69124,67975,67419,66702,66327,66197,67805,69519,70423,71510,73719,74274
29940,"Lawrence, KS (Metropolitan Statistical Area)",2002,      Military,481,496,502,500,520,542,524,487,477,481,499,491,489,483,479,471,466,451
30020,"Lawton, OK (Metropolitan Statistical Area)",,Employment by place of work,,,,,,,,,,,,,,,,,,
30020,"Lawton, OK (Metropolitan Statistical Area)",10,Total employment (number of jobs),64488,64635,64923,66046,64462,67139,68756,69391,69558,71532,69613,68302,68862,68611,68975,68513,68739,68946
30020,"Lawton, OK (Metropolitan Statistical Area)",2002,      Military,14170,13594,12875,12864,11290,13195,13075,12595,12321,14238,13204,12246,12317,11466,11422,11036,11479,11716
30140,"Lebanon, PA (Metropolitan Statistical Area)",,Employment by place of work,,,,,,,,,,,,,,,,,,
30140,"Lebanon, PA (Metropolitan Statistical Area)",10,Total employment (number of jobs),58544,58829,59506,60913,62302,64150,65328,64936,64003,64608,66020,67515,67425,67164,66936,67303,67479,68829
30140,"Lebanon, PA (Metropolitan Statistical Area)",2002,      Military,414,407,411,402,397,457,452,426,414,392,346,357,355,352,355,353,353,351
30300,"Lewiston, ID-WA (Metropolitan Statistical Area)",,Employment by place of work,,,,,,,,,,,,,,,,,,
30300,"Lewiston, ID-WA (Metropolitan Statistical Area)",10,Total employment (number of jobs),33539,33446,33600,33585,33984,34467,35176,34975,33927,33982,33980,33494,34430,34869,35273,35880,36518,36332
30300,"Lewiston, ID-WA (Metropolitan Statistical Area)",2002,      Military,228,227,230,226,213,218,217,218,217,217,215,212,208,203,199,191,186,184
30340,"Lewiston-Auburn, ME (Metropolitan Statistical Area)",,Employment by place of work,,,,,,,,,,,,,,,,,,
30340,"Lewiston-Auburn, ME (Metropolitan Statistical Area)",10,Total employment (number of jobs),59480,60214,60114,60631,60554,61323,62993,62500,60515,60259,60362,60347,60398,61263,61709,62433,62683,63344
30340,"Lewiston-Auburn, ME (Metropolitan Statistical Area)",2002,      Military,491,481,465,434,402,395,385,415,359,344,340,345,345,340,343,339,328,322
30460,"Lexington-Fayette, KY (Metropolitan Statistical Area)",,Employment by place of work,,,,,,,,,,,,,,,,,,
30460,"Lexington-Fayette, KY (Metropolitan Statistical Area)",10,Total employment (number of jobs),297666,293692,296949,301335,307901,316801,324498,322909,312564,312898,317157,321742,327531,335648,345854,351668,356827,356470
30460,"Lexington-Fayette, KY (Metropolitan Statistical Area)",2002,      Military,1369,1401,1480,1412,1411,1447,1439,1474,1477,1555,1597,1612,1603,1606,1586,1572,1528,1561
30620,"Lima, OH (Metropolitan Statistical Area)",,Employment by place of work,,,,,,,,,,,,,,,,,,
30620,"Lima, OH (Metropolitan Statistical Area)",10,Total employment (number of jobs),69825,69133,68371,68615,68553,67907,66745,65417,62898,62432,62950,63339,63602,63383,63555,63392,63990,64205
30620,"Lima, OH (Metropolitan Statistical Area)",2002,      Military,282,291,290,284,266,263,256,264,267,264,263,259,257,253,255,253,249,248
30700,"Lincoln, NE (Metropolitan Statistical Area)",,Employment by place of work,,,,,,,,,,,,,,,,,,
30700,"Lincoln, NE (Metropolitan Statistical Area)",10,Total employment (number of jobs),196992,198177,200972,203838,206855,209583,213477,212954,209775,208789,210610,215151,218785,222000,226736,229348,231070,235742
30700,"Lincoln, NE (Metropolitan Statistical Area)",2002,      Military,1117,1140,1190,1217,1135,1177,1163,1252,1267,1228,1252,1229,1175,1172,1151,1126,1142,1123
30780,"Little Rock-North Little Rock-Conway, AR (Metropolitan Statistical Area)",,Employment by place of work,,,,,,,,,,,,,,,,,,
30780,"Little Rock-North Little Rock-Conway, AR (Metropolitan Statistical Area)",10,Total employment (number of jobs),395201,393400,397411,403985,412763,423919,432635,433707,426980,427388,435010,435672,438749,441876,448615,453234,459487,464482
30780,"Little Rock-North Little Rock-Conway, AR (Metropolitan Statistical Area)",2002,      Military,7842,7933,8136,8093,8556,8490,8589,8233,8408,8350,8336,8474,8750,8211,7538,6905,6428,6188
30860,"Logan, UT-ID (Metropolitan Statistical Area)",,Employment by place of work,,,,,,,,,,,,,,,,,,
30860,"Logan, UT-ID (Metropolitan Statistical Area)",10,Total employment (number of jobs),59183,60144,62064,64377,65734,68179,71644,72983,71800,71850,73553,74294,75295,77438,79637,81263,83619,85452
30860,"Logan, UT-ID (Metropolitan Statistical Area)",2002,      Military,532,541,555,541,549,537,518,526,545,546,565,557,547,538,541,539,527,530
30980,"Longview, TX (Metropolitan Statistical Area)",,Employment by place of work,,,,,,,,,,,,,,,,,,
30980,"Longview, TX (Metropolitan Statistical Area)",10,Total employment (number of jobs),143402,142651,143488,144629,149152,153906,160757,165638,161784,163902,166676,172032,174022,175402,174255,171258,170163,173710
30980,"Longview, TX (Metropolitan Statistical Area)",2002,      Military,633,641,638,632,590,592,600,632,642,623,614,596,575,558,548,543,544,538
31020,"Longview, WA (Metropolitan Statistical Area)",,Employment by place of work,,,,,,,,,,,,,,,,,,
31020,"Longview, WA (Metropolitan Statistical Area)",10,Total employment (number of jobs),47910,46430,46147,46412,47467,48319,49380,48587,46239,45873,45880,45861,46456,48213,48554,48801,50108,50753
31020,"Longview, WA (Metropolitan Statistical Area)",2002,      Military,338,338,339,336,322,316,311,314,316,317,303,290,281,274,274,276,277,273
31080,"Los Angeles-Long Beach-Anaheim, CA (Metropolitan Statistical Area)",,Employment by place of work,,,,,,,,,,,,,,,,,,
31080,"Los Angeles-Long Beach-Anaheim, CA (Metropolitan Statistical Area)",10,Total employment (number of jobs),7247391,7236765,7270628,7374051,7475717,7603489,7727181,7623443,7303651,7244649,7398718,7684611,7926256,8163889,8402650,8563780,8685121,8889754
31080,"Los Angeles-Long Beach-Anaheim, CA (Metropolitan Statistical Area)",2002,      Military,26705,27237,27366,26583,25507,24626,23690,24046,24145,23985,23425,23702,23685,23144,22600,22373,22409,22106
31140,"Louisville/Jefferson County, KY-IN (Metropolitan Statistical Area)",,Employment by place of work,,,,,,,,,,,,,,,,,,
31140,"Louisville/Jefferson County, KY-IN (Metropolitan Statistical Area)",10,Total employment (number of jobs),705441,696603,695620,703467,715555,729842,744101,739848,715565,713517,723731,738035,752535,769658,788012,805176,819134,829070
31140,"Louisville/Jefferson County, KY-IN (Metropolitan Statistical Area)",2002,      Military,3836,3858,3864,3721,3744,3828,3919,4037,4051,4185,4223,4219,4196,4147,4096,4027,3920,3966
31180,"Lubbock, TX (Metropolitan Statistical Area)",,Employment by place of work,,,,,,,,,,,,,,,,,,
31180,"Lubbock, TX (Metropolitan Statistical Area)",10,Total employment (number of jobs),157772,157232,156117,158613,161147,164127,166211,170038,170816,170484,174057,176461,181110,184462,188264,193991,198855,200848
31180,"Lubbock, TX (Metropolitan Statistical Area)",2002,      Military,677,695,757,700,663,677,664,678,686,682,706,685,669,654,636,629,637,630
31340,"Lynchburg, VA (Metropolitan Statistical Area) *",,Employment by place of work,,,,,,,,,,,,,,,,,,
31340,"Lynchburg, VA (Metropolitan Statistical Area) *",10,Total employment (number of jobs),127137,124534,124264,126419,129811,132755,135949,137054,133014,131504,131578,132229,132785,134224,135034,135098,136887,138639
31340,"Lynchburg, VA (Metropolitan Statistical Area) *",2002,      Military,853,863,855,891,835,823,807,832,830,827,782,804,822,815,822,815,826,831
31420,"Macon-Bibb County, GA (Metropolitan Statistical Area)",,Employment by place of work,,,,,,,,,,,,,,,,,,
31420,"Macon-Bibb County, GA (Metropolitan Statistical Area)",10,Total employment (number of jobs),123568,123274,124397,126769,127960,128869,129865,131938,126729,126182,128211,129506,130171,132991,134823,133494,136684,137820
31420,"Macon-Bibb County, GA (Metropolitan Statistical Area)",2002,      Military,883,904,907,859,836,821,820,833,831,829,788,756,741,652,624,610,605,602
31460,"Madera, CA (Metropolitan Statistical Area)",,Employment by place of work,,,,,,,,,,,,,,,,,,
31460,"Madera, CA (Metropolitan Statistical Area)",10,Total employment (number of jobs),50566,51998,54041,56155,57801,60055,60959,59936,58448,57484,57253,59606,61067,62805,61459,63749,64699,66286
31460,"Madera, CA (Metropolitan Statistical Area)",2002,      Military,221,225,231,232,223,224,222,232,234,234,232,234,232,228,222,220,222,219
31540,"Madison, WI (Metropolitan Statistical Area)",,Employment by place of work,,,,,,,,,,,,,,,,,,
31540,"Madison, WI (Metropolitan Statistical Area)",10,Total employment (number of jobs),414371,417989,422526,432853,442110,447330,454846,454618,444144,444555,454166,462205,468463,477995,488721,501988,506517,514279
31540,"Madison, WI (Metropolitan Statistical Area)",2002,      Military,1950,1947,1946,2025,1847,1855,1839,1826,1797,1761,1813,1812,1808,1791,1810,1786,1788,1800
31700,"Manchester-Nashua, NH (Metropolitan Statistical Area)",,Employment by place of work,,,,,,,,,,,,,,,,,,
31700,"Manchester-Nashua, NH (Metropolitan Statistical Area)",10,Total employment (number of jobs),245028,242388,246090,250596,255100,256756,260416,258229,250764,247058,249484,250653,254367,258588,264855,269116,272444,277098
31700,"Manchester-Nashua, NH (Metropolitan Statistical Area)",2002,      Military,1277,1284,1456,1306,1211,1160,1172,1280,1368,1410,1374,1362,1376,1363,1360,1389,1422,1400
31740,"Manhattan, KS (Metropolitan Statistical Area)",,Employment by place of work,,,,,,,,,,,,,,,,,,
31740,"Manhattan, KS (Metropolitan Statistical Area)",10,Total employment (number of jobs),72131,70552,71515,73407,73636,77822,83397,86711,87487,89283,88981,89097,88196,88921,89196,88032,90114,90555
31740,"Manhattan, KS (Metropolitan Statistical Area)",2002,      Military,10481,10282,10745,10960,10145,12123,15161,16245,17111,19145,19403,19331,17996,17881,17645,16239,15680,15377
31860,"Mankato, MN (Metropolitan Statistical Area)",,Employment by place of work,,,,,,,,,,,,,,,,,,
31860,"Mankato, MN (Metropolitan Statistical Area)",10,Total employment (number of jobs),61726,62351,62587,63325,65189,67013,67773,67301,65739,65596,66932,67085,68260,68721,70058,70602,71585,72337
31860,"Mankato, MN (Metropolitan Statistical Area)",2002,      Military,322,328,334,345,389,383,402,352,343,355,388,387,385,369,356,354,355,352
31900,"Mansfield, OH (Metropolitan Statistical Area)",,Employment by place of work,,,,,,,,,,,,,,,,,,
31900,"Mansfield, OH (Metropolitan Statistical Area)",10,Total employment (number of jobs),74473,73890,72842,72726,72383,72402,71443,70018,65881,64781,66089,64818,64764,65567,65082,65004,64605,65434
31900,"Mansfield, OH (Metropolitan Statistical Area)",2002,      Military,332,342,341,333,311,310,299,308,311,304,302,301,298,293,292,291,288,287
32580,"McAllen-Edinburg-Mission, TX (Metropolitan Statistical Area)",,Employment by place of work,,,,,,,,,,,,,,,,,,
32580,"McAllen-Edinburg-Mission, TX (Metropolitan Statistical Area)",10,Total employment (number of jobs),220968,230567,242793,256668,270969,282999,302755,308229,310579,316440,329907,335365,342957,354051,362052,368643,375913,385547
32580,"McAllen-Edinburg-Mission, TX (Metropolitan Statistical Area)",2002,      Military,1495,1551,1587,1617,1543,1576,1626,1750,1802,1798,1825,1835,1815,1731,1707,1720,1734,1730
32780,"Medford, OR (Metropolitan Statistical Area)",,Employment by place of work,,,,,,,,,,,,,,,,,,
32780,"Medford, OR (Metropolitan Statistical Area)",10,Total employment (number of jobs),103859,103968,107562,111967,115395,117401,119400,116112,110154,109131,109021,109916,112515,114828,117852,120252,122841,126120
32780,"Medford, OR (Metropolitan Statistical Area)",2002,      Military,598,622,632,620,603,591,578,566,580,573,579,573,568,560,550,534,526,515
32820,"Memphis, TN-MS-AR (Metropolitan Statistical Area)",,Employment by place of work,,,,,,,,,,,,,,,,,,
32820,"Memphis, TN-MS-AR (Metropolitan Statistical Area)",10,Total employment (number of jobs),758173,754664,756930,765700,777265,796326,811693,808339,780007,778121,792172,797051,801067,813981,826563,840730,850468,863932
32820,"Memphis, TN-MS-AR (Metropolitan Statistical Area)",2002,      Military,6923,6928,6987,6636,6570,6768,6945,6890,6762,6683,6290,5957,5868,5818,5807,5609,5455,5361
32900,"Merced, CA (Metropolitan Statistical Area)",,Employment by place of work,,,,,,,,,,,,,,,,,,
32900,"Merced, CA (Metropolitan Statistical Area)",10,Total employment (number of jobs),82590,87067,87520,87874,87573,90187,92968,90756,88875,88611,88469,92113,94673,97891,99985,100885,104048,106327
32900,"Merced, CA (Metropolitan Statistical Area)",2002,      Military,408,416,422,421,403,399,394,409,412,415,411,414,411,404,396,393,397,393
33100,"Miami-Fort Lauderdale-Pompano Beach, FL (Metropolitan Statistical Area)",,Employment by place of work,,,,,,,,,,,,,,,,,,
33100,"Miami-Fort Lauderdale-Pompano Beach, FL (Metropolitan Statistical Area)",10,Total employment (number of jobs),2854679,2884746,2947087,3033206,3153331,3234598,3292421,3238672,3113043,3125007,3232075,3317113,3435012,3586362,3752532,3837308,3968762,4069251
33100,"Miami-Fort Lauderdale-Pompano Beach, FL (Metropolitan Statistical Area)",2002,      Military,13878,14292,14238,13129,13171,13639,13656,13538,13752,14185,14060,13969,14189,13887,14055,13954,14092,13990
33140,"Michigan City-La Porte, IN (Metropolitan Statistical Area)",,Employment by place of work,,,,,,,,,,,,,,,,,,
33140,"Michigan City-La Porte, IN (Metropolitan Statistical Area)",10,Total employment (number of jobs),58597,57869,56932,56935,57591,57497,57996,57091,54442,53238,53913,53668,53428,53496,53291,53115,53246,53496
33140,"Michigan City-La Porte, IN (Metropolitan Statistical Area)",2002,      Military,378,370,377,358,348,347,351,371,378,376,376,364,361,350,349,338,334,328
33220,"Midland, MI (Metropolitan Statistical Area)",,Employment by place of work,,,,,,,,,,,,,,,,,,
33220,"Midland, MI (Metropolitan Statistical Area)",10,Total employment (number of jobs),45811,45388,44687,44371,44863,45446,46416,46547,45169,45043,45974,45863,46560,47545,47781,47547,47327,48061
33220,"Midland, MI (Metropolitan Statistical Area)",2002,      Military,168,170,167,165,155,154,155,154,155,157,156,151,142,140,137,132,130,130
33260,"Midland, TX (Metropolitan Statistical Area)",,Employment by place of work,,,,,,,,,,,,,,,,,,
33260,"Midland, TX (Metropolitan Statistical Area)",10,Total employment (number of jobs),78340,78309,81345,82457,86823,92598,97097,105642,102364,107924,113311,126039,133204,141811,142633,141385,146966,161109
33260,"Midland, TX (Metropolitan Statistical Area)",2002,      Military,304,308,307,307,288,294,303,325,333,324,325,329,329,328,333,333,337,346
33340,"Milwaukee-Waukesha, WI (Metropolitan Statistical Area)",,Employment by place of work,,,,,,,,,,,,,,,,,,
33340,"Milwaukee-Waukesha, WI (Metropolitan Statistical Area)",10,Total employment (number of jobs),1007270,993676,991375,1000338,1008163,1019482,1032273,1031665,990276,981214,994345,1000506,1014555,1025440,1037475,1044628,1054130,1067853
33340,"Milwaukee-Waukesha, WI (Metropolitan Statistical Area)",2002,      Military,5700,5605,5557,5459,5091,5144,4956,5028,4993,4841,4748,4719,4664,4593,4576,4443,4383,4356
33460,"Minneapolis-St. Paul-Bloomington, MN-WI (Metropolitan Statistical Area)",,Employment by place of work,,,,,,,,,,,,,,,,,,
33460,"Minneapolis-St. Paul-Bloomington, MN-WI (Metropolitan Statistical Area)",10,Total employment (number of jobs),2160572,2149673,2159233,2193049,2236087,2271775,2303992,2295814,2220758,2213817,2265061,2294188,2335216,2376134,2424810,2461089,2503165,2546419
33460,"Minneapolis-St. Paul-Bloomington, MN-WI (Metropolitan Statistical Area)",2002,      Military,12658,12817,13043,13283,14737,14499,15189,13416,13102,13252,13150,13125,12897,12726,12767,12717,12799,12679
33540,"Missoula, MT (Metropolitan Statistical Area)",,Employment by place of work,,,,,,,,,,,,,,,,,,
33540,"Missoula, MT (Metropolitan Statistical Area)",10,Total employment (number of jobs),68296,69240,70828,72124,73462,75245,77712,76966,75735,75059,76137,76750,77715,78869,80142,82159,83918,85572
33540,"Missoula, MT (Metropolitan Statistical Area)",2002,      Military,513,527,523,514,503,516,526,537,540,539,557,559,547,541,533,542,539,531
33660,"Mobile, AL (Metropolitan Statistical Area)",,Employment by place of work,,,,,,,,,,,,,,,,,,
33660,"Mobile, AL (Metropolitan Statistical Area)",10,Total employment (number of jobs),221613,219084,217261,218847,225206,232657,239469,240257,231767,232814,239023,235118,234460,236753,239780,241881,242879,245447
33660,"Mobile, AL (Metropolitan Statistical Area)",2002,      Military,3205,3208,3184,3559,3298,3392,3272,2930,3080,3048,3090,2963,2909,2812,2799,2730,2686,2661
33700,"Modesto, CA (Metropolitan Statistical Area)",,Employment by place of work,,,,,,,,,,,,,,,,,,
33700,"Modesto, CA (Metropolitan Statistical Area)",10,Total employment (number of jobs),211128,215168,217369,219983,224867,225192,228447,223665,212934,210904,212134,218345,224463,230525,237579,242515,247366,253760
33700,"Modesto, CA (Metropolitan Statistical Area)",2002,      Military,864,880,893,880,840,829,813,837,844,841,829,835,832,821,808,803,812,801
33740,"Monroe, LA (Metropolitan Statistical Area)",,Employment by place of work,,,,,,,,,,,,,,,,,,
33740,"Monroe, LA (Metropolitan Statistical Area)",10,Total employment (number of jobs),109919,111467,111044,110911,110477,111767,112767,112693,110885,110563,113128,114107,115355,116546,116732,117235,116520,117114
33740,"Monroe, LA (Metropolitan Statistical Area)",2002,      Military,1039,1028,1013,957,902,883,862,864,847,989,962,939,952,939,888,869,847,737
33780,"Monroe, MI (Metropolitan Statistical Area)",,Employment by place of work,,,,,,,,,,,,,,,,,,
33780,"Monroe, MI (Metropolitan Statistical Area)",10,Total employment (number of jobs),59030,58898,58696,58876,59054,59603,59132,57260,53469,52532,53377,54458,56250,57520,57931,57979,57797,58168
33780,"Monroe, MI (Metropolitan Statistical Area)",2002,      Military,297,303,298,298,283,285,286,284,285,288,284,274,257,254,248,237,235,236
33860,"Montgomery, AL (Metropolitan Statistical Area)",,Employment by place of work,,,,,,,,,,,,,,,,,,
33860,"Montgomery, AL (Metropolitan Statistical Area)",10,Total employment (number of jobs),209312,210012,212969,216880,222859,227676,234199,231517,223844,220603,221792,218631,219378,221193,222744,225511,228227,228294
33860,"Montgomery, AL (Metropolitan Statistical Area)",2002,      Military,6651,6594,6452,6300,5736,5542,5402,4881,4926,4790,4619,4421,4357,4241,4214,4305,4268,4252
34060,"Morgantown, WV (Metropolitan Statistical Area)",,Employment by place of work,,,,,,,,,,,,,,,,,,
34060,"Morgantown, WV (Metropolitan Statistical Area)",10,Total employment (number of jobs),63393,64332,64987,67260,69278,70374,73433,75367,76187,77855,78369,80642,81740,82919,84253,84127,86031,86947
34060,"Morgantown, WV (Metropolitan Statistical Area)",2002,      Military,594,597,600,607,591,581,596,625,633,634,632,643,643,646,648,632,624,633
34100,"Morristown, TN (Metropolitan Statistical Area)",,Employment by place of work,,,,,,,,,,,,,,,,,,
34100,"Morristown, TN (Metropolitan Statistical Area)",10,Total employment (number of jobs),64956,63886,64462,66066,65691,66402,66741,65924,61248,60947,61382,61631,62082,63093,64120,65317,66904,67771
34100,"Morristown, TN (Metropolitan Statistical Area)",2002,      Military,473,471,471,443,429,436,449,463,460,456,461,449,440,434,428,420,409,398
34580,"Mount Vernon-Anacortes, WA (Metropolitan Statistical Area)",,Employment by place of work,,,,,,,,,,,,,,,,,,
34580,"Mount Vernon-Anacortes, WA (Metropolitan Statistical Area)",10,Total employment (number of jobs),58680,58710,59854,60779,63202,64921,66686,66360,63177,62291,62388,62620,64896,66270,66727,67698,69176,71106
34580,"Mount Vernon-Anacortes, WA (Metropolitan Statistical Area)",2002,      Military,377,377,385,381,367,357,350,355,359,360,346,335,325,321,322,324,325,319
34620,"Muncie, IN (Metropolitan Statistical Area)",,Employment by place of work,,,,,,,,,,,,,,,,,,
34620,"Muncie, IN (Metropolitan Statistical Area)",10,Total employment (number of jobs),68548,65882,64632,63457,62542,63302,63379,62103,59146,57777,58559,58940,58993,58583,59592,60283,60370,60141
34620,"Muncie, IN (Metropolitan Statistical Area)",2002,      Military,404,386,392,370,355,350,352,369,379,374,375,358,355,347,345,333,330,322
34740,"Muskegon, MI (Metropolitan Statistical Area)",,Employment by place of work,,,,,,,,,,,,,,,,,,
34740,"Muskegon, MI (Metropolitan Statistical Area)",10,Total employment (number of jobs),79334,78856,79851,81907,82256,82617,81964,80353,75602,74814,76745,77708,78230,79805,80428,79856,81297,81955
34740,"Muskegon, MI (Metropolitan Statistical Area)",2002,      Military,347,355,350,349,334,336,338,339,339,343,336,330,312,307,303,293,289,281
34820,"Myrtle Beach-Conway-North Myrtle Beach, SC-NC (Metropolitan Statistical Area)",,Employment by place of work,,,,,,,,,,,,,,,,,,
34820,"Myrtle Beach-Conway-North Myrtle Beach, SC-NC (Metropolitan Statistical Area)",10,Total employment (number of jobs),161326,163517,168876,178122,189671,202101,208184,204744,194533,192085,197161,200115,205937,211146,216859,224557,231531,238527
34820,"Myrtle Beach-Conway-North Myrtle Beach, SC-NC (Metropolitan Statistical Area)",2002,      Military,1249,1287,1307,1279,1281,1324,1372,1469,1488,1519,1538,1534,1543,1549,1587,1597,1629,1642
34900,"Napa, CA (Metropolitan Statistical Area)",,Employment by place of work,,,,,,,,,,,,,,,,,,
34900,"Napa, CA (Metropolitan Statistical Area)",10,Total employment (number of jobs),83462,85105,85767,87004,87728,88027,91173,91679,88602,87944,89319,92257,96114,99855,103102,103088,104814,107800
34900,"Napa, CA (Metropolitan Statistical Area)",2002,      Military,229,230,231,226,212,209,206,214,217,217,214,216,215,212,207,204,203,198
34940,"Naples-Marco Island, FL (Metropolitan Statistical Area)",,Employment by place of work,,,,,,,,,,,,,,,,,,
34940,"Naples-Marco Island, FL (Metropolitan Statistical Area)",10,Total employment (number of jobs),151622,157775,168142,177642,182757,190179,186380,178682,169935,170283,176891,183066,190509,200949,210254,217112,222912,230183
34940,"Naples-Marco Island, FL (Metropolitan Statistical Area)",2002,      Military,563,597,605,559,570,607,616,612,629,648,643,633,644,641,644,660,669,652
34980,"Nashville-Davidson--Murfreesboro--Franklin, TN (Metropolitan Statistical Area)",,Employment by place of work,,,,,,,,,,,,,,,,,,
34980,"Nashville-Davidson--Murfreesboro--Franklin, TN (Metropolitan Statistical Area)",10,Total employment (number of jobs),943611,942326,953159,985139,1017222,1047270,1072095,1066093,1027675,1028788,1056969,1090660,1126502,1173930,1222235,1272883,1328037,1366725
34980,"Nashville-Davidson--Murfreesboro--Franklin, TN (Metropolitan Statistical Area)",2002,      Military,5843,5907,5906,5709,5495,5713,5906,6175,6218,6170,6116,5979,5978,5955,5981,5955,5851,5755
35100,"New Bern, NC (Metropolitan Statistical Area)",,Employment by place of work,,,,,,,,,,,,,,,,,,
35100,"New Bern, NC (Metropolitan Statistical Area)",10,Total employment (number of jobs),64919,64573,65373,67058,68387,69504,70196,69705,67944,67088,66549,66858,66968,67112,67452,68259,67648,67474
35100,"New Bern, NC (Metropolitan Statistical Area)",2002,      Military,8892,9061,9212,8853,8835,8512,8358,9006,9720,9853,9726,9630,9466,9056,8586,8277,7901,7494
35300,"New Haven-Milford, CT (Metropolitan Statistical Area)",,Employment by place of work,,,,,,,,,,,,,,,,,,
35300,"New Haven-Milford, CT (Metropolitan Statistical Area)",10,Total employment (number of jobs),474576,474530,472083,482152,485556,491429,498327,496820,483308,477548,482732,487938,492768,496752,500960,504292,507383,512713
35300,"New Haven-Milford, CT (Metropolitan Statistical Area)",2002,      Military,2077,2099,2098,1905,1721,1780,1734,1722,1795,1855,1885,1907,1937,1906,1901,1894,1928,1907
35380,"New Orleans-Metairie, LA (Metropolitan Statistical Area)",,Employment by place of work,,,,,,,,,,,,,,,,,,
35380,"New Orleans-Metairie, LA (Metropolitan Statistical Area)",10,Total employment (number of jobs),775759,774909,779325,783035,699855,648243,691840,715249,715352,725378,730928,745943,762251,776575,791230,797142,801449,811867
35380,"New Orleans-Metairie, LA (Metropolitan Statistical Area)",2002,      Military,11256,11272,11486,10935,10542,8497,8445,8102,7925,9111,9021,8919,9026,8777,8563,8465,8312,7665
35620,"New York-Newark-Jersey City, NY-NJ-PA (Metropolitan Statistical Area)",,Employment by place of work,,,,,,,,,,,,,,,,,,
35620,"New York-Newark-Jersey City, NY-NJ-PA (Metropolitan Statistical Area)",10,Total employment (number of jobs),10250875,10187653,10217610,10371671,10533708,10720893,11017676,11117086,10893447,10924348,11240143,11396724,11634907,11919977,12210471,12418198,12604575,12917191
35620,"New York-Newark-Jersey City, NY-NJ-PA (Metropolitan Statistical Area)",2002,      Military,42159,41321,40614,38912,35914,35507,35419,36497,37039,36687,36936,36700,36343,35847,35828,35687,35488,35036
35660,"Niles, MI (Metropolitan Statistical Area)",,Employment by place of work,,,,,,,,,,,,,,,,,,
35660,"Niles, MI (Metropolitan Statistical Area)",10,Total employment (number of jobs),87082,85403,84103,84376,84908,84495,86793,85422,80366,80301,80616,80626,80940,82469,83430,82699,83707,83909
35660,"Niles, MI (Metropolitan Statistical Area)",2002,      Military,341,348,339,331,312,309,308,309,311,316,311,302,286,280,273,262,259,259
35840,"North Port-Sarasota-Bradenton, FL (Metropolitan Statistical Area)",,Employment by place of work,,,,,,,,,,,,,,,,,,
35840,"North Port-Sarasota-Bradenton, FL (Metropolitan Statistical Area)",10,Total employment (number of jobs),324277,343092,348500,367129,387813,399382,397906,372080,355547,346051,352488,361757,375452,394089,411427,419583,435243,447384
35840,"North Port-Sarasota-Bradenton, FL (Metropolitan Statistical Area)",2002,      Military,1322,1375,1378,1261,1282,1360,1384,1379,1409,1445,1434,1456,1472,1462,1471,1481,1512,1507
35980,"Norwich-New London, CT (Metropolitan Statistical Area)",,Employment by place of work,,,,,,,,,,,,,,,,,,
35980,"Norwich-New London, CT (Metropolitan Statistical Area)",10,Total employment (number of jobs),163919,167600,168575,169467,172255,172895,174716,176181,171178,168288,168024,166652,165947,164504,164673,165601,167734,168651
35980,"Norwich-New London, CT (Metropolitan Statistical Area)",2002,      Military,8643,9072,8731,8852,8747,8636,8114,7929,8064,8100,7783,7800,7721,6952,6755,6710,6690,6672
36100,"Ocala, FL (Metropolitan Statistical Area)",,Employment by place of work,,,,,,,,,,,,,,,,,,
36100,"Ocala, FL (Metropolitan Statistical Area)",10,Total employment (number of jobs),111456,114392,119807,126037,134595,143125,145863,140813,131466,128566,129797,132017,134618,138706,141978,146360,150635,154258
36100,"Ocala, FL (Metropolitan Statistical Area)",2002,      Military,561,586,592,547,560,611,634,634,649,662,647,630,629,617,614,610,620,615
36140,"Ocean City, NJ (Metropolitan Statistical Area)",,Employment by place of work,,,,,,,,,,,,,,,,,,
36140,"Ocean City, NJ (Metropolitan Statistical Area)",10,Total employment (number of jobs),55135,55661,56471,58373,60454,60128,59741,59281,58521,58088,58106,58053,58720,59773,60318,60707,61744,62657
36140,"Ocean City, NJ (Metropolitan Statistical Area)",2002,      Military,1368,1501,1424,1344,1346,1306,1290,1253,1260,1067,1189,1088,928,1019,1104,1192,1254,1162
36220,"Odessa, TX (Metropolitan Statistical Area)",,Employment by place of work,,,,,,,,,,,,,,,,,,
36220,"Odessa, TX (Metropolitan Statistical Area)",10,Total employment (number of jobs),64327,64267,64158,65340,67933,72744,76549,81181,77006,78317,85207,91845,94474,100583,97014,90165,95572,103385
36220,"Odessa, TX (Metropolitan Statistical Area)",2002,      Military,305,309,306,305,284,288,296,315,325,313,312,311,311,311,316,309,308,313
36260,"Ogden-Clearfield, UT (Metropolitan Statistical Area)",,Employment by place of work,,,,,,,,,,,,,,,,,,
36260,"Ogden-Clearfield, UT (Metropolitan Statistical Area)",10,Total employment (number of jobs),259182,263457,266987,276026,283624,294833,308361,309968,301210,297159,304022,308441,315442,324252,335562,346637,358258,368680
36260,"Ogden-Clearfield, UT (Metropolitan Statistical Area)",2002,      Military,7017,7451,7698,7752,7519,7288,6992,6781,6834,6794,6523,6309,6289,6121,6115,6356,6397,6505
36420,"Oklahoma City, OK (Metropolitan Statistical Area)",,Employment by place of work,,,,,,,,,,,,,,,,,,
36420,"Oklahoma City, OK (Metropolitan Statistical Area)",10,Total employment (number of jobs),707782,703510,703638,718972,733082,749113,764900,780121,766965,771479,790633,814008,832874,846315,857548,861711,869931,889459
36420,"Oklahoma City, OK (Metropolitan Statistical Area)",2002,      Military,12803,13166,13367,13436,12972,12791,12725,12791,12663,12679,12358,12040,11569,10880,10637,10670,10718,10785
36500,"Olympia-Lacey-Tumwater, WA (Metropolitan Statistical Area)",,Employment by place of work,,,,,,,,,,,,,,,,,,
36500,"Olympia-Lacey-Tumwater, WA (Metropolitan Statistical Area)",10,Total employment (number of jobs),111844,114979,118075,120654,124210,128590,133305,134597,130603,128661,128331,130341,133678,137126,140179,144622,150093,154519
36500,"Olympia-Lacey-Tumwater, WA (Metropolitan Statistical Area)",2002,      Military,809,820,827,818,789,778,770,784,802,816,830,796,775,757,761,783,801,797
36540,"Omaha-Council Bluffs, NE-IA (Metropolitan Statistical Area)",,Employment by place of work,,,,,,,,,,,,,,,,,,
36540,"Omaha-Council Bluffs, NE-IA (Metropolitan Statistical Area)",10,Total employment (number of jobs),538485,534297,536725,544747,552642,564063,574920,580743,572076,568925,574938,583893,592997,603941,616019,623375,632842,640043
36540,"Omaha-Council Bluffs, NE-IA (Metropolitan Statistical Area)",2002,      Military,10914,11025,10877,10792,10336,10125,9748,9764,9690,9554,9410,9362,9248,9156,9170,9241,9320,9314
36740,"Orlando-Kissimmee-Sanford, FL (Metropolitan Statistical Area)",,Employment by place of work,,,,,,,,,,,,,,,,,,
36740,"Orlando-Kissimmee-Sanford, FL (Metropolitan Statistical Area)",10,Total employment (number of jobs),1083195,1082826,1121204,1179837,1250750,1303562,1340657,1316027,1253746,1254307,1295438,1335426,1374927,1438206,1504927,1567922,1651404,1712125
36740,"Orlando-Kissimmee-Sanford, FL (Metropolitan Statistical Area)",2002,      Military,4222,4387,4522,4080,4046,4315,4370,4331,4445,4573,4562,4532,4625,4603,4635,4658,4683,4642
36780,"Oshkosh-Neenah, WI (Metropolitan Statistical Area)",,Employment by place of work,,,,,,,,,,,,,,,,,,
36780,"Oshkosh-Neenah, WI (Metropolitan Statistical Area)",10,Total employment (number of jobs),106369,107051,106191,107034,108304,109149,110165,111420,107969,108916,111014,110642,111756,112446,113074,115444,116298,117122
36780,"Oshkosh-Neenah, WI (Metropolitan Statistical Area)",2002,      Military,547,538,530,512,478,495,473,480,474,463,466,464,458,450,446,434,432,435
36980,"Owensboro, KY (Metropolitan Statistical Area)",,Employment by place of work,,,,,,,,,,,,,,,,,,
36980,"Owensboro, KY (Metropolitan Statistical Area)",10,Total employment (number of jobs),62827,62105,62423,62784,62984,64127,65389,65107,63026,63217,64634,66237,66029,66086,67062,67708,67869,68030
36980,"Owensboro, KY (Metropolitan Statistical Area)",2002,      Military,375,377,376,359,361,369,372,379,379,390,391,400,395,387,384,376,363,370
37100,"Oxnard-Thousand Oaks-Ventura, CA (Metropolitan Statistical Area)",,Employment by place of work,,,,,,,,,,,,,,,,,,
37100,"Oxnard-Thousand Oaks-Ventura, CA (Metropolitan Statistical Area)",10,Total employment (number of jobs),407454,415664,422993,428584,435416,441017,447553,441320,427303,424867,430069,438470,446562,456350,460788,463153,466151,475749
37100,"Oxnard-Thousand Oaks-Ventura, CA (Metropolitan Statistical Area)",2002,      Military,7290,7735,7863,7650,7281,7156,7004,6936,6504,6388,5924,5528,5110,5061,5064,5000,4907,4919
37340,"Palm Bay-Melbourne-Titusville, FL (Metropolitan Statistical Area)",,Employment by place of work,,,,,,,,,,,,,,,,,,
37340,"Palm Bay-Melbourne-Titusville, FL (Metropolitan Statistical Area)",10,Total employment (number of jobs),244989,244592,252217,261987,272273,278457,277306,269411,258623,256563,257435,258429,260570,265364,272840,279806,292233,303181
37340,"Palm Bay-Melbourne-Titusville, FL (Metropolitan Statistical Area)",2002,      Military,3276,3399,3365,3259,3207,3176,3068,2974,2969,2999,2894,2871,2877,2819,2827,2828,2862,2867
37460,"Panama City, FL (Metropolitan Statistical Area)",,Employment by place of work,,,,,,,,,,,,,,,,,,
37460,"Panama City, FL (Metropolitan Statistical Area)",10,Total employment (number of jobs),84003,85801,87915,93082,97038,100143,100794,99109,96101,95619,96586,96974,98845,102760,105210,107044,108405,109563
37460,"Panama City, FL (Metropolitan Statistical Area)",2002,      Military,4315,4562,4742,4897,4921,4836,4516,4380,4337,4255,3668,3535,3760,4169,4227,4061,4154,4127
37620,"Parkersburg-Vienna, WV (Metropolitan Statistical Area)",,Employment by place of work,,,,,,,,,,,,,,,,,,
37620,"Parkersburg-Vienna, WV (Metropolitan Statistical Area)",10,Total employment (number of jobs),53714,52634,52167,52520,52249,52837,52695,51861,50384,50082,50711,51018,50539,50441,49783,48552,47506,47304
37620,"Parkersburg-Vienna, WV (Metropolitan Statistical Area)",2002,      Military,501,498,492,490,476,461,463,484,486,477,466,465,458,452,443,428,421,421
37860,"Pensacola-Ferry Pass-Brent, FL (Metropolitan Statistical Area)",,Employment by place of work,,,,,,,,,,,,,,,,,,
37860,"Pensacola-Ferry Pass-Brent, FL (Metropolitan Statistical Area)",10,Total employment (number of jobs),209983,209430,213127,219672,223707,229442,232026,225906,217869,217732,220462,221297,225227,229465,233473,239666,248415,254183
37860,"Pensacola-Ferry Pass-Brent, FL (Metropolitan Statistical Area)",2002,      Military,15982,16216,15174,13714,12498,12741,12963,14119,14585,13797,13711,14171,15147,13618,13155,12291,11396,11672
37900,"Peoria, IL (Metropolitan Statistical Area)",,Employment by place of work,,,,,,,,,,,,,,,,,,
37900,"Peoria, IL (Metropolitan Statistical Area)",10,Total employment (number of jobs),230044,225385,222766,226357,229721,235298,239851,240765,229705,229879,234161,237196,231857,231298,230856,226963,224827,225817
37900,"Peoria, IL (Metropolitan Statistical Area)",2002,      Military,905,931,990,961,863,866,941,891,878,883,878,892,894,876,875,878,880,860
37980,"Philadelphia-Camden-Wilmington, PA-NJ-DE-MD (Metropolitan Statistical Area)",,Employment by place of work,,,,,,,,,,,,,,,,,,
37980,"Philadelphia-Camden-Wilmington, PA-NJ-DE-MD (Metropolitan Statistical Area)",10,Total employment (number of jobs),3267912,3266732,3280167,3324106,3384631,3436677,3488513,3501145,3415648,3410339,3451664,3476792,3525841,3585851,3646493,3728949,3793735,3857495
37980,"Philadelphia-Camden-Wilmington, PA-NJ-DE-MD (Metropolitan Statistical Area)",2002,      Military,25793,25845,26199,25222,24145,23998,23293,22817,22642,22714,22729,23457,23539,23213,23159,22993,22988,22732
38060,"Phoenix-Mesa-Chandler, AZ (Metropolitan Statistical Area)",,Employment by place of work,,,,,,,,,,,,,,,,,,
38060,"Phoenix-Mesa-Chandler, AZ (Metropolitan Statistical Area)",10,Total employment (number of jobs),1952759,1963854,2015185,2104069,2245171,2363627,2425683,2378751,2246716,2209907,2264667,2311182,2375865,2441675,2529932,2613697,2701966,2791695
38060,"Phoenix-Mesa-Chandler, AZ (Metropolitan Statistical Area)",2002,      Military,13631,13970,14602,14362,14162,13843,14096,14336,14751,14396,13616,13434,13634,13318,13426,13835,14334,15087
38220,"Pine Bluff, AR (Metropolitan Statistical Area)",,Employment by place of work,,,,,,,,,,,,,,,,,,
38220,"Pine Bluff, AR (Metropolitan Statistical Area)",10,Total employment (number of jobs),49489,48574,48948,49671,49426,49191,48352,47892,47573,47239,47240,46585,45147,43947,43840,43539,43021,43115
38220,"Pine Bluff, AR (Metropolitan Statistical Area)",2002,      Military,579,560,560,538,611,597,552,477,477,439,430,420,425,410,400,376,358,338
38300,"Pittsburgh, PA (Metropolitan Statistical Area)",,Employment by place of work,,,,,,,,,,,,,,,,,,
38300,"Pittsburgh, PA (Metropolitan Statistical Area)",10,Total employment (number of jobs),1386079,1377923,1364807,1372751,1378023,1389178,1409989,1414771,1385475,1390551,1413965,1432340,1440804,1449349,1458976,1463692,1479693,1504020
38300,"Pittsburgh, PA (Metropolitan Statistical Area)",2002,      Military,8661,8541,8579,7996,7557,7671,7215,6894,6718,6710,6546,6693,6657,6532,6540,6468,6393,6265
38340,"Pittsfield, MA (Metropolitan Statistical Area)",,Employment by place of work,,,,,,,,,,,,,,,,,,
38340,"Pittsfield, MA (Metropolitan Statistical Area)",10,Total employment (number of jobs),79964,80215,79900,80034,81565,82231,83314,83438,81386,80930,81165,82425,83431,83996,86264,85653,85969,86070
38340,"Pittsfield, MA (Metropolitan Statistical Area)",2002,      Military,389,386,369,346,330,337,331,325,327,336,340,331,321,315,312,304,296,290
38540,"Pocatello, ID (Metropolitan Statistical Area)",,Employment by place of work,,,,,,,,,,,,,,,,,,
38540,"Pocatello, ID (Metropolitan Statistical Area)",10,Total employment (number of jobs),47949,47257,47934,49500,50751,51729,52537,51219,49341,48343,48696,48567,49035,49814,50670,51082,52135,52633
38540,"Pocatello, ID (Metropolitan Statistical Area)",2002,      Military,345,347,347,346,324,340,339,346,348,345,346,345,336,327,318,302,294,296
38860,"Portland-South Portland, ME (Metropolitan Statistical Area)",,Employment by place of work,,,,,,,,,,,,,,,,,,
38860,"Portland-South Portland, ME (Metropolitan Statistical Area)",10,Total employment (number of jobs),329579,330414,335323,343215,343183,348308,353971,353530,343960,342237,345578,347932,351283,355914,362279,369456,377393,384894
38860,"Portland-South Portland, ME (Metropolitan Statistical Area)",2002,      Military,5806,5865,6548,6502,6278,6243,5868,5753,5326,4925,4496,4364,4245,4126,4089,4103,4066,4024
38900,"Portland-Vancouver-Hillsboro, OR-WA (Metropolitan Statistical Area)",,Employment by place of work,,,,,,,,,,,,,,,,,,
38900,"Portland-Vancouver-Hillsboro, OR-WA (Metropolitan Statistical Area)",10,Total employment (number of jobs),1230201,1213408,1216494,1248863,1289785,1330456,1368280,1367770,1310373,1306785,1333678,1358131,1389557,1433751,1481612,1521846,1572320,1613028
38900,"Portland-Vancouver-Hillsboro, OR-WA (Metropolitan Statistical Area)",2002,      Military,7198,7421,7557,7265,7092,7036,6945,6871,7065,6980,6958,6862,6828,6759,6728,6620,6485,6290
38940,"Port St. Lucie, FL (Metropolitan Statistical Area)",,Employment by place of work,,,,,,,,,,,,,,,,,,
38940,"Port St. Lucie, FL (Metropolitan Statistical Area)",10,Total employment (number of jobs),143578,148128,155145,166986,179580,187529,189637,183487,175818,176756,179263,181956,185840,194088,202471,210087,218465,225221
38940,"Port St. Lucie, FL (Metropolitan Statistical Area)",2002,      Military,769,814,826,775,785,847,882,887,905,932,916,897,901,889,892,894,911,909
39100,"Poughkeepsie-Newburgh-Middletown, NY (Metropolitan Statistical Area)",,Employment by place of work,,,,,,,,,,,,,,,,,,
39100,"Poughkeepsie-Newburgh-Middletown, NY (Metropolitan Statistical Area)",10,Total employment (number of jobs),303862,308074,313034,320334,325155,327925,331551,332459,325667,323882,328527,328574,332271,336419,342409,343603,348386,354546
39100,"Poughkeepsie-Newburgh-Middletown, NY (Metropolitan Statistical Area)",2002,      Military,6755,6736,6905,6934,6672,6739,6822,7181,7109,7114,7098,7157,7096,6947,7224,7026,7117,7245
39150,"Prescott Valley-Prescott, AZ (Metropolitan Statistical Area)",,Employment by place of work,,,,,,,,,,,,,,,,,,
39150,"Prescott Valley-Prescott, AZ (Metropolitan Statistical Area)",10,Total employment (number of jobs),76403,78539,80739,84763,90797,95889,98495,95085,89442,87118,87057,88290,90104,92471,94903,97402,99201,102335
39150,"Prescott Valley-Prescott, AZ (Metropolitan Statistical Area)",2002,      Military,394,405,425,425,439,443,453,466,482,473,468,466,474,469,481,491,496,508
39300,"Providence-Warwick, RI-MA (Metropolitan Statistical Area)",,Employment by place of work,,,,,,,,,,,,,,,,,,
39300,"Providence-Warwick, RI-MA (Metropolitan Statistical Area)",10,Total employment (number of jobs),855796,859087,865534,877834,883474,889734,898480,886236,855319,852089,860585,865547,881151,898605,919761,929310,941495,953646
39300,"Providence-Warwick, RI-MA (Metropolitan Statistical Area)",2002,      Military,10683,10456,10334,9846,9120,8706,8985,8820,8622,8736,8802,8757,8969,8699,8538,8159,8172,7999
39340,"Provo-Orem, UT (Metropolitan Statistical Area)",,Employment by place of work,,,,,,,,,,,,,,,,,,
39340,"Provo-Orem, UT (Metropolitan Statistical Area)",10,Total employment (number of jobs),207244,208369,211327,222605,236232,250781,268048,268390,262149,259785,269378,278458,289895,301342,317162,335015,351448,367027
39340,"Provo-Orem, UT (Metropolitan Statistical Area)",2002,      Military,2030,2065,2148,2100,2192,2209,2166,2204,2317,2332,2442,2417,2406,2384,2416,2436,2411,2431
39380,"Pueblo, CO (Metropolitan Statistical Area)",,Employment by place of work,,,,,,,,,,,,,,,,,,
39380,"Pueblo, CO (Metropolitan Statistical Area)",10,Total employment (number of jobs),71286,70850,70865,70866,71955,73457,75882,76134,74761,74419,75213,75114,75148,76210,77394,78729,80347,80965
39380,"Pueblo, CO (Metropolitan Statistical Area)",2002,      Military,400,410,413,397,355,369,394,407,421,443,443,436,436,426,427,429,429,414
39460,"Punta Gorda, FL (Metropolitan Statistical Area)",,Employment by place of work,,,,,,,,,,,,,,,,,,
39460,"Punta Gorda, FL (Metropolitan Statistical Area)",10,Total employment (number of jobs),55287,54855,55225,57451,59929,64678,64346,61774,59476,59627,60926,61871,63458,65558,68115,69737,71596,73239
39460,"Punta Gorda, FL (Metropolitan Statistical Area)",2002,      Military,314,326,328,300,288,306,314,311,315,322,314,309,313,310,312,315,321,319
39540,"Racine, WI (Metropolitan Statistical Area)",,Employment by place of work,,,,,,,,,,,,,,,,,,
39540,"Racine, WI (Metropolitan Statistical Area)",10,Total employment (number of jobs),95781,94908,94955,96430,97069,97225,97383,96571,92186,91779,93336,94216,93408,94834,95297,94635,95407,97261
39540,"Racine, WI (Metropolitan Statistical Area)",2002,      Military,659,648,642,621,581,594,561,569,562,546,546,543,533,525,520,506,500,499
39580,"Raleigh-Cary, NC (Metropolitan Statistical Area)",,Employment by place of work,,,,,,,,,,,,,,,,,,
39580,"Raleigh-Cary, NC (Metropolitan Statistical Area)",10,Total employment (number of jobs),548246,551503,559703,578156,605919,640331,677941,684070,665891,666828,688337,708499,728477,757582,792661,819890,847287,874705
39580,"Raleigh-Cary, NC (Metropolitan Statistical Area)",2002,      Military,2999,3092,3213,2952,2897,3173,3365,3498,3546,3514,3589,3572,3543,3534,3614,3611,3655,3649
39660,"Rapid City, SD (Metropolitan Statistical Area)",,Employment by place of work,,,,,,,,,,,,,,,,,,
39660,"Rapid City, SD (Metropolitan Statistical Area)",10,Total employment (number of jobs),78241,78759,79275,80886,81783,82808,84457,85759,85075,84935,86445,87171,88261,89555,89713,90812,92669,93844
39660,"Rapid City, SD (Metropolitan Statistical Area)",2002,      Military,3881,4100,4278,4376,3975,3829,3816,4037,4123,4340,4298,4134,4086,3956,3793,3830,3972,4047
39740,"Reading, PA (Metropolitan Statistical Area)",,Employment by place of work,,,,,,,,,,,,,,,,,,
39740,"Reading, PA (Metropolitan Statistical Area)",10,Total employment (number of jobs),207227,204712,202718,206368,210061,216496,219162,217938,210367,211636,214240,215262,216796,219867,222722,224684,225937,229519
39740,"Reading, PA (Metropolitan Statistical Area)",2002,      Military,1253,1257,1273,1214,1174,1294,1186,1114,1094,1096,1066,1083,1079,1064,1070,1060,1057,1044
39820,"Redding, CA (Metropolitan Statistical Area)",,Employment by place of work,,,,,,,,,,,,,,,,,,
39820,"Redding, CA (Metropolitan Statistical Area)",10,Total employment (number of jobs),85889,88589,89688,90490,91346,93130,94482,90773,86195,84019,84116,84888,85742,88002,89870,90412,90997,92944
39820,"Redding, CA (Metropolitan Statistical Area)",2002,      Military,309,314,317,313,294,289,282,292,292,288,296,323,323,318,309,305,303,305
39900,"Reno, NV (Metropolitan Statistical Area)",,Employment by place of work,,,,,,,,,,,,,,,,,,
39900,"Reno, NV (Metropolitan Statistical Area)",10,Total employment (number of jobs),242495,243158,248625,259523,269843,278718,286859,278417,259859,253315,255352,255675,263928,268654,278360,289864,302436,315766
39900,"Reno, NV (Metropolitan Statistical Area)",2002,      Military,721,743,781,787,839,855,890,964,1000,1081,1172,1227,1245,1226,1268,1278,1281,1258
40060,"Richmond, VA (Metropolitan Statistical Area) *",,Employment by place of work,,,,,,,,,,,,,,,,,,
40060,"Richmond, VA (Metropolitan Statistical Area) *",10,Total employment (number of jobs),693624,694968,696698,711903,730868,746208,764549,764229,741657,737786,750925,763931,776174,789669,814616,832920,851572,864428
40060,"Richmond, VA (Metropolitan Statistical Area) *",2002,      Military,10306,10293,9765,9677,9313,10390,10540,11230,11240,12357,12175,12791,13314,12676,13284,13426,14426,13962
40140,"Riverside-San Bernardino-Ontario, CA (Metropolitan Statistical Area)",,Employment by place of work,,,,,,,,,,,,,,,,,,
40140,"Riverside-San Bernardino-Ontario, CA (Metropolitan Statistical Area)",10,Total employment (number of jobs),1402821,1458784,1517838,1611428,1698878,1766253,1799604,1747886,1665991,1638713,1678261,1727702,1788303,1868314,1944383,1995419,2061135,2127826
40140,"Riverside-San Bernardino-Ontario, CA (Metropolitan Statistical Area)",2002,      Military,21911,21572,22604,22394,22104,22344,22161,23571,24972,25062,25092,24283,24091,22619,21702,23201,23787,23361
40220,"Roanoke, VA (Metropolitan Statistical Area) *",,Employment by place of work,,,,,,,,,,,,,,,,,,
40220,"Roanoke, VA (Metropolitan Statistical Area) *",10,Total employment (number of jobs),191045,188705,187372,190307,194972,200015,202744,201279,193947,190548,192046,193632,194153,195886,196541,197137,197070,198851
40220,"Roanoke, VA (Metropolitan Statistical Area) *",2002,      Military,1109,1120,1107,1079,1100,1017,1043,1069,1048,1044,978,974,1006,989,1001,978,994,997
40340,"Rochester, MN (Metropolitan Statistical Area)",,Employment by place of work,,,,,,,,,,,,,,,,,,
40340,"Rochester, MN (Metropolitan Statistical Area)",10,Total employment (number of jobs),132985,134146,136828,138421,139865,141771,143695,142489,139773,138061,139594,142449,144443,145265,147817,149322,150559,153399
40340,"Rochester, MN (Metropolitan Statistical Area)",2002,      Military,732,750,760,787,882,870,912,799,780,793,792,785,770,758,762,761,766,759
40380,"Rochester, NY (Metropolitan Statistical Area)",,Employment by place of work,,,,,,,,,,,,,,,,,,
40380,"Rochester, NY (Metropolitan Statistical Area)",10,Total employment (number of jobs),629922,618390,618045,622352,628582,627477,634312,636153,622597,620717,629224,632101,634861,638596,644221,648566,651967,660247
40380,"Rochester, NY (Metropolitan Statistical Area)",2002,      Military,2079,2066,2026,2007,1884,1817,1775,1840,1833,1793,1851,1830,1818,1782,1770,1741,1714,1722
40420,"Rockford, IL (Metropolitan Statistical Area)",,Employment by place of work,,,,,,,,,,,,,,,,,,
40420,"Rockford, IL (Metropolitan Statistical Area)",10,Total employment (number of jobs),190203,188465,187307,189270,189252,192536,196276,193038,180372,178730,182051,183925,183164,186122,187470,186263,183852,188290
40420,"Rockford, IL (Metropolitan Statistical Area)",2002,      Military,707,722,717,686,647,681,706,715,713,718,711,717,710,699,694,699,706,691
40580,"Rocky Mount, NC (Metropolitan Statistical Area)",,Employment by place of work,,,,,,,,,,,,,,,,,,
40580,"Rocky Mount, NC (Metropolitan Statistical Area)",10,Total employment (number of jobs),78749,77715,76799,77368,77492,79869,81585,80079,76106,74961,76701,74498,73881,73846,74068,74138,73568,74042
40580,"Rocky Mount, NC (Metropolitan Statistical Area)",2002,      Military,400,403,406,374,352,372,380,383,376,373,391,381,369,359,352,342,328,315
40660,"Rome, GA (Metropolitan Statistical Area)",,Employment by place of work,,,,,,,,,,,,,,,,,,
40660,"Rome, GA (Metropolitan Statistical Area)",10,Total employment (number of jobs),50251,50114,50560,51690,51414,52717,52357,51533,49708,49387,49159,49239,49429,50613,51188,51898,53013,53711
40660,"Rome, GA (Metropolitan Statistical Area)",2002,      Military,313,335,398,316,311,308,311,309,308,303,286,275,270,264,262,259,257,256
40900,"Sacramento-Roseville-Folsom, CA (Metropolitan Statistical Area)",,Employment by place of work,,,,,,,,,,,,,,,,,,
40900,"Sacramento-Roseville-Folsom, CA (Metropolitan Statistical Area)",10,Total employment (number of jobs),1084938,1099722,1124044,1157385,1191410,1214206,1232558,1209043,1162375,1136573,1139388,1176096,1211645,1241764,1278875,1309313,1342266,1384512
40900,"Sacramento-Roseville-Folsom, CA (Metropolitan Statistical Area)",2002,      Military,4446,4375,4467,4409,4264,4293,4259,4349,4390,4340,4180,4264,4272,4220,4183,4138,4192,4200
40980,"Saginaw, MI (Metropolitan Statistical Area)",,Employment by place of work,,,,,,,,,,,,,,,,,,
40980,"Saginaw, MI (Metropolitan Statistical Area)",10,Total employment (number of jobs),117341,114780,114389,113429,112826,111712,110931,106908,103080,102853,106093,106832,107255,107365,107839,107992,107633,108324
40980,"Saginaw, MI (Metropolitan Statistical Area)",2002,      Military,432,439,545,425,401,478,438,384,385,387,382,367,339,332,322,312,309,308
41060,"St. Cloud, MN (Metropolitan Statistical Area)",,Employment by place of work,,,,,,,,,,,,,,,,,,
41060,"St. Cloud, MN (Metropolitan Statistical Area)",10,Total employment (number of jobs),119810,121271,120862,123417,125143,127619,130268,129574,126361,126070,128919,130849,132712,134287,136291,137092,138137,138434
41060,"St. Cloud, MN (Metropolitan Statistical Area)",2002,      Military,651,665,671,694,782,770,811,707,692,704,703,693,679,672,677,674,680,672
41100,"St. George, UT (Metropolitan Statistical Area)",,Employment by place of work,,,,,,,,,,,,,,,,,,
41100,"St. George, UT (Metropolitan Statistical Area)",10,Total employment (number of jobs),50066,52665,55712,61676,67944,73427,77265,75466,71644,70275,72101,74752,77948,82079,85582,90772,94833,100413
41100,"St. George, UT (Metropolitan Statistical Area)",2002,      Military,488,509,542,546,597,615,600,603,621,614,644,640,633,634,642,647,649,660
41140,"St. Joseph, MO-KS (Metropolitan Statistical Area)",,Employment by place of work,,,,,,,,,,,,,,,,,,
41140,"St. Joseph, MO-KS (Metropolitan Statistical Area)",10,Total employment (number of jobs),68251,67734,68092,69045,69535,71478,74526,75019,73068,70878,70968,71403,72283,71979,72654,73296,72880,73039
41140,"St. Joseph, MO-KS (Metropolitan Statistical Area)",2002,      Military,478,471,475,480,442,455,495,499,516,456,447,445,446,437,426,429,421,414
41180,"St. Louis, MO-IL (Metropolitan Statistical Area)",,Employment by place of work,,,,,,,,,,,,,,,,,,
41180,"St. Louis, MO-IL (Metropolitan Statistical Area)",10,Total employment (number of jobs),1641921,1638359,1641157,1648824,1669564,1690675,1714159,1714077,1660457,1644561,1664110,1667792,1686296,1702969,1733403,1755755,1776914,1797783
41180,"St. Louis, MO-IL (Metropolitan Statistical Area)",2002,      Military,16060,16125,16183,16325,15055,15310,15815,15515,15503,14347,14071,13989,14029,13748,13315,13392,13428,13358
41420,"Salem, OR (Metropolitan Statistical Area)",,Employment by place of work,,,,,,,,,,,,,,,,,,
41420,"Salem, OR (Metropolitan Statistical Area)",10,Total employment (number of jobs),182319,184073,187787,192318,197802,202453,207319,205685,198184,195920,194633,194151,197390,204243,209665,214887,221909,228186
41420,"Salem, OR (Metropolitan Statistical Area)",2002,      Military,1110,1150,1155,1131,1114,1110,1091,1070,1104,1091,1101,1088,1081,1066,1053,1034,1031,1014
41500,"Salinas, CA (Metropolitan Statistical Area)",,Employment by place of work,,,,,,,,,,,,,,,,,,
41500,"Salinas, CA (Metropolitan Statistical Area)",10,Total employment (number of jobs),217510,221129,223693,222456,221519,219477,224438,223750,217029,220156,221085,225859,230857,238940,244300,248105,249641,257361
41500,"Salinas, CA (Metropolitan Statistical Area)",2002,      Military,5368,5719,6094,6053,5889,6062,5962,5714,5512,5953,6417,6566,6526,6042,5623,5126,4747,4920
41540,"Salisbury, MD-DE (Metropolitan Statistical Area)",,Employment by place of work,,,,,,,,,,,,,,,,,,
41540,"Salisbury, MD-DE (Metropolitan Statistical Area)",10,Total employment (number of jobs),179323,182888,184905,191815,197589,203079,205892,203789,198311,197126,196549,199150,201905,206038,210622,215285,219877,224502
41540,"Salisbury, MD-DE (Metropolitan Statistical Area)",2002,      Military,1681,1718,1767,1657,1594,1584,1645,1673,1696,1739,1809,1863,1897,1878,1872,1869,1909,1895
41620,"Salt Lake City, UT (Metropolitan Statistical Area)",,Employment by place of work,,,,,,,,,,,,,,,,,,
41620,"Salt Lake City, UT (Metropolitan Statistical Area)",10,Total employment (number of jobs),680542,674074,671950,685605,712951,745183,781703,787814,761073,756966,776331,797545,820433,839575,866902,897591,921723,946278
41620,"Salt Lake City, UT (Metropolitan Statistical Area)",2002,      Military,5367,5436,5604,5246,5387,5318,5179,5115,5271,5248,5322,5309,5277,5135,5120,5086,4992,4981
41660,"San Angelo, TX (Metropolitan Statistical Area)",,Employment by place of work,,,,,,,,,,,,,,,,,,
41660,"San Angelo, TX (Metropolitan Statistical Area)",10,Total employment (number of jobs),64719,64742,64428,63655,64073,65265,65959,66893,66937,67506,68274,70394,72402,73665,74367,73834,73410,74744
41660,"San Angelo, TX (Metropolitan Statistical Area)",2002,      Military,3370,3365,3451,3604,3105,3196,3012,2996,3275,3449,3663,3544,3328,3210,3101,3368,3365,3455
41700,"San Antonio-New Braunfels, TX (Metropolitan Statistical Area)",,Employment by place of work,,,,,,,,,,,,,,,,,,
41700,"San Antonio-New Braunfels, TX (Metropolitan Statistical Area)",10,Total employment (number of jobs),993949,1004351,1010902,1028529,1064972,1110198,1153153,1178789,1171263,1179723,1205858,1236539,1270468,1312817,1355935,1408136,1455460,1488836
41700,"San Antonio-New Braunfels, TX (Metropolitan Statistical Area)",2002,      Military,37440,40345,37591,36228,33936,35583,34827,35690,36867,36572,35637,36102,35796,33882,34200,36425,37185,37484
41740,"San Diego-Chula Vista-Carlsbad, CA (Metropolitan Statistical Area)",,Employment by place of work,,,,,,,,,,,,,,,,,,
41740,"San Diego-Chula Vista-Carlsbad, CA (Metropolitan Statistical Area)",10,Total employment (number of jobs),1713767,1749463,1782103,1812986,1837287,1861439,1890307,1882625,1821926,1804107,1828222,1877293,1920961,1973044,2030064,2073393,2119705,2176967
41740,"San Diego-Chula Vista-Carlsbad, CA (Metropolitan Statistical Area)",2002,      Military,109948,112732,115365,114173,108872,108280,107819,111654,112119,110957,106829,104296,101938,99810,98853,100214,100991,100840
41860,"San Francisco-Oakland-Berkeley, CA (Metropolitan Statistical Area)",,Employment by place of work,,,,,,,,,,,,,,,,,,
41860,"San Francisco-Oakland-Berkeley, CA (Metropolitan Statistical Area)",10,Total employment (number of jobs),2747283,2679890,2653534,2659356,2682602,2728960,2785090,2785616,2687707,2663490,2715302,2836176,2943008,3059386,3183990,3278422,3351475,3436995
41860,"San Francisco-Oakland-Berkeley, CA (Metropolitan Statistical Area)",2002,      Military,9506,9608,9579,9234,8810,8912,8660,8934,9081,9165,9202,9484,9569,9309,9130,9087,9145,9046
41940,"San Jose-Sunnyvale-Santa Clara, CA (Metropolitan Statistical Area)",,Employment by place of work,,,,,,,,,,,,,,,,,,
41940,"San Jose-Sunnyvale-Santa Clara, CA (Metropolitan Statistical Area)",10,Total employment (number of jobs),1245499,1151605,1111274,1110182,1120373,1146729,1183453,1186385,1130469,1126570,1159903,1206137,1254614,1300036,1358794,1395350,1430272,1473886
41940,"San Jose-Sunnyvale-Santa Clara, CA (Metropolitan Statistical Area)",2002,      Military,3741,3651,3718,3535,3402,3299,3208,3296,3343,3342,3305,3357,3377,3424,3470,3424,3425,3382
42020,"San Luis Obispo-Paso Robles, CA (Metropolitan Statistical Area)",,Employment by place of work,,,,,,,,,,,,,,,,,,
42020,"San Luis Obispo-Paso Robles, CA (Metropolitan Statistical Area)",10,Total employment (number of jobs),140627,144119,144119,146485,149346,152479,156737,154624,149202,147777,151009,155745,159397,164655,169362,169817,173130,176059
42020,"San Luis Obispo-Paso Robles, CA (Metropolitan Statistical Area)",2002,      Military,470,474,481,468,442,439,430,448,451,451,470,547,566,546,534,516,510,505
42100,"Santa Cruz-Watsonville, CA (Metropolitan Statistical Area)",,Employment by place of work,,,,,,,,,,,,,,,,,,
42100,"Santa Cruz-Watsonville, CA (Metropolitan Statistical Area)",10,Total employment (number of jobs),145357,143460,141691,141559,140941,142051,145223,142699,139005,138372,138208,140225,144623,149205,153512,154804,155451,157613
42100,"Santa Cruz-Watsonville, CA (Metropolitan Statistical Area)",2002,      Military,466,458,451,438,410,401,393,409,415,415,409,412,412,406,399,394,392,381
42140,"Santa Fe, NM (Metropolitan Statistical Area)",,Employment by place of work,,,,,,,,,,,,,,,,,,
42140,"Santa Fe, NM (Metropolitan Statistical Area)",10,Total employment (number of jobs),84055,85360,87912,90099,93143,94699,98058,98098,93942,92489,92417,91816,92784,93281,94402,94521,93813,95089
42140,"Santa Fe, NM (Metropolitan Statistical Area)",2002,      Military,429,428,420,400,374,365,364,381,379,387,403,406,406,401,380,382,388,387
42200,"Santa Maria-Santa Barbara, CA (Metropolitan Statistical Area)",,Employment by place of work,,,,,,,,,,,,,,,,,,
42200,"Santa Maria-Santa Barbara, CA (Metropolitan Statistical Area)",10,Total employment (number of jobs),243235,244532,248298,250723,253193,253267,258250,258059,249731,245732,250715,256831,260888,269465,273782,274706,276436,281958
42200,"Santa Maria-Santa Barbara, CA (Metropolitan Statistical Area)",2002,      Military,4005,3905,3885,3787,3548,3466,3423,3385,3446,3399,3365,3366,3394,3337,3124,3112,3095,3059
42220,"Santa Rosa-Petaluma, CA (Metropolitan Statistical Area)",,Employment by place of work,,,,,,,,,,,,,,,,,,
42220,"Santa Rosa-Petaluma, CA (Metropolitan Statistical Area)",10,Total employment (number of jobs),272782,272287,268461,271429,271468,274369,279979,276221,262782,260148,263452,267006,277115,288656,296818,299369,304145,311917
42220,"Santa Rosa-Petaluma, CA (Metropolitan Statistical Area)",2002,      Military,1452,1480,1562,1620,1545,1534,1480,1506,1561,1445,1409,1426,1348,1399,1420,1438,1496,1445
42340,"Savannah, GA (Metropolitan Statistical Area)",,Employment by place of work,,,,,,,,,,,,,,,,,,
42340,"Savannah, GA (Metropolitan Statistical Area)",10,Total employment (number of jobs),172488,173541,177613,183261,190505,198121,207508,205696,198549,196887,200445,203237,208594,214856,223225,228061,234619,242287
42340,"Savannah, GA (Metropolitan Statistical Area)",2002,      Military,5372,5478,5740,5447,5303,5980,6785,7149,7700,7360,7349,6564,6169,6113,6146,5679,5385,5282
42540,"Scranton--Wilkes-Barre, PA (Metropolitan Statistical Area)",,Employment by place of work,,,,,,,,,,,,,,,,,,
42540,"Scranton--Wilkes-Barre, PA (Metropolitan Statistical Area)",10,Total employment (number of jobs),306843,301409,301889,304761,308372,311527,316218,316876,309015,308777,311684,312973,315608,319387,321102,323536,324831,326594
42540,"Scranton--Wilkes-Barre, PA (Metropolitan Statistical Area)",2002,      Military,1859,1839,1847,1779,1676,1692,1601,1541,1507,1508,1462,1494,1480,1451,1450,1424,1414,1389
42660,"Seattle-Tacoma-Bellevue, WA (Metropolitan Statistical Area)",,Employment by place of work,,,,,,,,,,,,,,,,,,
42660,"Seattle-Tacoma-Bellevue, WA (Metropolitan Statistical Area)",10,Total employment (number of jobs),2040022,1999926,2002177,2040998,2099077,2169876,2252591,2272430,2182713,2154810,2190360,2258786,2313266,2380352,2454182,2527421,2611999,2683056
42660,"Seattle-Tacoma-Bellevue, WA (Metropolitan Statistical Area)",2002,      Military,38835,40287,40685,41139,43622,44029,45199,48707,50848,51907,51041,52994,51747,47770,46795,45490,44980,44415
42680,"Sebastian-Vero Beach, FL (Metropolitan Statistical Area)",,Employment by place of work,,,,,,,,,,,,,,,,,,
42680,"Sebastian-Vero Beach, FL (Metropolitan Statistical Area)",10,Total employment (number of jobs),58381,59597,63547,65719,68831,72591,73481,71663,68431,67970,69292,70303,71335,73887,76236,77588,80405,82759
42680,"Sebastian-Vero Beach, FL (Metropolitan Statistical Area)",2002,      Military,245,255,255,236,237,255,263,263,270,278,272,267,270,268,268,269,274,272
42700,"Sebring-Avon Park, FL (Metropolitan Statistical Area)",,Employment by place of work,,,,,,,,,,,,,,,,,,
42700,"Sebring-Avon Park, FL (Metropolitan Statistical Area)",10,Total employment (number of jobs),32571,34134,35970,36151,37340,38629,40082,38869,37758,37513,37769,38022,37525,38230,38840,39603,40633,40885
42700,"Sebring-Avon Park, FL (Metropolitan Statistical Area)",2002,      Military,190,195,194,176,178,189,193,192,196,198,193,186,186,181,180,180,184,182
43100,"Sheboygan, WI (Metropolitan Statistical Area)",,Employment by place of work,,,,,,,,,,,,,,,,,,
43100,"Sheboygan, WI (Metropolitan Statistical Area)",10,Total employment (number of jobs),72890,71835,71910,72930,75062,75474,75974,75544,71260,69978,69971,70308,71763,73188,73412,73731,74532,75537
43100,"Sheboygan, WI (Metropolitan Statistical Area)",2002,      Military,402,395,390,382,359,366,347,354,351,341,339,339,332,326,325,315,315,322
43300,"Sherman-Denison, TX (Metropolitan Statistical Area)",,Employment by place of work,,,,,,,,,,,,,,,,,,
43300,"Sherman-Denison, TX (Metropolitan Statistical Area)",10,Total employment (number of jobs),59963,59732,60176,60290,61002,62162,63164,63208,62365,61568,62940,63217,64726,66161,67231,67969,69718,70943
43300,"Sherman-Denison, TX (Metropolitan Statistical Area)",2002,      Military,281,284,283,280,260,262,267,280,283,276,270,262,255,249,248,252,257,259
43340,"Shreveport-Bossier City, LA (Metropolitan Statistical Area)",,Employment by place of work,,,,,,,,,,,,,,,,,,
43340,"Shreveport-Bossier City, LA (Metropolitan Statistical Area)",10,Total employment (number of jobs),211573,208938,211970,216233,223295,228148,233290,237256,234079,237007,242545,243195,240763,241587,242690,241789,239096,242082
43340,"Shreveport-Bossier City, LA (Metropolitan Statistical Area)",2002,      Military,7348,7755,7896,8052,7655,7320,7184,6952,6824,7505,7553,7494,7452,7273,6885,6737,6799,6634
43420,"Sierra Vista-Douglas, AZ (Metropolitan Statistical Area)",,Employment by place of work,,,,,,,,,,,,,,,,,,
43420,"Sierra Vista-Douglas, AZ (Metropolitan Statistical Area)",10,Total employment (number of jobs),50753,50600,52389,53549,55625,56566,58186,57354,56700,56554,56143,54888,53141,52279,51804,51240,51109,51617
43420,"Sierra Vista-Douglas, AZ (Metropolitan Statistical Area)",2002,      Military,5615,5287,5679,5633,5711,5231,5700,5325,5056,5616,5606,5277,4984,4441,4246,4059,4051,4211
43580,"Sioux City, IA-NE-SD (Metropolitan Statistical Area)",,Employment by place of work,,,,,,,,,,,,,,,,,,
43580,"Sioux City, IA-NE-SD (Metropolitan Statistical Area)",10,Total employment (number of jobs),94796,92185,90929,89779,90203,91233,94073,95334,93617,92744,92769,93335,95081,96640,97717,97015,95052,96357
43580,"Sioux City, IA-NE-SD (Metropolitan Statistical Area)",2002,      Military,681,683,690,694,651,637,611,629,636,640,635,622,604,591,572,552,548,537
43620,"Sioux Falls, SD (Metropolitan Statistical Area)",,Employment by place of work,,,,,,,,,,,,,,,,,,
43620,"Sioux Falls, SD (Metropolitan Statistical Area)",10,Total employment (number of jobs),148941,150765,152571,155870,160492,165729,171417,175343,173762,174143,177722,181848,185909,190948,194308,197519,201210,204698
43620,"Sioux Falls, SD (Metropolitan Statistical Area)",2002,      Military,1357,1390,1397,1407,1338,1366,1402,1438,1471,1516,1554,1500,1489,1482,1511,1489,1489,1511
43780,"South Bend-Mishawaka, IN-MI (Metropolitan Statistical Area)",,Employment by place of work,,,,,,,,,,,,,,,,,,
43780,"South Bend-Mishawaka, IN-MI (Metropolitan Statistical Area)",10,Total employment (number of jobs),174081,172073,171686,173844,174433,175052,176316,173666,164720,163945,166847,165809,165629,168228,171826,175433,176994,178811
43780,"South Bend-Mishawaka, IN-MI (Metropolitan Statistical Area)",2002,      Military,1043,1025,1091,982,947,1019,995,1003,1013,1003,1043,1006,990,999,1044,1007,969,932
43900,"Spartanburg, SC (Metropolitan Statistical Area)",,Employment by place of work,,,,,,,,,,,,,,,,,,
43900,"Spartanburg, SC (Metropolitan Statistical Area)",10,Total employment (number of jobs),146802,144905,145121,145439,146721,150509,154687,154897,145020,143688,148560,151298,157121,161718,165635,171783,180478,186651
43900,"Spartanburg, SC (Metropolitan Statistical Area)",2002,      Military,1239,1244,1223,1173,1143,1124,1138,1210,1225,1238,1219,1194,1187,1166,1159,1144,1150,1140
44060,"Spokane-Spokane Valley, WA (Metropolitan Statistical Area)",,Employment by place of work,,,,,,,,,,,,,,,,,,
44060,"Spokane-Spokane Valley, WA (Metropolitan Statistical Area)",10,Total employment (number of jobs),264211,262251,266191,271440,279167,289106,298270,298281,287157,281118,282166,287325,291929,297125,301590,308198,315316,323044
44060,"Spokane-Spokane Valley, WA (Metropolitan Statistical Area)",2002,      Military,4922,5120,5143,5223,4765,4393,4319,4199,4279,4357,4354,4331,4365,4259,4160,4197,4333,4410
44100,"Springfield, IL (Metropolitan Statistical Area)",,Employment by place of work,,,,,,,,,,,,,,,,,,
44100,"Springfield, IL (Metropolitan Statistical Area)",10,Total employment (number of jobs),137075,134989,131001,130500,130874,130286,130144,128936,127554,127802,129076,127805,126346,128096,129791,129783,128998,129873
44100,"Springfield, IL (Metropolitan Statistical Area)",2002,      Military,456,468,461,439,409,428,440,446,440,452,485,464,465,459,458,466,468,459
44140,"Springfield, MA (Metropolitan Statistical Area)",,Employment by place of work,,,,,,,,,,,,,,,,,,
44140,"Springfield, MA (Metropolitan Statistical Area)",10,Total employment (number of jobs),370842,368549,366378,369100,369614,370142,375639,375403,365042,364519,367456,378277,383474,387038,399262,404369,408468,412982
44140,"Springfield, MA (Metropolitan Statistical Area)",2002,      Military,2062,2172,2059,2061,1941,1918,1890,1851,1879,1929,1974,1947,1921,1881,1910,1878,1805,1777
44180,"Springfield, MO (Metropolitan Statistical Area)",,Employment by place of work,,,,,,,,,,,,,,,,,,
44180,"Springfield, MO (Metropolitan Statistical Area)",10,Total employment (number of jobs),235317,237008,241499,246956,256341,263627,270226,267387,258981,254756,258567,263488,266178,271205,276349,278738,283362,287746
44180,"Springfield, MO (Metropolitan Statistical Area)",2002,      Military,1507,1506,1546,1678,1479,1582,1740,1752,1801,1559,1533,1542,1558,1538,1510,1529,1530,1526
44220,"Springfield, OH (Metropolitan Statistical Area)",,Employment by place of work,,,,,,,,,,,,,,,,,,
44220,"Springfield, OH (Metropolitan Statistical Area)",10,Total employment (number of jobs),68606,66993,66257,65548,65001,65338,65336,64851,62359,61102,62236,62301,62742,63209,62520,61666,62171,62434
44220,"Springfield, OH (Metropolitan Statistical Area)",2002,      Military,386,399,401,393,364,366,348,359,366,355,354,351,347,342,342,338,334,332
44300,"State College, PA (Metropolitan Statistical Area)",,Employment by place of work,,,,,,,,,,,,,,,,,,
44300,"State College, PA (Metropolitan Statistical Area)",10,Total employment (number of jobs),97495,100705,100925,103041,104606,106074,107699,108962,108969,108939,111163,111266,113149,114275,115449,117504,119115,118052
44300,"State College, PA (Metropolitan Statistical Area)",2002,      Military,496,503,517,490,467,476,452,437,436,449,454,458,450,449,453,445,450,446
44420,"Staunton, VA (Metropolitan Statistical Area) *",,Employment by place of work,,,,,,,,,,,,,,,,,,
44420,"Staunton, VA (Metropolitan Statistical Area) *",10,Total employment (number of jobs),60313,59698,59782,61591,63083,63738,64894,64776,62262,61243,61537,61959,62618,63204,64144,65234,65173,66297
44420,"Staunton, VA (Metropolitan Statistical Area) *",2002,      Military,401,408,408,395,382,376,376,397,392,389,365,363,375,369,371,365,372,378
44700,"Stockton, CA (Metropolitan Statistical Area)",,Employment by place of work,,,,,,,,,,,,,,,,,,
44700,"Stockton, CA (Metropolitan Statistical Area)",10,Total employment (number of jobs),260519,266758,274428,279725,283427,287112,293377,287022,275719,268668,269966,276843,285328,294220,310299,319553,331977,340035
44700,"Stockton, CA (Metropolitan Statistical Area)",2002,      Military,1104,1130,1214,1170,1123,1111,1092,1125,1135,1143,1176,1185,1176,1163,1147,1139,1148,1146
44940,"Sumter, SC (Metropolitan Statistical Area)",,Employment by place of work,,,,,,,,,,,,,,,,,,
44940,"Sumter, SC (Metropolitan Statistical Area)",10,Total employment (number of jobs),65436,65233,64933,66039,66575,66592,66986,65292,62300,62161,64228,65017,65035,65659,66230,65646,66275,67816
44940,"Sumter, SC (Metropolitan Statistical Area)",2002,      Military,5603,6031,6217,6182,5818,5521,5337,5199,5193,5282,5450,6145,6070,5920,5699,5480,5374,5756
45060,"Syracuse, NY (Metropolitan Statistical Area)",,Employment by place of work,,,,,,,,,,,,,,,,,,
45060,"Syracuse, NY (Metropolitan Statistical Area)",10,Total employment (number of jobs),376302,371452,372360,375373,379598,380463,386623,386944,377832,373991,377100,379080,380095,381210,382342,383385,383083,388823
45060,"Syracuse, NY (Metropolitan Statistical Area)",2002,      Military,1582,1575,1544,1421,1399,1325,1300,1389,1377,1347,1245,1211,1185,1168,1170,1157,1144,1127
45220,"Tallahassee, FL (Metropolitan Statistical Area)",,Employment by place of work,,,,,,,,,,,,,,,,,,
45220,"Tallahassee, FL (Metropolitan Statistical Area)",10,Total employment (number of jobs),204473,198342,200990,205899,212085,216913,220398,217761,210705,209441,211131,210402,211733,217295,219415,223567,228074,233838
45220,"Tallahassee, FL (Metropolitan Statistical Area)",2002,      Military,813,831,829,821,775,809,809,782,796,813,792,779,768,750,700,691,697,691
45300,"Tampa-St. Petersburg-Clearwater, FL (Metropolitan Statistical Area)",,Employment by place of work,,,,,,,,,,,,,,,,,,
45300,"Tampa-St. Petersburg-Clearwater, FL (Metropolitan Statistical Area)",10,Total employment (number of jobs),1413290,1442072,1453478,1507186,1557459,1591049,1608915,1553818,1484482,1464392,1485034,1516827,1558597,1604857,1664444,1709420,1780852,1827943
45300,"Tampa-St. Petersburg-Clearwater, FL (Metropolitan Statistical Area)",2002,      Military,11467,12109,12033,11521,11748,12033,12152,12246,12509,12655,12632,12629,12508,12196,12055,11859,12070,12149
45460,"Terre Haute, IN (Metropolitan Statistical Area)",,Employment by place of work,,,,,,,,,,,,,,,,,,
45460,"Terre Haute, IN (Metropolitan Statistical Area)",10,Total employment (number of jobs),94380,93392,94156,94531,94317,94767,95641,94346,92008,91522,91646,92178,91972,91993,91514,91844,91899,92047
45460,"Terre Haute, IN (Metropolitan Statistical Area)",2002,      Military,637,624,645,701,589,603,591,618,633,625,620,598,588,575,573,553,545,535
45500,"Texarkana, TX-AR (Metropolitan Statistical Area)",,Employment by place of work,,,,,,,,,,,,,,,,,,
45500,"Texarkana, TX-AR (Metropolitan Statistical Area)",10,Total employment (number of jobs),73705,73435,73161,73880,75734,76838,78664,80187,78630,77899,79003,78650,77544,77450,78448,79244,78848,79113
45500,"Texarkana, TX-AR (Metropolitan Statistical Area)",2002,      Military,509,510,540,505,539,551,522,486,489,464,452,450,448,441,441,427,415,401
45540,"The Villages, FL (Metropolitan Statistical Area)",,Employment by place of work,,,,,,,,,,,,,,,,,,
45540,"The Villages, FL (Metropolitan Statistical Area)",10,Total employment (number of jobs),14060,15461,18140,20022,24039,26589,27723,28378,29325,30827,32744,34451,37042,39024,40360,41509,42991,44814
45540,"The Villages, FL (Metropolitan Statistical Area)",2002,      Military,106,114,115,108,114,133,144,151,162,174,178,181,189,194,199,204,209,210
45780,"Toledo, OH (Metropolitan Statistical Area)",,Employment by place of work,,,,,,,,,,,,,,,,,,
45780,"Toledo, OH (Metropolitan Statistical Area)",10,Total employment (number of jobs),407705,398940,395985,399056,399734,402035,401827,392088,371451,369934,376375,379204,382434,387696,393312,397036,395990,400944
45780,"Toledo, OH (Metropolitan Statistical Area)",2002,      Military,1898,1942,2018,1900,1778,1819,1753,1773,1795,1770,1808,1795,1789,1752,1752,1746,1737,1735
45820,"Topeka, KS (Metropolitan Statistical Area)",,Employment by place of work,,,,,,,,,,,,,,,,,,
45820,"Topeka, KS (Metropolitan Statistical Area)",10,Total employment (number of jobs),147052,144100,142484,141376,141136,140007,143461,144190,141300,141073,142102,142185,143442,145205,144902,145220,144533,145718
45820,"Topeka, KS (Metropolitan Statistical Area)",2002,      Military,1289,1275,1331,1268,1382,1397,1333,1248,1223,1283,1243,1221,1238,1080,1039,1002,987,942
45940,"Trenton-Princeton, NJ (Metropolitan Statistical Area)",,Employment by place of work,,,,,,,,,,,,,,,,,,
45940,"Trenton-Princeton, NJ (Metropolitan Statistical Area)",10,Total employment (number of jobs),247570,249453,252631,257984,259714,265427,264782,265799,259117,260107,262910,263963,267420,272636,276215,282902,283989,290324
45940,"Trenton-Princeton, NJ (Metropolitan Statistical Area)",2002,      Military,798,761,755,756,693,766,741,725,762,766,769,755,741,735,725,730,734,720
46060,"Tucson, AZ (Metropolitan Statistical Area)",,Employment by place of work,,,,,,,,,,,,,,,,,,
46060,"Tucson, AZ (Metropolitan Statistical Area)",10,Total employment (number of jobs),436864,437057,441824,458654,473271,491400,504656,500711,481987,476945,477616,484507,489825,495748,500107,507505,518656,527392
46060,"Tucson, AZ (Metropolitan Statistical Area)",2002,      Military,7810,8105,8377,8609,8400,8174,8091,8139,8408,8656,8610,8530,8564,8328,7970,7879,8041,8095
46140,"Tulsa, OK (Metropolitan Statistical Area)",,Employment by place of work,,,,,,,,,,,,,,,,,,
46140,"Tulsa, OK (Metropolitan Statistical Area)",10,Total employment (number of jobs),537484,530126,516720,520154,535329,552670,567239,577748,559559,550837,556518,570545,578954,587982,596933,599256,602700,613692
46140,"Tulsa, OK (Metropolitan Statistical Area)",2002,      Military,4372,4331,4369,4159,3847,3889,3961,4173,4104,4031,3987,3830,3742,3693,3688,3722,3681,3628
46220,"Tuscaloosa, AL (Metropolitan Statistical Area)",,Employment by place of work,,,,,,,,,,,,,,,,,,
46220,"Tuscaloosa, AL (Metropolitan Statistical Area)",10,Total employment (number of jobs),110885,111524,112064,114914,118558,123813,127135,126968,122019,121790,123857,126988,128367,132778,136430,137221,139724,142408
46220,"Tuscaloosa, AL (Metropolitan Statistical Area)",2002,      Military,1240,1224,1212,1379,1295,1306,1272,1082,1122,1125,1149,1101,1094,1083,1073,1057,1045,1017
46300,"Twin Falls, ID (Metropolitan Statistical Area)",,Employment by place of work,,,,,,,,,,,,,,,,,,
46300,"Twin Falls, ID (Metropolitan Statistical Area)",10,Total employment (number of jobs),50131,51764,52234,52721,54863,56593,57877,58300,56659,55501,56044,56340,58148,60189,61285,62318,64497,65444
46300,"Twin Falls, ID (Metropolitan Statistical Area)",2002,      Military,333,340,350,349,334,361,372,383,385,384,383,384,382,378,370,354,347,347
46340,"Tyler, TX (Metropolitan Statistical Area)",,Employment by place of work,,,,,,,,,,,,,,,,,,
46340,"Tyler, TX (Metropolitan Statistical Area)",10,Total employment (number of jobs),112428,113276,115187,118641,123110,127125,130700,134234,131425,132288,133589,136174,139356,141746,145244,148212,149940,151640
46340,"Tyler, TX (Metropolitan Statistical Area)",2002,      Military,445,454,458,457,433,440,451,479,489,481,482,490,481,472,460,472,476,472
46520,"Urban Honolulu, HI (Metropolitan Statistical Area)",,Employment by place of work,,,,,,,,,,,,,,,,,,
46520,"Urban Honolulu, HI (Metropolitan Statistical Area)",10,Total employment (number of jobs),549294,551443,561524,575830,587533,602446,614645,613203,598479,595786,603599,613464,625440,634634,648035,655985,657903,663994
46520,"Urban Honolulu, HI (Metropolitan Statistical Area)",2002,      Military,50375,49904,49712,50705,49950,51300,51454,52970,52592,53162,53981,54361,54252,54058,55079,53356,51961,52011
46540,"Utica-Rome, NY (Metropolitan Statistical Area)",,Employment by place of work,,,,,,,,,,,,,,,,,,
46540,"Utica-Rome, NY (Metropolitan Statistical Area)",10,Total employment (number of jobs),157591,156713,156381,157189,157620,158777,160027,160584,157597,156996,155898,154968,154541,154469,154366,155395,156060,157508
46540,"Utica-Rome, NY (Metropolitan Statistical Area)",2002,      Military,656,655,632,608,571,561,534,545,550,542,544,527,514,503,507,502,494,496
46660,"Valdosta, GA (Metropolitan Statistical Area)",,Employment by place of work,,,,,,,,,,,,,,,,,,
46660,"Valdosta, GA (Metropolitan Statistical Area)",10,Total employment (number of jobs),64125,65780,66974,69016,70739,72165,74153,74899,72871,72144,70953,72151,73395,74793,75994,76580,77770,78312
46660,"Valdosta, GA (Metropolitan Statistical Area)",2002,      Military,3919,4217,4334,4380,4224,4017,3989,4761,4961,5049,4883,4894,5001,4813,4622,4558,4686,4837
46700,"Vallejo, CA (Metropolitan Statistical Area)",,Employment by place of work,,,,,,,,,,,,,,,,,,
46700,"Vallejo, CA (Metropolitan Statistical Area)",10,Total employment (number of jobs),167983,172005,175902,177452,179244,180477,181321,178995,174328,172004,169810,173409,178391,182202,187977,194342,199445,204651
46700,"Vallejo, CA (Metropolitan Statistical Area)",2002,      Military,7695,8007,8038,8147,7619,7485,7435,7316,7337,7379,7209,7279,7411,7108,6810,6769,6920,7075
47020,"Victoria, TX (Metropolitan Statistical Area)",,Employment by place of work,,,,,,,,,,,,,,,,,,
47020,"Victoria, TX (Metropolitan Statistical Area)",10,Total employment (number of jobs),51590,51457,50721,50878,52340,54220,55480,56275,53860,53878,54885,57444,59164,59773,59881,57434,57657,58455
47020,"Victoria, TX (Metropolitan Statistical Area)",2002,      Military,231,230,228,223,209,213,215,226,228,222,216,214,210,205,204,204,203,201
47220,"Vineland-Bridgeton, NJ (Metropolitan Statistical Area)",,Employment by place of work,,,,,,,,,,,,,,,,,,
47220,"Vineland-Bridgeton, NJ (Metropolitan Statistical Area)",10,Total employment (number of jobs),71167,71224,72417,74740,77027,76975,76637,76080,74699,73816,73477,73239,73794,74280,74490,75617,75530,75783
47220,"Vineland-Bridgeton, NJ (Metropolitan Statistical Area)",2002,      Military,305,291,289,288,268,269,276,286,300,305,308,304,298,294,290,291,289,281
47260,"Virginia Beach-Norfolk-Newport News, VA-NC (Metropolitan Statistical Area) *",,Employment by place of work,,,,,,,,,,,,,,,,,,
47260,"Virginia Beach-Norfolk-Newport News, VA-NC (Metropolitan Statistical Area) *",10,Total employment (number of jobs),969615,980621,991565,1012270,1027668,1040751,1056031,1048115,1014458,1004002,1005801,1009951,1017871,1025944,1043412,1053625,1073003,1093037
47260,"Virginia Beach-Norfolk-Newport News, VA-NC (Metropolitan Statistical Area) *",2002,      Military,110472,112307,113482,112146,108545,108632,106553,104671,98614,95421,92269,88528,86600,85702,86001,84099,81372,81626
47300,"Visalia, CA (Metropolitan Statistical Area)",,Employment by place of work,,,,,,,,,,,,,,,,,,
47300,"Visalia, CA (Metropolitan Statistical Area)",10,Total employment (number of jobs),168668,175312,174975,173719,177770,182695,189082,188438,182825,183319,184762,183669,190428,192856,200392,205334,207338,210856
47300,"Visalia, CA (Metropolitan Statistical Area)",2002,      Military,694,699,711,709,683,681,675,706,719,722,716,722,718,707,691,684,688,677
47380,"Waco, TX (Metropolitan Statistical Area)",,Employment by place of work,,,,,,,,,,,,,,,,,,
47380,"Waco, TX (Metropolitan Statistical Area)",10,Total employment (number of jobs),130991,131509,133443,135175,137127,138958,141938,142371,141710,141538,142734,144437,147091,149892,152170,156907,160448,162771
47380,"Waco, TX (Metropolitan Statistical Area)",2002,      Military,602,607,641,633,615,611,604,634,638,625,628,636,619,599,595,608,620,619
47460,"Walla Walla, WA (Metropolitan Statistical Area)",,Employment by place of work,,,,,,,,,,,,,,,,,,
47460,"Walla Walla, WA (Metropolitan Statistical Area)",10,Total employment (number of jobs),31490,31744,32161,32019,31930,32237,32619,33951,33663,33864,33717,34107,34754,35339,35118,35529,35732,36383
47460,"Walla Walla, WA (Metropolitan Statistical Area)",2002,      Military,186,187,190,187,178,174,168,169,171,174,168,163,155,151,151,154,152,147
47580,"Warner Robins, GA (Metropolitan Statistical Area)",,Employment by place of work,,,,,,,,,,,,,,,,,,
47580,"Warner Robins, GA (Metropolitan Statistical Area)",10,Total employment (number of jobs),72479,74711,76633,78887,81310,84881,87884,87686,87915,88120,89964,90144,90844,91016,92154,93305,95968,98347
47580,"Warner Robins, GA (Metropolitan Statistical Area)",2002,      Military,5297,5699,6006,6146,5912,5652,5282,4705,4364,4390,4293,4229,4175,4101,3863,3738,3753,3795
47900,"Washington-Arlington-Alexandria, DC-VA-MD-WV (Metropolitan Statistical Area) *",,Employment by place of work,,,,,,,,,,,,,,,,,,
47900,"Washington-Arlington-Alexandria, DC-VA-MD-WV (Metropolitan Statistical Area) *",10,Total employment (number of jobs),3471970,3508592,3562232,3659629,3745027,3810723,3884536,3901443,3861064,3878945,3946247,3996916,4052936,4106514,4198787,4287402,4360516,4445776
47900,"Washington-Arlington-Alexandria, DC-VA-MD-WV (Metropolitan Statistical Area) *",2002,      Military,79162,80277,80661,78457,77324,74463,72552,73704,72885,72567,69021,66650,66595,65797,65595,64810,64960,64853
47940,"Waterloo-Cedar Falls, IA (Metropolitan Statistical Area)",,Employment by place of work,,,,,,,,,,,,,,,,,,
47940,"Waterloo-Cedar Falls, IA (Metropolitan Statistical Area)",10,Total employment (number of jobs),104894,104571,104473,106240,107311,108753,110709,111092,110044,109771,111902,113816,114443,114655,113757,112958,112872,114494
47940,"Waterloo-Cedar Falls, IA (Metropolitan Statistical Area)",2002,      Military,759,758,769,768,808,758,671,687,692,698,700,703,694,687,661,631,630,613
48060,"Watertown-Fort Drum, NY (Metropolitan Statistical Area)",,Employment by place of work,,,,,,,,,,,,,,,,,,
48060,"Watertown-Fort Drum, NY (Metropolitan Statistical Area)",10,Total employment (number of jobs),60488,60316,60812,62675,65950,69033,69725,71126,70866,72440,72646,71377,70587,69590,68755,67488,67316,67512
48060,"Watertown-Fort Drum, NY (Metropolitan Statistical Area)",2002,      Military,11260,11308,11393,12646,14673,16751,16838,17864,18167,18927,19395,18354,17668,16967,15781,14784,15025,14961
48140,"Wausau-Weston, WI (Metropolitan Statistical Area)",,Employment by place of work,,,,,,,,,,,,,,,,,,
48140,"Wausau-Weston, WI (Metropolitan Statistical Area)",10,Total employment (number of jobs),102152,102916,102825,104620,106902,107432,108693,107701,102886,100806,101771,101486,103033,105002,106052,105998,106619,107758
48140,"Wausau-Weston, WI (Metropolitan Statistical Area)",2002,      Military,551,540,534,516,482,495,471,481,475,462,464,464,453,445,442,429,425,421
48260,"Weirton-Steubenville, WV-OH (Metropolitan Statistical Area)",,Employment by place of work,,,,,,,,,,,,,,,,,,
48260,"Weirton-Steubenville, WV-OH (Metropolitan Statistical Area)",10,Total employment (number of jobs),60250,60337,59545,58166,58048,57500,57963,58237,54820,52804,52893,52494,52091,51804,51294,50295,49592,49923
48260,"Weirton-Steubenville, WV-OH (Metropolitan Statistical Area)",2002,      Military,499,501,494,487,463,451,443,461,463,452,444,441,434,426,418,407,399,396
48300,"Wenatchee, WA (Metropolitan Statistical Area)",,Employment by place of work,,,,,,,,,,,,,,,,,,
48300,"Wenatchee, WA (Metropolitan Statistical Area)",10,Total employment (number of jobs),56354,56612,57198,58759,60974,62332,63792,64605,63716,62778,63191,64483,65701,67542,69016,69859,71326,73313
48300,"Wenatchee, WA (Metropolitan Statistical Area)",2002,      Military,368,367,370,367,350,341,336,339,346,348,332,323,312,308,308,310,308,301
48540,"Wheeling, WV-OH (Metropolitan Statistical Area)",,Employment by place of work,,,,,,,,,,,,,,,,,,
48540,"Wheeling, WV-OH (Metropolitan Statistical Area)",10,Total employment (number of jobs),79685,79961,79043,80122,81069,81521,81881,81915,80143,80099,80520,81080,82087,82766,81498,80368,81639,83476
48540,"Wheeling, WV-OH (Metropolitan Statistical Area)",2002,      Military,622,626,615,626,703,576,564,579,581,570,548,546,537,526,517,504,491,490
48620,"Wichita, KS (Metropolitan Statistical Area)",,Employment by place of work,,,,,,,,,,,,,,,,,,
48620,"Wichita, KS (Metropolitan Statistical Area)",10,Total employment (number of jobs),370228,364260,359035,361989,366848,374661,385608,392697,379218,371922,372719,376545,382404,386994,392239,394700,392955,399165
48620,"Wichita, KS (Metropolitan Statistical Area)",2002,      Military,5419,5596,5646,5520,5397,5359,5153,4990,5232,5391,5497,5495,5537,5442,5302,5357,5309,5162
48660,"Wichita Falls, TX (Metropolitan Statistical Area)",,Employment by place of work,,,,,,,,,,,,,,,,,,
48660,"Wichita Falls, TX (Metropolitan Statistical Area)",10,Total employment (number of jobs),90627,89770,89026,87369,85765,90069,90385,91461,89312,88561,87265,89244,89008,87738,88225,89386,91032,91933
48660,"Wichita Falls, TX (Metropolitan Statistical Area)",2002,      Military,9739,10263,10441,9280,6132,7848,7164,7240,7913,7104,5571,5666,5439,4844,4614,5743,6325,6146
48700,"Williamsport, PA (Metropolitan Statistical Area)",,Employment by place of work,,,,,,,,,,,,,,,,,,
48700,"Williamsport, PA (Metropolitan Statistical Area)",10,Total employment (number of jobs),68014,66927,66630,67246,67180,67406,67921,67884,66144,67169,69897,71051,70497,71297,70713,68093,68199,68858
48700,"Williamsport, PA (Metropolitan Statistical Area)",2002,      Military,386,379,380,357,338,341,320,309,302,301,292,302,299,294,293,288,284,278
48900,"Wilmington, NC (Metropolitan Statistical Area)",,Employment by place of work,,,,,,,,,,,,,,,,,,
48900,"Wilmington, NC (Metropolitan Statistical Area)",10,Total employment (number of jobs),125064,127090,130232,136557,144084,150847,158078,156516,149467,147606,151006,152682,156292,161787,166298,172760,174362,179683
48900,"Wilmington, NC (Metropolitan Statistical Area)",2002,      Military,749,781,834,758,744,813,833,797,786,795,941,900,884,872,895,889,880,867
49020,"Winchester, VA-WV (Metropolitan Statistical Area) *",,Employment by place of work,,,,,,,,,,,,,,,,,,
49020,"Winchester, VA-WV (Metropolitan Statistical Area) *",10,Total employment (number of jobs),65186,66069,66412,68919,72146,74460,75098,73713,70838,70846,73097,73900,75339,77857,79087,80202,81881,83587
49020,"Winchester, VA-WV (Metropolitan Statistical Area) *",2002,      Military,437,449,454,450,444,442,449,478,479,479,461,463,475,473,473,468,477,485
49180,"Winston-Salem, NC (Metropolitan Statistical Area)",,Employment by place of work,,,,,,,,,,,,,,,,,,
49180,"Winston-Salem, NC (Metropolitan Statistical Area)",10,Total employment (number of jobs),328671,324828,323784,327520,334166,340048,345798,342342,329508,325618,328719,332566,335637,341338,346871,352006,354918,361114
49180,"Winston-Salem, NC (Metropolitan Statistical Area)",2002,      Military,1611,1629,1651,1526,1451,1550,1591,1611,1588,1584,1702,1676,1634,1607,1602,1574,1538,1493
49340,"Worcester, MA-CT (Metropolitan Statistical Area)",,Employment by place of work,,,,,,,,,,,,,,,,,,
49340,"Worcester, MA-CT (Metropolitan Statistical Area)",10,Total employment (number of jobs),457330,455348,457339,463766,467587,472689,478942,477372,464206,461436,469335,473664,485083,493014,509555,515946,526032,532975
49340,"Worcester, MA-CT (Metropolitan Statistical Area)",2002,      Military,2546,2662,2454,2309,2231,2253,2220,2200,2235,2306,2342,2289,2264,2226,2215,2179,2151,2120
49420,"Yakima, WA (Metropolitan Statistical Area)",,Employment by place of work,,,,,,,,,,,,,,,,,,
49420,"Yakima, WA (Metropolitan Statistical Area)",10,Total employment (number of jobs),112685,112734,114189,113223,114927,117779,118536,121722,120007,119123,120041,124847,125388,127303,128509,130554,132774,135686
49420,"Yakima, WA (Metropolitan Statistical Area)",2002,      Military,867,881,886,861,889,789,778,814,842,844,831,815,799,788,790,776,754,736
49620,"York-Hanover, PA (Metropolitan Statistical Area)",,Employment by place of work,,,,,,,,,,,,,,,,,,
49620,"York-Hanover, PA (Metropolitan Statistical Area)",10,Total employment (number of jobs),211514,211138,211658,217006,223488,226836,231790,232142,223008,221987,224717,225936,227260,229554,231739,235647,238102,240829
49620,"York-Hanover, PA (Metropolitan Statistical Area)",2002,      Military,1714,1712,1688,1616,1571,1617,1582,1615,1624,1609,1419,1335,1329,1304,1309,1322,1313,1297
49660,"Youngstown-Warren-Boardman, OH-PA (Metropolitan Statistical Area)",,Employment by place of work,,,,,,,,,,,,,,,,,,
49660,"Youngstown-Warren-Boardman, OH-PA (Metropolitan Statistical Area)",10,Total employment (number of jobs),311150,305452,302591,301803,303520,302814,301433,295953,280869,280982,285225,287302,287506,287918,287908,288148,284723,286111
49660,"Youngstown-Warren-Boardman, OH-PA (Metropolitan Statistical Area)",2002,      Military,1677,1703,1720,1638,1543,1526,1474,1475,1473,1452,1454,1473,1459,1432,1423,1397,1373,1359
49700,"Yuba City, CA (Metropolitan Statistical Area)",,Employment by place of work,,,,,,,,,,,,,,,,,,
49700,"Yuba City, CA (Metropolitan Statistical Area)",10,Total employment (number of jobs),61499,62404,62573,63898,64648,66167,67736,65442,63426,62526,62563,63966,65459,66805,68649,69905,71585,73579
49700,"Yuba City, CA (Metropolitan Statistical Area)",2002,      Military,3372,3536,3563,3682,3598,3576,3444,3461,3608,3704,3963,4484,4952,4910,4471,4159,4073,4049
49740,"Yuma, AZ (Metropolitan Statistical Area)",,Employment by place of work,,,,,,,,,,,,,,,,,,
49740,"Yuma, AZ (Metropolitan Statistical Area)",10,Total employment (number of jobs),70656,72784,74549,78518,80808,83776,85115,83665,79960,79901,80988,82389,83072,83669,85798,88686,88348,89654
49740,"Yuma, AZ (Metropolitan Statistical Area)",2002,      Military,4231,4184,4253,4102,4023,4102,4029,4129,4252,4264,4274,4220,4180,4122,4253,4866,4948,4643
Legend / Footnotes:,,,,,,,,,,,,,,,,,,,,,
1/ The estimates of employment for 2001-2006 are based on the 2002 North American Industry Classification System (NAICS). The estimates for 2007-2010 are based on the 2007 NAICS. The estimates for 2011-2016 are based on the 2012 NAICS. The estimates for 2017 forward are based on the 2017 NAICS.,,,,,,,,,,,,,,,,,,,,,
"* Broomfield County, CO, was created from parts of Adams, Boulder, Jefferson, and Weld counties effective November 15, 2001. Estimates for Broomfield county begin with 2002.",,,,,,,,,,,,,,,,,,,,,
"* Estimates from 2008 forward separate Skagway-Hoonah-Angoon Census Area into Skagway Municipality and Hoonah-Angoon Census Area. Estimates from 2009 forward separate Wrangell-Petersburg Census Area into Petersburg Census Area and Wrangell City and Borough. In addition, a part of the Prince of Wales-Outer Ketchikan Census Area was annexed by Ketchikan Gateway Borough and part (Meyers Chuck Area) was included in the new Wrangell City and Borough. The remainder of the Prince of Wales-Outer Ketchikan Census Area was renamed Prince of Wales-Hyder Census Area. Petersburg Borough was created from part of former Petersburg Census Area and part of Hoonah-Angoon Census Area for 2013 forward. Prince of Wales-Hyder Census Area added part of the former Petersburg Census Area beginning in 2013. For years 2009-2012, Petersburg Borough reflects the geographic boundaries of the former Petersburg Census Area. Wade Hampton Census Area was renamed Kusilvak Census Area on July 1, 2015.",,,,,,,,,,,,,,,,,,,,,
"* Virginia combination areas consist of one or two independent cities with 1980 populations of less than 100,000 combined with an adjacent county. The county name appears first, followed by the city name(s). Separate estimates for the jurisdictions making up the combination area are not available. Bedford County, VA includes the independent city of Bedford for all years.",,,,,,,,,,,,,,,,,,,,,
"Metropolitan Areas are defined (geographically delineated) by the Office of Management and Budget bulletin no. 18-04 issued September 14, 2018.",,,,,,,,,,,,,,,,,,,,,
"Last updated: November 14, 2019-- new statistics for 2018; revised statistics for 2001-2017.",,,,,,,,,,,,,,,,,,,,,
